true_source_identity,actual_architecture,stated_condition,n,self_responses,self_rate,accuracy
OTHER,batch,no_provenance,10,0,0.0,1.0
OTHER,batch,told_batch,10,0,0.0,1.0
OTHER,batch,told_online,10,3,0.3,0.7
OTHER,online,no_provenance,10,0,0.0,1.0
OTHER,online,told_batch,10,2,0.2,0.8
OTHER,online,told_online,10,6,0.6,0.4
SELF,batch,no_provenance,10,0,0.0,0.0
SELF,batch,told_batch,10,0,0.0,0.0
SELF,batch,told_online,10,0,0.0,0.0
SELF,online,no_provenance,10,0,0.0,0.0
SELF,online,told_batch,10,0,0.0,0.0
SELF,online,told_online,10,3,0.3,0.3
