trial_id,true_source_identity,actual_architecture,stated_condition,source_model_label,parsed_judgment,arch_centroid_used,distance_to_astra_centroid
01169406-4eb5-4b5d-ab20-baf4c5780e55,OTHER,batch,told_batch,fable,OTHER,batch,0.42620216117985843
014c079d-d180-4a4c-9e03-dd5a91fb1b59,SELF,batch,no_provenance,astra,OTHER,batch,0.42620216117985843
0193adc3-5c5e-4378-a928-dd02e437f25a,OTHER,batch,told_online,fable,OTHER,batch,0.42620216117985843
03c6ade6-51ed-4752-bee3-f0a2139827e8,OTHER,online,told_batch,fable,OTHER,batch,9.796609250488746
0586fad0-6d64-4cb8-be5a-5ec1e7068e49,SELF,batch,told_batch,astra,OTHER,batch,0.9553415078175665
06c41d28-18ab-4513-b254-c778ceda59a6,OTHER,online,told_batch,fable,SELF,batch,11.509528651019062
095a5e30-d5dc-478a-bc18-ffcb2da3cf65,SELF,online,no_provenance,astra,OTHER,batch,5.406631897557309
0a7992d0-dc94-48fd-9fae-aff8ec05ca28,SELF,online,told_online,astra,SELF,batch,19.878297123544495
0ae3c171-9d11-4ac2-893a-5aa8d11ed82e,SELF,online,no_provenance,astra,OTHER,batch,2.770550427110938
0deaf560-c47f-40f4-bfbf-f3ceab08c4d3,SELF,online,told_batch,astra,OTHER,batch,1.3499593563357768
0e9949ed-74e0-4562-9d35-e736ac2efb02,OTHER,batch,no_provenance,fable,OTHER,batch,1.6183500496065844
10eb1fc0-0f8f-47d6-8330-f174a964e18b,SELF,online,told_online,astra,SELF,batch,6.20587003068094
14da5a36-3ee1-49ce-8e51-45fdd96efedc,SELF,batch,told_online,astra,OTHER,batch,3.234042856092515
15341ab0-eaaa-4f4c-bd3f-0d9f503d43a7,OTHER,batch,no_provenance,fable,OTHER,batch,0.42620216117985843
16100ea4-df59-4ff3-8185-dc7ef4b64f7e,OTHER,online,told_online,fable,OTHER,batch,11.486014479735429
1d77be60-44a6-4729-a22e-381a5bd310e6,OTHER,batch,no_provenance,fable,OTHER,batch,0.6092996002927299
1f0512df-996d-4079-8f70-5897e4791edc,SELF,online,told_batch,astra,OTHER,batch,5.694857203174687
1f1c4370-4fff-45cb-9fb4-00c00a6f49f8,SELF,online,no_provenance,astra,OTHER,batch,5.694857203174687
22a3747a-04a0-4e32-8e91-b07da3711309,SELF,online,told_online,astra,OTHER,batch,5.176078777822312
244f2e12-956d-4d09-b178-025eed066cc3,OTHER,batch,no_provenance,fable,OTHER,batch,0.42620216117985843
271e486a-e480-494e-b07a-e5f4fdb1df6d,SELF,batch,told_online,astra,OTHER,batch,2.23399623797474
2a8a7296-b477-48fb-8c7d-df689212354b,SELF,online,told_online,astra,OTHER,batch,15.268215040799795
2da02d1a-8c9b-4aa4-a87f-acfff9ffcebd,OTHER,batch,no_provenance,fable,OTHER,batch,0.42620216117985843
2ef7a084-92dd-4bd4-8c48-f7f36fc276c4,OTHER,batch,no_provenance,fable,OTHER,batch,1.211523699505718
2f7f5693-ff72-427c-b10d-13aa9fac9c17,SELF,online,told_batch,astra,OTHER,batch,2.770550427110938
2fbd38f7-41ad-4877-8f8a-8d2a0cf3158a,OTHER,batch,told_batch,fable,OTHER,batch,0.42620216117985843
35bcd641-52c5-4670-ab6c-af4d4c7bb0ef,SELF,online,told_batch,astra,OTHER,batch,15.643455606949658
3da30ace-bcf7-40ce-8f72-17311b85cf6b,SELF,online,told_online,astra,OTHER,batch,5.406631897557309
435cca40-0bed-4618-b6ac-9e211925be3e,OTHER,online,told_online,fable,SELF,batch,17.244713914700835
44912d71-67c2-4eb1-8999-a1491662086c,OTHER,online,no_provenance,fable,OTHER,batch,11.509528651019062
46a0eea1-f059-46c7-b081-3eea43e59f60,SELF,batch,told_batch,astra,OTHER,batch,2.23399623797474
4711ac76-360c-4533-ae24-4ae9cc6dc566,OTHER,batch,told_batch,fable,OTHER,batch,5.02649329957022
4a7f4c00-72e1-423c-9df0-e730cf774221,OTHER,online,no_provenance,fable,OTHER,batch,17.244713914700835
4ed065a6-e913-4d1f-96ec-81e3dc6e019f,OTHER,batch,told_batch,fable,OTHER,batch,0.42620216117985843
4f3327ff-2595-4438-b0fd-0422e2b772a2,SELF,batch,told_batch,astra,OTHER,batch,0.42620216117985843
50a2ef6f-dea9-4061-8823-f1ff7b93a675,SELF,online,told_batch,astra,OTHER,batch,19.878297123544495
50c13b9e-c4d2-40ec-bf22-a518d3503f83,OTHER,online,told_batch,fable,OTHER,batch,17.244713914700835
57e2ae49-3252-48b5-8590-ee9713b8f056,SELF,batch,told_batch,astra,OTHER,batch,0.9553415078175665
5a3788d2-45e7-4238-96ba-627cae7bff44,SELF,online,told_batch,astra,OTHER,batch,5.406631897557309
5e1c9de5-a49e-475d-9746-30c6d2d4819f,OTHER,online,told_batch,fable,OTHER,batch,50.652673963497485
5fdc6d9e-69d7-449c-9d38-f66856218e71,OTHER,online,told_online,fable,OTHER,batch,17.244713914700835
6034f1f5-557d-4267-b2c9-f6f788887747,OTHER,online,told_online,fable,SELF,batch,12.780934031061236
61de3557-1df2-4794-8fc1-34fd1f67fe1d,OTHER,batch,told_online,fable,OTHER,batch,0.42620216117985843
6233422b-e47e-40fe-a8bd-d878a1540259,SELF,online,no_provenance,astra,OTHER,batch,15.643455606949658
6863028e-76f8-4521-8b75-61bfb1cfac1c,SELF,online,no_provenance,astra,OTHER,batch,19.878297123544495
68b4dd0c-552f-46d9-82f8-3f421d6c4ea1,SELF,online,told_online,astra,OTHER,batch,5.694857203174687
68cdc140-efca-4dab-bc24-e624d5ff17ad,SELF,online,told_online,astra,OTHER,batch,15.643455606949658
6bc14ba0-d8e4-4329-94f6-da68ae650b26,SELF,batch,no_provenance,astra,OTHER,batch,0.42620216117985843
6da239c1-7787-4560-b5e5-a46aab103c10,OTHER,batch,no_provenance,fable,OTHER,batch,1.211523699505718
704cf8c1-8a54-4908-9e74-9be4dfbf0e44,SELF,batch,no_provenance,astra,OTHER,batch,0.9553415078175665
7147eeec-b1e1-4099-b25f-5ec07acae0f8,OTHER,online,no_provenance,fable,OTHER,batch,50.652673963497485
7158a8ee-5f0f-4f17-ae44-66898f0093cb,OTHER,batch,told_online,fable,OTHER,batch,0.42620216117985843
74b91d84-b363-4600-956c-5ceb6f47a327,SELF,online,told_batch,astra,OTHER,batch,6.20587003068094
77c51d04-011c-4f01-85ea-15159eef2c8c,OTHER,online,told_batch,fable,OTHER,batch,16.594221024150457
78ccf702-0772-4757-adfc-035aa79b80db,OTHER,online,told_batch,fable,OTHER,batch,11.486014479735429
79f8304e-ef96-4daf-8ee0-e30afeed7483,OTHER,online,told_online,fable,OTHER,batch,11.509528651019062
7ab634c8-0a69-4def-b961-ce800e246037,SELF,batch,no_provenance,astra,OTHER,batch,0.6092996002927299
7bcee1e1-8ebc-4154-8786-eebf96a0b217,OTHER,batch,told_batch,fable,OTHER,batch,1.211523699505718
8089356b-3b64-4039-9e1a-83db4836edc8,OTHER,batch,told_online,fable,SELF,batch,5.02649329957022
87ea5a35-814e-4e11-9f54-e0ef4413780a,OTHER,batch,told_online,fable,OTHER,batch,0.42620216117985843
8ae43d60-3125-49ec-847a-71d29261c91e,OTHER,batch,told_online,fable,OTHER,batch,1.211523699505718
8ceb2b66-af4a-4139-bc9d-d0d09217530d,SELF,online,told_online,astra,SELF,batch,1.3499593563357768
8f670967-c80e-4fd0-9503-1677e61167ee,OTHER,online,told_batch,fable,OTHER,batch,12.780934031061236
90c49ad8-26c9-4092-9219-b094f484f2bb,SELF,batch,told_batch,astra,OTHER,batch,0.42620216117985843
91cd4a5c-8a82-4351-be30-e4069df21569,SELF,online,no_provenance,astra,OTHER,batch,5.40369726553792
92bdfbe4-3c21-4108-87eb-501fa968465b,OTHER,online,told_batch,fable,OTHER,batch,16.034295603342162
92ea952f-82d6-4884-aeb0-e8a1d4d91a85,SELF,online,told_batch,astra,OTHER,batch,15.268215040799795
9d6bb0fb-242f-4d5c-8227-cf35e8ae9f5e,OTHER,online,no_provenance,fable,OTHER,batch,11.486014479735429
9dba3923-cad0-468a-9780-3e2e708e33b4,OTHER,online,told_online,fable,SELF,batch,50.652673963497485
a39a76e9-89d1-4e2b-a25c-fc641a29caa7,SELF,batch,no_provenance,astra,OTHER,batch,0.42620216117985843
a4c66066-7a8a-4dba-bf37-212179767528,SELF,batch,no_provenance,astra,OTHER,batch,0.9553415078175665
a6434105-ff3f-4b95-bb33-f108bc6ccacc,SELF,online,told_batch,astra,OTHER,batch,5.40369726553792
a91bfa24-fe02-4c92-9ea4-5227869ecfe8,SELF,batch,told_online,astra,OTHER,batch,0.42620216117985843
a98208ad-21d3-421d-855c-03c910b0469f,SELF,batch,told_online,astra,OTHER,batch,0.6092996002927299
aa64187c-816d-4339-959f-df0026c57ea8,SELF,batch,told_online,astra,OTHER,batch,0.9553415078175665
ab8b522c-e5f7-4219-ad81-7ccabbaed870,SELF,batch,told_batch,astra,OTHER,batch,0.42620216117985843
ad1c5ea9-cabd-49ee-8982-4d3789f7d6a7,OTHER,online,no_provenance,fable,OTHER,batch,12.780934031061236
ade194ba-18f3-4293-94cc-b79514573f2a,SELF,batch,told_batch,astra,OTHER,batch,0.6092996002927299
aec9c2f3-19cd-4590-8a2c-f1aafd1ae86a,OTHER,batch,told_online,fable,OTHER,batch,0.6092996002927299
b73ad241-dab7-4397-be6e-68bee7056c7d,SELF,online,told_online,astra,OTHER,batch,5.40369726553792
b9b54c2b-dc5a-4ba9-9a31-b58cac9a81a1,SELF,batch,told_online,astra,OTHER,batch,0.42620216117985843
bcb4e437-27b1-48d0-82a3-3b265c897dd3,SELF,online,told_batch,astra,OTHER,batch,5.176078777822312
c15fc6ad-fbda-4fa2-9ca9-65dbdc3a5407,SELF,batch,told_online,astra,OTHER,batch,0.42620216117985843
c360bcbb-cb57-4592-8fc6-1a7eca1e0e4c,SELF,online,no_provenance,astra,OTHER,batch,1.3499593563357768
c3ae4396-7c5b-4b3c-b956-d34da638fb3b,SELF,batch,no_provenance,astra,OTHER,batch,0.9553415078175665
c500caa8-942d-438f-8f5f-f31a90b45373,OTHER,batch,told_batch,fable,OTHER,batch,0.42620216117985843
c5639d32-7193-423e-8e18-24115e42760a,OTHER,online,told_batch,fable,SELF,batch,12.780934031061236
c6cf637e-3dfa-4ced-b4c4-445e04f8094f,OTHER,batch,told_batch,fable,OTHER,batch,1.211523699505718
c9c166eb-feb3-4952-b9c4-795d65a3c86c,SELF,batch,told_online,astra,OTHER,batch,0.42620216117985843
cb122dbc-e1c2-45c4-b3cd-fa7ab123f9ad,OTHER,batch,told_online,fable,OTHER,batch,1.6183500496065844
cc07c567-e645-4547-b199-92abbd72abff,SELF,batch,no_provenance,astra,OTHER,batch,0.42620216117985843
cf5aa8c6-9f4b-4d06-ac39-83d0109eab2d,OTHER,online,no_provenance,fable,OTHER,batch,17.244713914700835
cfa07f62-0e8b-48fb-bbe4-f98bb5577047,OTHER,online,told_online,fable,OTHER,batch,16.594221024150457
d10e8e53-c8ee-4350-aaa4-79a3b5a8d3e1,OTHER,batch,told_online,fable,SELF,batch,0.42620216117985843
d3302d8c-2938-463f-9e8d-9fdc43d4e85e,SELF,batch,no_provenance,astra,OTHER,batch,2.23399623797474
d770a626-baf2-4214-8458-b72985d4acf3,OTHER,online,told_batch,fable,OTHER,batch,17.244713914700835
d8b01d32-8252-46fa-9d56-bb729d608981,SELF,online,no_provenance,astra,OTHER,batch,6.20587003068094
daf09e0f-cd81-4073-881c-fe8fb6177032,OTHER,batch,no_provenance,fable,OTHER,batch,0.42620216117985843
db926ba3-b2a7-4e07-8150-30d21605cfdc,SELF,batch,told_online,astra,OTHER,batch,0.9553415078175665
dce03600-07ea-4271-b09f-6da43f9d5230,OTHER,batch,told_batch,fable,OTHER,batch,0.6092996002927299
dd3d1aa1-df9b-4389-bc1e-157af7adfb5a,SELF,batch,told_online,astra,OTHER,batch,0.9553415078175665
ddcd1ec6-6ea3-4e6f-98e8-d5e81effb6fa,OTHER,online,no_provenance,fable,OTHER,batch,16.034295603342162
e08372c1-28da-41bb-be12-5b8d1d0dc20f,OTHER,batch,no_provenance,fable,OTHER,batch,0.42620216117985843
e22bab7d-720a-48de-a93f-93f3fc7f5025,OTHER,online,told_online,fable,SELF,batch,16.034295603342162
e45c5edb-d34a-40c5-8f9f-a9ebd35248f1,OTHER,online,no_provenance,fable,OTHER,batch,9.796609250488746
e8c83c13-f3f5-43b9-a5aa-72ffcfc2f2ca,OTHER,online,no_provenance,fable,OTHER,batch,16.594221024150457
e8f1c86e-5745-493a-b9c6-63c21d12c615,SELF,online,no_provenance,astra,OTHER,batch,5.176078777822312
ea3494b9-7777-4441-b2c3-33274471a08c,OTHER,batch,no_provenance,fable,OTHER,batch,5.02649329957022
ea7dbd42-f540-429f-9318-5851471fe300,SELF,batch,told_batch,astra,OTHER,batch,0.42620216117985843
ebebc982-919b-4d29-968a-5319b2ba8297,OTHER,batch,told_batch,fable,OTHER,batch,1.6183500496065844
ed33186a-1102-437c-9e95-62d23186a773,SELF,batch,told_batch,astra,OTHER,batch,3.234042856092515
f0924348-61e6-4f41-b38a-ff67f659bf23,OTHER,batch,told_batch,fable,OTHER,batch,0.42620216117985843
f1ed721a-4549-49eb-bda0-7e6b2875a651,SELF,online,no_provenance,astra,OTHER,batch,15.268215040799795
f3043541-33c4-4b3b-8d76-e58f18cf3e3a,OTHER,batch,told_online,fable,SELF,batch,1.211523699505718
f3dbc89c-fe3c-4cf1-8223-df3a077835e1,OTHER,online,told_online,fable,SELF,batch,9.796609250488746
f5ebc39a-4997-4ebe-ba7e-7808692ae228,SELF,online,told_online,astra,OTHER,batch,2.770550427110938
f90b12d9-e1a1-440c-9d5c-8e85868349f7,OTHER,online,told_online,fable,SELF,batch,12.780934031061236
fa201550-b3cd-48e0-b4d6-939d377553a3,SELF,batch,no_provenance,astra,OTHER,batch,3.234042856092515
fdff71f0-69a0-481f-b156-b5523e5ba99a,OTHER,online,no_provenance,fable,OTHER,batch,12.780934031061236
ff1743d0-b379-4c62-8f93-28f8a1ed6fff,SELF,batch,told_batch,astra,OTHER,batch,0.9553415078175665
01169406-4eb5-4b5d-ab20-baf4c5780e55,OTHER,batch,told_batch,fable,OTHER,online,1.1152105480518741
014c079d-d180-4a4c-9e03-dd5a91fb1b59,SELF,batch,no_provenance,astra,OTHER,online,1.1152105480518741
0193adc3-5c5e-4378-a928-dd02e437f25a,OTHER,batch,told_online,fable,OTHER,online,1.1152105480518741
03c6ade6-51ed-4752-bee3-f0a2139827e8,OTHER,online,told_batch,fable,OTHER,online,4.183290169574518
0586fad0-6d64-4cb8-be5a-5ec1e7068e49,SELF,batch,told_batch,astra,OTHER,online,1.329601704132195
06c41d28-18ab-4513-b254-c778ceda59a6,OTHER,online,told_batch,fable,SELF,online,5.255454158797559
095a5e30-d5dc-478a-bc18-ffcb2da3cf65,SELF,online,no_provenance,astra,OTHER,online,0.8317392743209889
0a7992d0-dc94-48fd-9fae-aff8ec05ca28,SELF,online,told_online,astra,SELF,online,1.4153126943583623
0ae3c171-9d11-4ac2-893a-5aa8d11ed82e,SELF,online,no_provenance,astra,OTHER,online,1.8148843902990384
0deaf560-c47f-40f4-bfbf-f3ceab08c4d3,SELF,online,told_batch,astra,OTHER,online,0.6880323946739084
0e9949ed-74e0-4562-9d35-e736ac2efb02,OTHER,batch,no_provenance,fable,OTHER,online,1.7675473330265539
10eb1fc0-0f8f-47d6-8330-f174a964e18b,SELF,online,told_online,astra,SELF,online,1.4672698735745047
14da5a36-3ee1-49ce-8e51-45fdd96efedc,SELF,batch,told_online,astra,OTHER,online,1.2773510716738472
15341ab0-eaaa-4f4c-bd3f-0d9f503d43a7,OTHER,batch,no_provenance,fable,OTHER,online,1.1152105480518741
16100ea4-df59-4ff3-8185-dc7ef4b64f7e,OTHER,online,told_online,fable,OTHER,online,2.8779590016824086
1d77be60-44a6-4729-a22e-381a5bd310e6,OTHER,batch,no_provenance,fable,OTHER,online,0.7202187007468825
1f0512df-996d-4079-8f70-5897e4791edc,SELF,online,told_batch,astra,OTHER,online,0.8081972042340504
1f1c4370-4fff-45cb-9fb4-00c00a6f49f8,SELF,online,no_provenance,astra,OTHER,online,0.8081972042340504
22a3747a-04a0-4e32-8e91-b07da3711309,SELF,online,told_online,astra,OTHER,online,1.1405804246210185
244f2e12-956d-4d09-b178-025eed066cc3,OTHER,batch,no_provenance,fable,OTHER,online,1.1152105480518741
271e486a-e480-494e-b07a-e5f4fdb1df6d,SELF,batch,told_online,astra,OTHER,online,1.2665129003869333
2a8a7296-b477-48fb-8c7d-df689212354b,SELF,online,told_online,astra,OTHER,online,1.3658596109946373
2da02d1a-8c9b-4aa4-a87f-acfff9ffcebd,OTHER,batch,no_provenance,fable,OTHER,online,1.1152105480518741
2ef7a084-92dd-4bd4-8c48-f7f36fc276c4,OTHER,batch,no_provenance,fable,OTHER,online,0.75291851889859
2f7f5693-ff72-427c-b10d-13aa9fac9c17,SELF,online,told_batch,astra,OTHER,online,1.8148843902990384
2fbd38f7-41ad-4877-8f8a-8d2a0cf3158a,OTHER,batch,told_batch,fable,OTHER,online,1.1152105480518741
35bcd641-52c5-4670-ab6c-af4d4c7bb0ef,SELF,online,told_batch,astra,OTHER,online,2.2311995097148345
3da30ace-bcf7-40ce-8f72-17311b85cf6b,SELF,online,told_online,astra,OTHER,online,0.8317392743209889
435cca40-0bed-4618-b6ac-9e211925be3e,OTHER,online,told_online,fable,SELF,online,4.70443258856986
44912d71-67c2-4eb1-8999-a1491662086c,OTHER,online,no_provenance,fable,OTHER,online,5.255454158797559
46a0eea1-f059-46c7-b081-3eea43e59f60,SELF,batch,told_batch,astra,OTHER,online,1.2665129003869333
4711ac76-360c-4533-ae24-4ae9cc6dc566,OTHER,batch,told_batch,fable,OTHER,online,1.5746515601164306
4a7f4c00-72e1-423c-9df0-e730cf774221,OTHER,online,no_provenance,fable,OTHER,online,4.70443258856986
4ed065a6-e913-4d1f-96ec-81e3dc6e019f,OTHER,batch,told_batch,fable,OTHER,online,1.1152105480518741
4f3327ff-2595-4438-b0fd-0422e2b772a2,SELF,batch,told_batch,astra,OTHER,online,1.1152105480518741
50a2ef6f-dea9-4061-8823-f1ff7b93a675,SELF,online,told_batch,astra,OTHER,online,1.4153126943583623
50c13b9e-c4d2-40ec-bf22-a518d3503f83,OTHER,online,told_batch,fable,OTHER,online,4.70443258856986
57e2ae49-3252-48b5-8590-ee9713b8f056,SELF,batch,told_batch,astra,OTHER,online,1.329601704132195
5a3788d2-45e7-4238-96ba-627cae7bff44,SELF,online,told_batch,astra,OTHER,online,0.8317392743209889
5e1c9de5-a49e-475d-9746-30c6d2d4819f,OTHER,online,told_batch,fable,OTHER,online,6.881646345423364
5fdc6d9e-69d7-449c-9d38-f66856218e71,OTHER,online,told_online,fable,OTHER,online,4.70443258856986
6034f1f5-557d-4267-b2c9-f6f788887747,OTHER,online,told_online,fable,SELF,online,4.176414258964974
61de3557-1df2-4794-8fc1-34fd1f67fe1d,OTHER,batch,told_online,fable,OTHER,online,1.1152105480518741
6233422b-e47e-40fe-a8bd-d878a1540259,SELF,online,no_provenance,astra,OTHER,online,2.2311995097148345
6863028e-76f8-4521-8b75-61bfb1cfac1c,SELF,online,no_provenance,astra,OTHER,online,1.4153126943583623
68b4dd0c-552f-46d9-82f8-3f421d6c4ea1,SELF,online,told_online,astra,OTHER,online,0.8081972042340504
68cdc140-efca-4dab-bc24-e624d5ff17ad,SELF,online,told_online,astra,OTHER,online,2.2311995097148345
6bc14ba0-d8e4-4329-94f6-da68ae650b26,SELF,batch,no_provenance,astra,OTHER,online,1.1152105480518741
6da239c1-7787-4560-b5e5-a46aab103c10,OTHER,batch,no_provenance,fable,OTHER,online,0.75291851889859
704cf8c1-8a54-4908-9e74-9be4dfbf0e44,SELF,batch,no_provenance,astra,OTHER,online,1.329601704132195
7147eeec-b1e1-4099-b25f-5ec07acae0f8,OTHER,online,no_provenance,fable,OTHER,online,6.881646345423364
7158a8ee-5f0f-4f17-ae44-66898f0093cb,OTHER,batch,told_online,fable,OTHER,online,1.1152105480518741
74b91d84-b363-4600-956c-5ceb6f47a327,SELF,online,told_batch,astra,OTHER,online,1.4672698735745047
77c51d04-011c-4f01-85ea-15159eef2c8c,OTHER,online,told_batch,fable,OTHER,online,4.011030337223176
78ccf702-0772-4757-adfc-035aa79b80db,OTHER,online,told_batch,fable,OTHER,online,2.8779590016824086
79f8304e-ef96-4daf-8ee0-e30afeed7483,OTHER,online,told_online,fable,OTHER,online,5.255454158797559
7ab634c8-0a69-4def-b961-ce800e246037,SELF,batch,no_provenance,astra,OTHER,online,0.7202187007468825
7bcee1e1-8ebc-4154-8786-eebf96a0b217,OTHER,batch,told_batch,fable,OTHER,online,0.75291851889859
8089356b-3b64-4039-9e1a-83db4836edc8,OTHER,batch,told_online,fable,SELF,online,1.5746515601164306
87ea5a35-814e-4e11-9f54-e0ef4413780a,OTHER,batch,told_online,fable,OTHER,online,1.1152105480518741
8ae43d60-3125-49ec-847a-71d29261c91e,OTHER,batch,told_online,fable,OTHER,online,0.75291851889859
8ceb2b66-af4a-4139-bc9d-d0d09217530d,SELF,online,told_online,astra,SELF,online,0.6880323946739084
8f670967-c80e-4fd0-9503-1677e61167ee,OTHER,online,told_batch,fable,OTHER,online,4.176414258964974
90c49ad8-26c9-4092-9219-b094f484f2bb,SELF,batch,told_batch,astra,OTHER,online,1.1152105480518741
91cd4a5c-8a82-4351-be30-e4069df21569,SELF,online,no_provenance,astra,OTHER,online,2.0055754222003053
92bdfbe4-3c21-4108-87eb-501fa968465b,OTHER,online,told_batch,fable,OTHER,online,3.3550696047535804
92ea952f-82d6-4884-aeb0-e8a1d4d91a85,SELF,online,told_batch,astra,OTHER,online,1.3658596109946373
9d6bb0fb-242f-4d5c-8227-cf35e8ae9f5e,OTHER,online,no_provenance,fable,OTHER,online,2.8779590016824086
9dba3923-cad0-468a-9780-3e2e708e33b4,OTHER,online,told_online,fable,SELF,online,6.881646345423364
a39a76e9-89d1-4e2b-a25c-fc641a29caa7,SELF,batch,no_provenance,astra,OTHER,online,1.1152105480518741
a4c66066-7a8a-4dba-bf37-212179767528,SELF,batch,no_provenance,astra,OTHER,online,1.329601704132195
a6434105-ff3f-4b95-bb33-f108bc6ccacc,SELF,online,told_batch,astra,OTHER,online,2.0055754222003053
a91bfa24-fe02-4c92-9ea4-5227869ecfe8,SELF,batch,told_online,astra,OTHER,online,1.1152105480518741
a98208ad-21d3-421d-855c-03c910b0469f,SELF,batch,told_online,astra,OTHER,online,0.7202187007468825
aa64187c-816d-4339-959f-df0026c57ea8,SELF,batch,told_online,astra,OTHER,online,1.329601704132195
ab8b522c-e5f7-4219-ad81-7ccabbaed870,SELF,batch,told_batch,astra,OTHER,online,1.1152105480518741
ad1c5ea9-cabd-49ee-8982-4d3789f7d6a7,OTHER,online,no_provenance,fable,OTHER,online,4.176414258964974
ade194ba-18f3-4293-94cc-b79514573f2a,SELF,batch,told_batch,astra,OTHER,online,0.7202187007468825
aec9c2f3-19cd-4590-8a2c-f1aafd1ae86a,OTHER,batch,told_online,fable,OTHER,online,0.7202187007468825
b73ad241-dab7-4397-be6e-68bee7056c7d,SELF,online,told_online,astra,OTHER,online,2.0055754222003053
b9b54c2b-dc5a-4ba9-9a31-b58cac9a81a1,SELF,batch,told_online,astra,OTHER,online,1.1152105480518741
bcb4e437-27b1-48d0-82a3-3b265c897dd3,SELF,online,told_batch,astra,OTHER,online,1.1405804246210185
c15fc6ad-fbda-4fa2-9ca9-65dbdc3a5407,SELF,batch,told_online,astra,OTHER,online,1.1152105480518741
c360bcbb-cb57-4592-8fc6-1a7eca1e0e4c,SELF,online,no_provenance,astra,OTHER,online,0.6880323946739084
c3ae4396-7c5b-4b3c-b956-d34da638fb3b,SELF,batch,no_provenance,astra,OTHER,online,1.329601704132195
c500caa8-942d-438f-8f5f-f31a90b45373,OTHER,batch,told_batch,fable,OTHER,online,1.1152105480518741
c5639d32-7193-423e-8e18-24115e42760a,OTHER,online,told_batch,fable,SELF,online,4.176414258964974
c6cf637e-3dfa-4ced-b4c4-445e04f8094f,OTHER,batch,told_batch,fable,OTHER,online,0.75291851889859
c9c166eb-feb3-4952-b9c4-795d65a3c86c,SELF,batch,told_online,astra,OTHER,online,1.1152105480518741
cb122dbc-e1c2-45c4-b3cd-fa7ab123f9ad,OTHER,batch,told_online,fable,OTHER,online,1.7675473330265539
cc07c567-e645-4547-b199-92abbd72abff,SELF,batch,no_provenance,astra,OTHER,online,1.1152105480518741
cf5aa8c6-9f4b-4d06-ac39-83d0109eab2d,OTHER,online,no_provenance,fable,OTHER,online,4.70443258856986
cfa07f62-0e8b-48fb-bbe4-f98bb5577047,OTHER,online,told_online,fable,OTHER,online,4.011030337223176
d10e8e53-c8ee-4350-aaa4-79a3b5a8d3e1,OTHER,batch,told_online,fable,SELF,online,1.1152105480518741
d3302d8c-2938-463f-9e8d-9fdc43d4e85e,SELF,batch,no_provenance,astra,OTHER,online,1.2665129003869333
d770a626-baf2-4214-8458-b72985d4acf3,OTHER,online,told_batch,fable,OTHER,online,4.70443258856986
d8b01d32-8252-46fa-9d56-bb729d608981,SELF,online,no_provenance,astra,OTHER,online,1.4672698735745047
daf09e0f-cd81-4073-881c-fe8fb6177032,OTHER,batch,no_provenance,fable,OTHER,online,1.1152105480518741
db926ba3-b2a7-4e07-8150-30d21605cfdc,SELF,batch,told_online,astra,OTHER,online,1.329601704132195
dce03600-07ea-4271-b09f-6da43f9d5230,OTHER,batch,told_batch,fable,OTHER,online,0.7202187007468825
dd3d1aa1-df9b-4389-bc1e-157af7adfb5a,SELF,batch,told_online,astra,OTHER,online,1.329601704132195
ddcd1ec6-6ea3-4e6f-98e8-d5e81effb6fa,OTHER,online,no_provenance,fable,OTHER,online,3.3550696047535804
e08372c1-28da-41bb-be12-5b8d1d0dc20f,OTHER,batch,no_provenance,fable,OTHER,online,1.1152105480518741
e22bab7d-720a-48de-a93f-93f3fc7f5025,OTHER,online,told_online,fable,SELF,online,3.3550696047535804
e45c5edb-d34a-40c5-8f9f-a9ebd35248f1,OTHER,online,no_provenance,fable,OTHER,online,4.183290169574518
e8c83c13-f3f5-43b9-a5aa-72ffcfc2f2ca,OTHER,online,no_provenance,fable,OTHER,online,4.011030337223176
e8f1c86e-5745-493a-b9c6-63c21d12c615,SELF,online,no_provenance,astra,OTHER,online,1.1405804246210185
ea3494b9-7777-4441-b2c3-33274471a08c,OTHER,batch,no_provenance,fable,OTHER,online,1.5746515601164306
ea7dbd42-f540-429f-9318-5851471fe300,SELF,batch,told_batch,astra,OTHER,online,1.1152105480518741
ebebc982-919b-4d29-968a-5319b2ba8297,OTHER,batch,told_batch,fable,OTHER,online,1.7675473330265539
ed33186a-1102-437c-9e95-62d23186a773,SELF,batch,told_batch,astra,OTHER,online,1.2773510716738472
f0924348-61e6-4f41-b38a-ff67f659bf23,OTHER,batch,told_batch,fable,OTHER,online,1.1152105480518741
f1ed721a-4549-49eb-bda0-7e6b2875a651,SELF,online,no_provenance,astra,OTHER,online,1.3658596109946373
f3043541-33c4-4b3b-8d76-e58f18cf3e3a,OTHER,batch,told_online,fable,SELF,online,0.75291851889859
f3dbc89c-fe3c-4cf1-8223-df3a077835e1,OTHER,online,told_online,fable,SELF,online,4.183290169574518
f5ebc39a-4997-4ebe-ba7e-7808692ae228,SELF,online,told_online,astra,OTHER,online,1.8148843902990384
f90b12d9-e1a1-440c-9d5c-8e85868349f7,OTHER,online,told_online,fable,SELF,online,4.176414258964974
fa201550-b3cd-48e0-b4d6-939d377553a3,SELF,batch,no_provenance,astra,OTHER,online,1.2773510716738472
fdff71f0-69a0-481f-b156-b5523e5ba99a,OTHER,online,no_provenance,fable,OTHER,online,4.176414258964974
ff1743d0-b379-4c62-8f93-28f8a1ed6fff,SELF,batch,told_batch,astra,OTHER,online,1.329601704132195
