trial_id,judge,architecture,correct_answer,parsed_judgment,source_model,dist_to_self_centroid,dist_to_nearest_other_centroid,closer_to_self,closest_by_features_pred
14f3ade6-ac13-4fd8-86e2-fe3a09101a2a,astra,batch,OTHER,OTHER,fable,0.7577693310139354,0.47538902497005664,False,OTHER
1711d1ab-6308-489a-8395-4cc87d956d49,qwen,batch,SELF,OTHER,qwen,2.793982881679598,5.261549116002037,True,SELF
18840346-2813-4a37-adf2-cb0933821b21,fable,batch,SELF,OTHER,fable,1.6880923292312497,2.579312462814403,True,SELF
24f08c8e-7f4b-4de7-90ff-0ca086b35afb,astra,batch,OTHER,OTHER,fable,0.7577693310139354,0.47538902497005664,False,OTHER
2b60667e-0822-4614-8b29-85bdaf549be8,qwen,batch,OTHER,OTHER,astra,1.5622629841428954,2.328102470377346,True,SELF
30ed50af-ca70-4e54-a413-04adee3c816b,qwen,batch,SELF,OTHER,qwen,3.1199929597147023,3.0069540631097214,False,OTHER
32fa1f36-2e44-485d-b582-01d362d2e3aa,astra,batch,SELF,OTHER,astra,2.923991237410799,1.5622629841428954,False,OTHER
358bf5a7-d110-4a7e-b91b-c7d5e6b56d0d,fable,batch,SELF,OTHER,fable,1.7894752243472776,1.212629688776202,False,OTHER
3628f882-2ea2-4526-aa87-dcfd0aa2ef47,fable,batch,SELF,OTHER,fable,1.6880923292312497,2.579312462814403,True,SELF
3bd30ded-cc6a-4eef-b5d3-8bb98a1750aa,fable,batch,OTHER,OTHER,astra,2.0691835295485834,1.378927239329091,False,OTHER
4598a41c-bbd2-4ba0-ac6d-db643e39c9eb,astra,batch,OTHER,OTHER,qwen,4.325886935376139,1.236884250194353,False,OTHER
4dbe5eac-bdb7-45c3-9d72-634279752b63,fable,batch,SELF,OTHER,fable,0.47538902497005664,0.7577693310139354,True,SELF
4ea0407e-cccf-4798-9e79-bdd261dbbf6e,fable,batch,OTHER,OTHER,qwen,3.0069540631097214,3.1199929597147023,True,SELF
58351dc1-a403-4aef-9393-51c97eb659a7,fable,batch,SELF,OTHER,fable,1.2416814155217362,1.609803072153702,True,SELF
5900cc0b-69c5-4aa4-a1c4-910058cafbf5,astra,batch,SELF,OTHER,astra,1.212629688776202,1.7894752243472776,True,SELF
59dc5980-3401-4dd1-b19d-de15ec8a2853,qwen,batch,SELF,OTHER,qwen,1.236884250194353,4.196336545251722,True,SELF
5cc11b7b-1541-4c13-8130-679a29c95fe0,astra,batch,SELF,OTHER,astra,2.6916155921360114,3.522375896543226,True,SELF
5fc3c316-9879-4ec9-8337-2af988cd782a,qwen,batch,SELF,OTHER,qwen,5.894108700706023,7.660467703341051,True,SELF
5fd878de-5f34-463d-9321-a5bf7ec9c553,fable,batch,SELF,OTHER,fable,0.47538902497005664,0.7577693310139354,True,SELF
63153075-caab-479f-b799-1b08157e9bfb,fable,batch,OTHER,OTHER,astra,3.2714250073252082,2.733216193809313,False,OTHER
6369c9f8-c3ae-4b05-82d6-2ebceafe5ad8,astra,batch,OTHER,OTHER,qwen,4.325886935376139,1.236884250194353,False,OTHER
6550353d-f7eb-478e-acdc-bfdc576dadfd,qwen,batch,SELF,OTHER,qwen,1.236884250194353,4.196336545251722,True,SELF
6a93b18e-f677-4ffe-9609-2cf296831d03,qwen,batch,OTHER,OTHER,astra,4.292059320850076,1.212629688776202,False,OTHER
764bd135-560b-4512-8b52-3a8fea92012e,fable,batch,SELF,OTHER,fable,0.47538902497005664,0.7577693310139354,True,SELF
78769a0c-7c86-49a9-9cbc-1bfe32727732,astra,batch,SELF,OTHER,astra,0.7577693310139354,0.47538902497005664,False,OTHER
7aebda26-b58a-444a-8762-992cf5ad5139,astra,batch,SELF,OTHER,astra,1.378927239329091,2.0691835295485834,True,SELF
7b156020-7eea-41ca-97b5-f8ad9a62b7f7,fable,batch,OTHER,OTHER,qwen,4.196336545251722,1.236884250194353,False,OTHER
7c0f3200-f1f7-4f36-a4dd-6b807cad7cc2,astra,batch,OTHER,OTHER,qwen,2.8109500762844846,3.432421955260619,True,SELF
7c1029f5-f6d8-4120-9b5c-87f07ebf00f1,qwen,batch,OTHER,SELF,astra,5.236580297646167,2.733216193809313,False,OTHER
7d8e8e41-77b9-4610-a846-de8be87de583,fable,batch,OTHER,OTHER,astra,3.522375896543226,2.6916155921360114,False,OTHER
7e26df21-e2d8-4626-803d-cd34c0c5fd6b,fable,batch,SELF,OTHER,fable,0.47538902497005664,0.7577693310139354,True,SELF
8062202e-5f54-4f4f-b976-2a76759f9d99,qwen,batch,OTHER,OTHER,fable,3.2052406381165808,0.47538902497005664,False,OTHER
826dacc1-cd7b-4210-882f-924e739e4507,astra,batch,SELF,OTHER,astra,2.334503487133326,2.807691383928981,True,SELF
8c0a7efe-c226-4277-9052-d72605acf846,qwen,batch,OTHER,OTHER,astra,3.015081703639367,1.378927239329091,False,OTHER
97480646-6a91-42f8-bf2a-769bc436978c,astra,batch,OTHER,OTHER,fable,0.7577693310139354,0.47538902497005664,False,OTHER
9a48de78-f908-4e6f-9e63-7f2446c6cd12,fable,batch,OTHER,OTHER,astra,2.807691383928981,2.334503487133326,False,OTHER
9dd2273e-3174-4277-9bf9-8d204af6960d,astra,batch,SELF,OTHER,astra,4.069848113870064,1.377730559102454,False,OTHER
a6da0eb0-e6bb-4f55-8f3b-58ba943cf7af,qwen,batch,OTHER,OTHER,fable,3.185014652359071,1.6880923292312497,False,OTHER
ad49f40d-4df5-4778-a510-9285aee8da37,qwen,batch,SELF,OTHER,qwen,1.9562159999051163,2.279599185301966,True,SELF
af37a0df-bac2-4f08-87e6-f21f6e0645ee,astra,batch,OTHER,OTHER,fable,0.7577693310139354,0.47538902497005664,False,OTHER
b69a15ca-8cab-4ea1-b8b6-477cdef9af2f,qwen,batch,SELF,OTHER,qwen,3.185014652359071,1.6880923292312497,False,OTHER
be845a46-b559-4a62-a58b-12a0cd34e274,fable,batch,OTHER,OTHER,qwen,4.196336545251722,1.236884250194353,False,OTHER
cf694431-9f2a-47f6-9964-0774852c5fd5,astra,batch,SELF,OTHER,astra,2.733216193809313,3.2714250073252082,True,SELF
d0933377-cac1-4c10-ba46-ebba98689736,qwen,batch,SELF,OTHER,qwen,3.1199929597147023,3.0069540631097214,False,OTHER
d112471b-c88f-446b-b56d-91e8862d2ec2,astra,batch,OTHER,OTHER,qwen,6.091634364069739,3.1572182331656578,False,OTHER
d21f7412-d376-477e-87c3-799928d76edc,qwen,batch,OTHER,OTHER,fable,4.292059320850076,1.212629688776202,False,OTHER
d5ad9bfe-1c40-4cd2-b0cf-4f3d374bc240,qwen,batch,SELF,OTHER,qwen,3.1572182331656578,6.051604790914492,True,SELF
d6a89447-6f4b-44bd-b00a-21911c5fb8ac,qwen,batch,SELF,OTHER,qwen,4.253318431486275,2.8109500762844846,False,OTHER
d8cd942a-ee80-4d08-a97c-6c44d3d206a0,astra,batch,OTHER,OTHER,fable,0.7577693310139354,0.47538902497005664,False,OTHER
de0ba047-50c6-4d4b-8691-3c4bc31686ca,fable,batch,SELF,OTHER,fable,0.47538902497005664,0.7577693310139354,True,SELF
df05499c-95e5-4488-aec9-f046d366511f,qwen,batch,OTHER,OTHER,fable,3.2052406381165808,0.47538902497005664,False,OTHER
e0205cba-3c64-48d4-afa4-77adcf8fb296,astra,batch,OTHER,OTHER,qwen,3.4046241982215153,3.0069540631097214,False,OTHER
e3372c71-7b5a-4ebf-b0ad-a53cd0e74a26,astra,batch,SELF,OTHER,astra,0.7577693310139354,0.47538902497005664,False,OTHER
ed6d4183-ffae-4319-9553-efc6363c7df8,fable,batch,OTHER,OTHER,qwen,3.432421955260619,2.8109500762844846,False,OTHER
efb973b4-cad7-4770-aabd-508a13bd0cda,fable,batch,OTHER,OTHER,astra,0.47538902497005664,0.7577693310139354,True,SELF
f595b1de-c677-4831-8faf-acffa753499b,qwen,batch,OTHER,OTHER,fable,3.2052406381165808,0.47538902497005664,False,OTHER
f7c5e999-2c18-425d-b241-396e3b2460a5,fable,batch,OTHER,OTHER,qwen,2.621978715038359,1.9562159999051163,False,OTHER
f8022a33-25ee-4fbb-a120-6e8bd9d05da2,astra,batch,SELF,OTHER,astra,1.212629688776202,1.7894752243472776,True,SELF
ff1b5402-5015-4f7b-bede-aba4401be50b,qwen,batch,OTHER,SELF,astra,3.2052406381165808,0.47538902497005664,False,OTHER
ff4ed321-c0d8-4736-a019-a7e73d8d9780,fable,batch,SELF,OTHER,fable,0.47538902497005664,0.7577693310139354,True,SELF
05314fab-0ebc-456f-9696-afff63ee4955,fable,online,SELF,SELF,fable,1.2335736055507502,0.8963906756184162,False,OTHER
06cf01f2-d265-434f-a697-0fed41a3a048,astra,online,OTHER,OTHER,qwen,5.176140166901862,0.95883093886934,False,OTHER
0a278eae-b1d6-4341-bf63-30a36962d3db,qwen,online,SELF,OTHER,qwen,0.5229679829235642,5.777411399031074,True,SELF
0d7b01df-33eb-45b7-9706-3270e6731fc4,fable,online,SELF,SELF,fable,0.7652433400987388,1.9599108311776736,True,SELF
0ec46372-56b7-4d03-a02c-75a9a2743c03,astra,online,OTHER,OTHER,fable,2.5100363979485483,0.7096849353530902,False,OTHER
13bce004-8e73-4b60-b20e-b4dc208fb716,qwen,online,OTHER,SELF,astra,5.798990490881175,0.9589676388878785,False,OTHER
15db3397-6481-4c51-b910-a7be837e8838,astra,online,SELF,OTHER,astra,0.4075846972614538,2.484549689964194,True,SELF
16e434c2-aba2-4c66-9ae2-ca2a9eb78b2d,astra,online,OTHER,OTHER,qwen,6.086620343158816,0.5229679829235642,False,OTHER
1927a714-1137-4b3d-b3ea-da6bb3b1c112,astra,online,OTHER,OTHER,fable,2.0923361067052135,0.2756463450275799,False,OTHER
19dec024-7cf4-41e8-84f2-fd2ad26f4f1b,fable,online,SELF,OTHER,fable,0.8498796831932728,2.770765718313689,True,SELF
290839c0-0b72-4b82-9083-d51f12f38749,fable,online,OTHER,OTHER,qwen,5.777411399031074,0.5229679829235642,False,OTHER
2f2fbf86-f47c-4862-afad-f0e51dfc661e,astra,online,SELF,OTHER,astra,0.13204436815351295,1.9872064122971727,True,SELF
355e1cd7-83e6-45b2-9574-d6bc0e6eb971,qwen,online,OTHER,SELF,fable,5.59816850595785,0.2876014811546183,False,OTHER
35e24ce8-fe81-43de-a303-eabafa62531e,fable,online,OTHER,OTHER,astra,2.5593632523514307,0.5296442775251787,False,OTHER
3a6680fb-05b2-47d4-b0b5-5662596d3110,fable,online,OTHER,OTHER,astra,2.474956619494932,0.6890651131763831,False,OTHER
3dd9776c-0703-44dc-b25d-7f5cf3c4c4cf,qwen,online,SELF,OTHER,qwen,0.7998806363712321,5.915620976543222,True,SELF
46badc65-a83a-4295-bae4-77ce767e5a36,fable,online,OTHER,OTHER,astra,1.9250796414742113,0.29320856890318675,False,OTHER
46d367d3-43f8-4de3-a0fc-5469cff38fea,qwen,online,SELF,SELF,qwen,1.1607830858554806,4.505083646301555,True,SELF
4749043d-3a03-4c77-af1e-c38f54a9977d,fable,online,OTHER,OTHER,qwen,5.467152417496798,0.31580609160114603,False,OTHER
4f658473-9f49-4686-9967-e4d51d7f77dc,qwen,online,SELF,SELF,qwen,0.31580609160114603,5.467152417496798,True,SELF
543697ea-c966-4ed3-9e93-651d925698f6,fable,online,SELF,OTHER,fable,1.111586106362191,2.721936237383607,True,SELF
5dc72934-185e-43b4-9e26-e856543bfa72,qwen,online,SELF,SELF,qwen,0.95883093886934,4.7955256797973815,True,SELF
6083918f-dcff-4fb4-975f-6766459b6e5c,fable,online,SELF,OTHER,fable,1.9748759391418473,2.764751510953694,True,SELF
6216840f-8e9c-417d-9cbe-7e9dbd1a3eb5,fable,online,SELF,OTHER,fable,0.2876014811546183,2.0926579090499677,True,SELF
6515f498-0011-456a-81cb-9460a7ac833a,astra,online,OTHER,OTHER,qwen,6.219693249703847,0.7998806363712321,False,OTHER
66f18742-e9b9-4e4e-8424-c15ed24b5ed2,astra,online,SELF,OTHER,astra,0.29320856890318675,1.9250796414742113,True,SELF
6aea8281-dc2c-49f2-a03e-d46b2ba2c1c2,astra,online,OTHER,OTHER,qwen,6.0556755605189805,0.4643120211881748,False,OTHER
6b9ae0ea-2dfa-4c50-9c55-8e625ff0d8d4,qwen,online,SELF,SELF,qwen,0.8289310840570911,4.579069706626277,True,SELF
7fd6574a-023e-4ea9-a59c-673a05516253,astra,online,SELF,OTHER,astra,1.0374460716922025,1.7108431161509006,True,SELF
82444730-ecbd-4332-9adf-c9c3ccb2da3c,fable,online,SELF,OTHER,fable,1.364407187066234,3.033711379843451,True,SELF
86cd9f2c-fa42-4dea-bfed-2ef1a2c2d4be,qwen,online,OTHER,OTHER,astra,5.787536974830902,0.29320856890318675,False,OTHER
87618eea-a5fa-473c-ba68-628e676c357a,astra,online,OTHER,OTHER,qwen,5.176140166901862,0.95883093886934,False,OTHER
8cae5a61-eedd-43f9-960a-a4c4360ed32d,qwen,online,SELF,OTHER,qwen,0.4643120211881748,5.745270118081004,True,SELF
937b1536-e189-4350-8304-f390ba4ddbc9,astra,online,SELF,OTHER,astra,0.5296442775251787,2.5593632523514307,True,SELF
9507adfa-e4ed-463b-a7cc-de7c96f9a204,fable,online,OTHER,OTHER,qwen,5.745270118081004,0.4643120211881748,False,OTHER
9550c36d-082e-40ca-8523-807d5e4fb266,fable,online,OTHER,OTHER,qwen,5.915620976543222,0.7998806363712321,False,OTHER
96740bb4-13d4-47a7-adb7-d0b6d532f343,astra,online,SELF,OTHER,astra,1.21200948644168,3.0912866498663005,True,SELF
97f5f1db-f626-4fd5-9a8f-3a504633b077,qwen,online,SELF,SELF,qwen,0.7998806363712321,5.915620976543222,True,SELF
985769c8-0ba1-4603-a542-cb693aef80bd,qwen,online,OTHER,SELF,fable,5.3836811703384955,0.8963906756184162,False,OTHER
a0d4c5e6-2696-4949-94c2-fb06f115394b,astra,online,SELF,OTHER,astra,0.29320856890318675,1.9250796414742113,True,SELF
a3453727-c479-4602-9671-f5b7a03c96b4,qwen,online,OTHER,SELF,astra,5.734890794771314,0.4075846972614538,False,OTHER
a9fbc5e7-21ad-406d-9115-b863b8d26770,astra,online,SELF,OTHER,astra,1.3653895070812208,0.9589676388878785,False,OTHER
aa4f19e5-ab5f-4e92-97bb-622df2789dcf,astra,online,SELF,OTHER,astra,0.6890651131763831,2.474956619494932,True,SELF
ad95f697-a707-4854-aa42-2307a20d1826,fable,online,OTHER,OTHER,qwen,4.7955256797973815,0.95883093886934,False,OTHER
ae564cc7-8108-4212-91ba-bfca4896b016,astra,online,OTHER,OTHER,fable,0.8963906756184162,1.2335736055507502,True,SELF
b5f03705-55df-4e78-902a-8d5902177f04,fable,online,SELF,OTHER,fable,0.7096849353530902,2.5100363979485483,True,SELF
b81034a9-6882-4460-a4ce-a835c2498e58,fable,online,SELF,OTHER,fable,1.278972488463861,2.1445522069666922,True,SELF
bcd964fa-df7e-4999-8971-d99298812521,fable,online,OTHER,OTHER,astra,0.9589676388878785,1.3653895070812208,True,SELF
bdf3766d-016a-4803-bc3c-4de665ce28fc,qwen,online,OTHER,OTHER,astra,5.581822888171239,0.5296442775251787,False,OTHER
c43b2a9e-0a5e-4451-80ab-f552610f2e55,qwen,online,OTHER,SELF,fable,4.7104022559592575,0.7652433400987388,False,OTHER
c6506c22-c929-455c-a12a-a290efaf314a,astra,online,OTHER,OTHER,fable,3.033711379843451,1.364407187066234,False,OTHER
ddabcc8a-5703-4b29-b95d-63e94e0bd308,astra,online,SELF,OTHER,astra,0.39414636665239516,2.484549689964194,True,SELF
dedfd189-617d-491b-b37c-26d07c9f3033,astra,online,OTHER,OTHER,fable,1.9599108311776736,0.7652433400987388,False,OTHER
e0ebe4fa-27b9-4deb-aefe-32e1624e7e7a,qwen,online,OTHER,OTHER,astra,5.789115666450749,0.39414636665239516,False,OTHER
e2938443-5ccc-41a7-892c-f6ee73210ec4,fable,online,OTHER,OTHER,astra,1.7108431161509006,1.0374460716922025,False,OTHER
f00c4585-75a4-4e03-b591-07c4334f0e11,qwen,online,SELF,OTHER,qwen,0.95883093886934,4.7955256797973815,True,SELF
f2db40b8-20b1-4f95-956f-f94094d1a4b0,qwen,online,OTHER,OTHER,fable,4.2039454502076765,1.278972488463861,False,OTHER
f411b74c-cf76-4d1b-847b-7c40485745a6,qwen,online,SELF,OTHER,qwen,0.9506683156096558,5.990277165839105,True,SELF
f6e1898c-400c-4a8e-865d-d0f53f6d5c9e,fable,online,SELF,OTHER,fable,0.2756463450275799,2.0923361067052135,True,SELF
f9d712f0-4c88-4110-99c0-1dbfea34d841,qwen,online,OTHER,OTHER,fable,3.4013747764096194,1.9748759391418473,False,OTHER
