model,method,prefix_length,n_trajectories,mean_prop_H,sd_prop_H,mean_switch_rate,sd_switch_rate,mean_runs_Z,sd_runs_Z,mean_longest_run,sd_longest_run,mean_HH,sd_HH,mean_HT,sd_HT,mean_TH,sd_TH,mean_TT,sd_TT,mean_lag1_rep,sd_lag1_rep,mean_entropy_binary,sd_entropy_binary
astra,batch,20,20,0.49749999999999994,0.011180339887498945,0.6421052631578947,0.07936179315000548,1.0138873554999517,0.6946600894017824,2.8,0.894427190999916,0.16578947368421054,0.03530633648683878,0.3368421052631579,0.04949077326122391,0.3052631578947369,0.03239931638163644,0.19210526315789472,0.0491211581308805,0.3578947368421053,0.07936179315000548,0.9996387226993904,0.001615681205781321
astra,batch,50,20,0.49300000000000005,0.009787209698591868,0.6153061224489795,0.02906961705533595,1.4766073919392562,0.4078365002432354,3.4,0.5026246899500346,0.1826530612244898,0.01810288180251056,0.3153061224489796,0.015492952132984648,0.29999999999999993,0.014952961164592788,0.2020408163265306,0.017392686249526335,0.38469387755102036,0.02906961705533595,0.9995959375983207,0.0005649490652218261
astra,batch,100,20,0.495,0.006882472016116859,0.6202020202020202,0.023495493005928195,2.2950262736246962,0.46657678648668144,3.6,0.5982430416161189,0.1823232323232323,0.012468444858305509,0.31262626262626264,0.012030048817300618,0.30757575757575756,0.012030048817300623,0.19747474747474747,0.01518691593610731,0.3797979797979798,0.023495493005928195,0.999797986125363,0.00035161112924442234
astra,history_conditioned,20,20,0.48250000000000004,0.029357147430619988,0.7736842105263158,0.11594047067123021,2.1909363992940873,1.0197508616895898,2.4,0.5982430416161189,0.09999999999999999,0.06133091606596624,0.3763157894736842,0.05473630939438199,0.3973684210526316,0.06496716005117084,0.12631578947368421,0.07324761830931151,0.2263157894736842,0.11594047067123021,0.9967485042945137,0.0036880471948172143
astra,history_conditioned,50,20,0.473,0.023642067769572367,0.686734693877551,0.07499168794408335,2.5205636949352743,1.0524137012281376,3.2,0.8944271909999159,0.13265306122448978,0.04265462868241629,0.3408163265306122,0.038093959366805284,0.34591836734693876,0.038309140664402094,0.18061224489795918,0.0460048118165288,0.31326530612244896,0.07499168794408335,0.9963573069271083,0.004284534741585961
astra,history_conditioned,100,20,0.4600000000000001,0.015217718205053634,0.6323232323232324,0.052883902115172986,2.626023680083524,1.0657615050447287,4.6,1.0954451150103321,0.14545454545454545,0.031841168713228785,0.31515151515151524,0.026135544987140512,0.31717171717171727,0.027103854272724718,0.22222222222222224,0.029856716814670864,0.3676767676767677,0.052883902115172986,0.9947386194725165,0.004029486332784883
astra,independent_calls,20,20,0.35749999999999993,0.11271178895049556,0.47105263157894744,0.1392238917178964,0.16685198945366767,1.190827082958916,5.25,2.1490511982341367,0.1236842105263158,0.10970543337089057,0.2342105263157895,0.0713827357987368,0.2368421052631579,0.07143377816192589,0.4052631578947368,0.15936526671278314,0.5289473684210526,0.1392238917178964,0.9013930311476365,0.11267883961364172
astra,independent_calls,50,20,0.386,0.06193375068316314,0.46530612244897956,0.05523911819420036,-0.15586457356684166,0.7894161102598195,6.75,2.2448772091610105,0.15510204081632656,0.05749469709267897,0.23265306122448978,0.02512600045922826,0.23265306122448978,0.03133762840611895,0.3795918367346939,0.07561029160900344,0.5346938775510204,0.05523911819420035,0.9510704481299005,0.04021078459578994
astra,independent_calls,100,20,0.38899999999999996,0.04102630734951468,0.4732323232323233,0.03697213716770427,-0.06824524478487073,0.8255522938893604,7.7,1.9493588689617927,0.15404040404040403,0.043584917593025393,0.23737373737373738,0.017799754431454776,0.23585858585858585,0.019464198006965666,0.3727272727272727,0.04633502480122416,0.5267676767676768,0.03697213716770426,0.9593144570111118,0.024830774015556507
fable,batch,20,20,0.505,0.015389675281277325,0.605263157894737,0.03194615677194124,0.6948264893378571,0.28424902342569885,2.95,0.22360679774997894,0.19210526315789472,0.02575581499629436,0.31842105263157894,0.011768778828946263,0.2868421052631579,0.02686409397547581,0.20263157894736836,0.01928144992276438,0.3947368421052631,0.03194615677194124,0.9992774453987808,0.0022239761371511744
fable,batch,50,20,0.5050000000000001,0.011002392084403628,0.6204081632653061,0.023315941656223645,1.548191101070403,0.33008213008722526,3.0,0.0,0.1908163265306122,0.013690212107141572,0.3163265306122448,0.010469166858011759,0.3040816326530612,0.014656833601216484,0.18877551020408156,0.01604892889096019,0.3795918367346938,0.02331594165622364,0.9995959375983207,0.0005649490652218261
fable,batch,100,20,0.5065000000000001,0.007451598203705953,0.6434343434343435,0.021515014238816483,2.7589052437906134,0.43093697257456004,3.0,0.0,0.18383838383838383,0.01163290751439264,0.3257575757575758,0.010298442651680218,0.31767676767676767,0.011575060773432963,0.1727272727272727,0.014619399731028231,0.3565656565656566,0.021515014238816483,0.9997258465635653,0.0003307325700391757
fable,history_conditioned,20,20,0.5450000000000002,0.0394034462826206,0.8236842105263158,0.0970102719102543,2.692570430829065,0.7834065026913448,2.65,0.812727700887249,0.11842105263157894,0.08167048746706686,0.42105263157894735,0.05122781719918817,0.4026315789473684,0.0491211581308805,0.057894736842105256,0.033722277658799336,0.17631578947368426,0.09701027191025427,0.9898474302087907,0.011642739926152407
fable,history_conditioned,50,20,0.61,0.04877445405559198,0.7255102040816327,0.09281021228799725,3.6044872300418356,0.9294444719145799,4.65,1.348488432516786,0.24183673469387754,0.09228913513955114,0.3653061224489796,0.04815816754685417,0.36020408163265305,0.0450417578088768,0.0326530612244898,0.019190299835984782,0.2744897959183673,0.09281021228799725,0.9578592049459846,0.03633695091775774
fable,history_conditioned,100,20,0.744,0.06839513679233421,0.47575757575757577,0.12700578741918045,2.504686640846793,1.3070677666991433,24.3,14.682965425424474,0.5045454545454545,0.1319241092210338,0.23888888888888893,0.06373923147385624,0.2368686868686869,0.06333354106802788,0.0196969696969697,0.01157506077343297,0.5242424242424243,0.12700578741918045,0.8039027248875656,0.10162254617100788
fable,independent_calls,20,20,0.99,0.0205195670417031,0.021052631578947368,0.04319908850884859,0.33333333333333365,0.0,19.45,1.1459310165698642,0.9789473684210528,0.04319908850884859,0.010526315789473684,0.021599544254424296,0.010526315789473684,0.021599544254424296,0.0,0.0,0.9789473684210528,0.04319908850884859,0.05727939142319126,0.11753483124161256
fable,independent_calls,50,20,0.99,0.012139539573337693,0.019387755102040816,0.024305608834954306,-0.3478843734183087,1.7072447944505218,44.3,8.516856351099456,0.9806122448979592,0.02430560883495432,0.01020408163265306,0.012387285278916001,0.009183673469387756,0.012342965690393864,0.0,0.0,0.9806122448979592,0.02430560883495432,0.06869082647084905,0.08090941284826852
fable,independent_calls,100,20,0.9869999999999999,0.011285761872936706,0.026262626262626272,0.022799518935225645,0.22456249238198162,0.08569531040195497,77.95,22.45808962208683,0.9737373737373737,0.022799518935225645,0.013131313131313136,0.011399759467612822,0.013131313131313136,0.011399759467612822,0.0,0.0,0.9737373737373737,0.022799518935225645,0.09153667620931463,0.07312213323709661
mimo,batch,20,20,0.5,0.04291975376394761,0.6000000000000001,0.0550682488190102,0.6817705467386596,0.4947827332285973,3.1,0.5525062514530825,0.18421052631578946,0.046764385086244135,0.3105263157894737,0.0290792763922675,0.2894736842105264,0.03194615677194126,0.21578947368421053,0.047995237164683756,0.4,0.05506824881901019,0.9949347567166378,0.006699643839265536
mimo,batch,50,20,0.49000000000000005,0.017770466332772777,0.6142857142857143,0.05292886076758883,1.471424986316425,0.7436236350087532,3.35,0.812727700887249,0.17857142857142855,0.03166814820151573,0.31326530612244896,0.02830549865067778,0.30102040816326536,0.02553704280981469,0.20714285714285716,0.033940128298319334,0.38571428571428573,0.05292886076758883,0.9988451654791435,0.0012985466719630458
mimo,batch,100,20,0.4875,0.020228952674713287,0.6237373737373738,0.0456314120583211,2.3877692388293505,0.8904362873918532,3.45,0.6863327411532597,0.17373737373737375,0.02942188703364085,0.3151515151515152,0.022130204343643076,0.3085858585858586,0.023739918648290222,0.20252525252525255,0.03185381497124241,0.37626262626262624,0.0456314120583211,0.9984258168923427,0.0022099732800287134
mimo,history_conditioned,20,20,0.6150000000000001,0.058714294861239975,0.6210526315789473,0.10044368694435095,1.22064742591524,0.8779480629546031,3.9,1.2096106376585989,0.2947368421052632,0.08773776352278849,0.31842105263157894,0.04971122323096488,0.30263157894736836,0.05366030644822857,0.08421052631578947,0.0670108237748856,0.37894736842105264,0.10044368694435098,0.9513923396998754,0.0448124132272692
mimo,history_conditioned,50,20,0.6140000000000001,0.045002923881618376,0.5346938775510204,0.06836293812034443,0.8200829563975235,0.9856125590987949,5.95,1.2763022245616642,0.34285714285714286,0.06267525681223791,0.2704081632653061,0.035579768152635624,0.2642857142857143,0.03341944349330328,0.12244897959183676,0.05297025996106532,0.46530612244897956,0.06836293812034441,0.9563271065769768,0.02848100782331032
mimo,history_conditioned,100,20,0.633,0.057500572079534004,0.4974747474747474,0.05740949907921877,0.7430259179285446,1.002906915623894,7.3,2.0026298499197184,0.38282828282828285,0.07657015917488631,0.2505050505050505,0.029421887033640848,0.24696969696969698,0.02828187892384029,0.11969696969696968,0.04994640531343885,0.5025252525252526,0.05740949907921876,0.9386293814370147,0.04187584119334433
mimo,independent_calls,20,20,0.8574999999999999,0.08925864251240825,0.23421052631578948,0.1433514660025269,-0.26229395740013367,1.3253083901342557,10.25,5.2503132738613045,0.7394736842105263,0.1624235103211941,0.11052631578947367,0.07423615989183588,0.1236842105263158,0.07097307539562032,0.02631578947368421,0.043535273256237426,0.7657894736842105,0.14335146600252688,0.5414627558627482,0.24357008783707404
mimo,independent_calls,50,20,0.8539999999999999,0.06394076205857714,0.24591836734693878,0.10073819469672665,-0.0007068173364302488,1.1236686334734447,16.4,6.862560516462151,0.7316326530612245,0.11222536691710801,0.12142857142857141,0.05275255173786053,0.12448979591836733,0.04861121766990861,0.022448979591836733,0.02801358127156162,0.7540816326530612,0.10073819469672665,0.5766630896418924,0.16492801019116454
mimo,independent_calls,100,20,0.86,0.042426406871192854,0.23333333333333334,0.06479415611906825,-0.2979660694636099,1.1520521621739181,22.25,7.025330110243557,0.7434343434343436,0.07389342106807328,0.11565656565656568,0.032849745570551425,0.11767676767676769,0.032155833140668146,0.023232323232323236,0.02176317716544266,0.7666666666666668,0.06479415611906823,0.5745905996507886,0.10234775297020317
