judge,wording,target,procedure,n_strict,mean_predicted_p_H_strict,sd_predicted_p_H_strict,n_loose,mean_predicted_p_H_loose,sd_predicted_p_H_loose,actual_p_H,signed_deviation_strict,signed_deviation_loose
astra,NAMED,astra,batch,10,0.5,0.0,10,0.5,0.0,0.495,0.005,0.005
astra,NAMED,astra,history_conditioned,10,0.5,0.0,10,0.5,0.0,0.46,0.04,0.04
astra,NAMED,astra,independent_calls,10,0.85,0.2415,9,0.8333,0.25,0.389,0.461,0.4443
astra,NAMED,fable,batch,10,0.5,0.0,10,0.5,0.0,0.507,-0.007,-0.007
astra,NAMED,fable,history_conditioned,10,0.5,0.0,10,0.5,0.0,0.744,-0.244,-0.244
astra,NAMED,fable,independent_calls,10,1.0,0.0,10,1.0,0.0,0.987,0.013,0.013
astra,NAMED,mimo,batch,10,0.5,0.0,10,0.5,0.0,0.487,0.013,0.013
astra,NAMED,mimo,history_conditioned,10,0.5,0.0,10,0.5,0.0,0.633,-0.133,-0.133
astra,NAMED,mimo,independent_calls,10,1.0,0.0,10,1.0,0.0,0.86,0.14,0.14
astra,SELF,astra,batch,10,0.5,0.0,10,0.5,0.0,0.495,0.005,0.005
astra,SELF,astra,history_conditioned,10,0.5,0.0,10,0.5,0.0,0.46,0.04,0.04
astra,SELF,astra,independent_calls,10,1.0,0.0,10,1.0,0.0,0.389,0.611,0.611
fable,NAMED,astra,batch,10,0.506,0.0097,10,0.506,0.0097,0.495,0.011,0.011
fable,NAMED,astra,history_conditioned,10,0.508,0.0103,10,0.508,0.0103,0.46,0.048,0.048
fable,NAMED,astra,independent_calls,0,,,10,1.0,0.0,0.389,,0.611
fable,NAMED,fable,batch,10,0.506,0.0097,10,0.506,0.0097,0.507,-0.001,-0.001
fable,NAMED,fable,history_conditioned,10,0.507,0.0095,10,0.507,0.0095,0.744,-0.237,-0.237
fable,NAMED,fable,independent_calls,10,1.0,0.0,10,1.0,0.0,0.987,0.013,0.013
fable,NAMED,mimo,batch,10,0.52,0.0,10,0.52,0.0,0.487,0.033,0.033
fable,NAMED,mimo,history_conditioned,10,0.51,0.0105,10,0.51,0.0105,0.633,-0.123,-0.123
fable,NAMED,mimo,independent_calls,0,,,10,0.995,0.0108,0.86,,0.135
fable,SELF,fable,batch,10,0.51,0.0105,10,0.51,0.0105,0.507,0.003,0.003
fable,SELF,fable,history_conditioned,10,0.5,0.0,10,0.5,0.0,0.744,-0.244,-0.244
fable,SELF,fable,independent_calls,10,1.0,0.0,10,1.0,0.0,0.987,0.013,0.013
mimo,NAMED,astra,batch,10,0.5,0.0,10,0.5,0.0,0.495,0.005,0.005
mimo,NAMED,astra,history_conditioned,10,0.5,0.0,10,0.5,0.0,0.46,0.04,0.04
mimo,NAMED,astra,independent_calls,10,0.5,0.0,10,0.5,0.0,0.389,0.111,0.111
mimo,NAMED,fable,batch,10,0.5,0.0,10,0.5,0.0,0.507,-0.007,-0.007
mimo,NAMED,fable,history_conditioned,10,0.5,0.0,10,0.5,0.0,0.744,-0.244,-0.244
mimo,NAMED,fable,independent_calls,10,0.5,0.0,10,0.5,0.0,0.987,-0.487,-0.487
mimo,NAMED,mimo,batch,10,0.5,0.0,10,0.5,0.0,0.487,0.013,0.013
mimo,NAMED,mimo,history_conditioned,10,0.5,0.0,10,0.5,0.0,0.633,-0.133,-0.133
mimo,NAMED,mimo,independent_calls,10,0.5,0.0,10,0.5,0.0,0.86,-0.36,-0.36
mimo,SELF,mimo,batch,10,0.5,0.0,10,0.5,0.0,0.487,0.013,0.013
mimo,SELF,mimo,history_conditioned,10,0.5,0.0,10,0.5,0.0,0.633,-0.133,-0.133
mimo,SELF,mimo,independent_calls,10,0.5,0.0,10,0.5,0.0,0.86,-0.36,-0.36
