trial_id,judge_label,wording_condition,target_label,procedure,replicate
astra|NAMED|astra|batch|00,astra,NAMED,astra,batch,0
astra|NAMED|astra|batch|01,astra,NAMED,astra,batch,1
astra|NAMED|astra|batch|02,astra,NAMED,astra,batch,2
astra|NAMED|astra|batch|03,astra,NAMED,astra,batch,3
astra|NAMED|astra|batch|04,astra,NAMED,astra,batch,4
astra|NAMED|astra|batch|05,astra,NAMED,astra,batch,5
astra|NAMED|astra|batch|06,astra,NAMED,astra,batch,6
astra|NAMED|astra|batch|07,astra,NAMED,astra,batch,7
astra|NAMED|astra|batch|08,astra,NAMED,astra,batch,8
astra|NAMED|astra|batch|09,astra,NAMED,astra,batch,9
astra|SELF|astra|batch|00,astra,SELF,astra,batch,0
astra|SELF|astra|batch|01,astra,SELF,astra,batch,1
astra|SELF|astra|batch|02,astra,SELF,astra,batch,2
astra|SELF|astra|batch|03,astra,SELF,astra,batch,3
astra|SELF|astra|batch|04,astra,SELF,astra,batch,4
astra|SELF|astra|batch|05,astra,SELF,astra,batch,5
astra|SELF|astra|batch|06,astra,SELF,astra,batch,6
astra|SELF|astra|batch|07,astra,SELF,astra,batch,7
astra|SELF|astra|batch|08,astra,SELF,astra,batch,8
astra|SELF|astra|batch|09,astra,SELF,astra,batch,9
astra|NAMED|astra|history_conditioned|00,astra,NAMED,astra,history_conditioned,0
astra|NAMED|astra|history_conditioned|01,astra,NAMED,astra,history_conditioned,1
astra|NAMED|astra|history_conditioned|02,astra,NAMED,astra,history_conditioned,2
astra|NAMED|astra|history_conditioned|03,astra,NAMED,astra,history_conditioned,3
astra|NAMED|astra|history_conditioned|04,astra,NAMED,astra,history_conditioned,4
astra|NAMED|astra|history_conditioned|05,astra,NAMED,astra,history_conditioned,5
astra|NAMED|astra|history_conditioned|06,astra,NAMED,astra,history_conditioned,6
astra|NAMED|astra|history_conditioned|07,astra,NAMED,astra,history_conditioned,7
astra|NAMED|astra|history_conditioned|08,astra,NAMED,astra,history_conditioned,8
astra|NAMED|astra|history_conditioned|09,astra,NAMED,astra,history_conditioned,9
astra|SELF|astra|history_conditioned|00,astra,SELF,astra,history_conditioned,0
astra|SELF|astra|history_conditioned|01,astra,SELF,astra,history_conditioned,1
astra|SELF|astra|history_conditioned|02,astra,SELF,astra,history_conditioned,2
astra|SELF|astra|history_conditioned|03,astra,SELF,astra,history_conditioned,3
astra|SELF|astra|history_conditioned|04,astra,SELF,astra,history_conditioned,4
astra|SELF|astra|history_conditioned|05,astra,SELF,astra,history_conditioned,5
astra|SELF|astra|history_conditioned|06,astra,SELF,astra,history_conditioned,6
astra|SELF|astra|history_conditioned|07,astra,SELF,astra,history_conditioned,7
astra|SELF|astra|history_conditioned|08,astra,SELF,astra,history_conditioned,8
astra|SELF|astra|history_conditioned|09,astra,SELF,astra,history_conditioned,9
astra|NAMED|astra|independent_calls|00,astra,NAMED,astra,independent_calls,0
astra|NAMED|astra|independent_calls|01,astra,NAMED,astra,independent_calls,1
astra|NAMED|astra|independent_calls|02,astra,NAMED,astra,independent_calls,2
astra|NAMED|astra|independent_calls|03,astra,NAMED,astra,independent_calls,3
astra|NAMED|astra|independent_calls|04,astra,NAMED,astra,independent_calls,4
astra|NAMED|astra|independent_calls|05,astra,NAMED,astra,independent_calls,5
astra|NAMED|astra|independent_calls|06,astra,NAMED,astra,independent_calls,6
astra|NAMED|astra|independent_calls|07,astra,NAMED,astra,independent_calls,7
astra|NAMED|astra|independent_calls|08,astra,NAMED,astra,independent_calls,8
astra|NAMED|astra|independent_calls|09,astra,NAMED,astra,independent_calls,9
astra|SELF|astra|independent_calls|00,astra,SELF,astra,independent_calls,0
astra|SELF|astra|independent_calls|01,astra,SELF,astra,independent_calls,1
astra|SELF|astra|independent_calls|02,astra,SELF,astra,independent_calls,2
astra|SELF|astra|independent_calls|03,astra,SELF,astra,independent_calls,3
astra|SELF|astra|independent_calls|04,astra,SELF,astra,independent_calls,4
astra|SELF|astra|independent_calls|05,astra,SELF,astra,independent_calls,5
astra|SELF|astra|independent_calls|06,astra,SELF,astra,independent_calls,6
astra|SELF|astra|independent_calls|07,astra,SELF,astra,independent_calls,7
astra|SELF|astra|independent_calls|08,astra,SELF,astra,independent_calls,8
astra|SELF|astra|independent_calls|09,astra,SELF,astra,independent_calls,9
astra|NAMED|fable|batch|00,astra,NAMED,fable,batch,0
astra|NAMED|fable|batch|01,astra,NAMED,fable,batch,1
astra|NAMED|fable|batch|02,astra,NAMED,fable,batch,2
astra|NAMED|fable|batch|03,astra,NAMED,fable,batch,3
astra|NAMED|fable|batch|04,astra,NAMED,fable,batch,4
astra|NAMED|fable|batch|05,astra,NAMED,fable,batch,5
astra|NAMED|fable|batch|06,astra,NAMED,fable,batch,6
astra|NAMED|fable|batch|07,astra,NAMED,fable,batch,7
astra|NAMED|fable|batch|08,astra,NAMED,fable,batch,8
astra|NAMED|fable|batch|09,astra,NAMED,fable,batch,9
astra|NAMED|fable|history_conditioned|00,astra,NAMED,fable,history_conditioned,0
astra|NAMED|fable|history_conditioned|01,astra,NAMED,fable,history_conditioned,1
astra|NAMED|fable|history_conditioned|02,astra,NAMED,fable,history_conditioned,2
astra|NAMED|fable|history_conditioned|03,astra,NAMED,fable,history_conditioned,3
astra|NAMED|fable|history_conditioned|04,astra,NAMED,fable,history_conditioned,4
astra|NAMED|fable|history_conditioned|05,astra,NAMED,fable,history_conditioned,5
astra|NAMED|fable|history_conditioned|06,astra,NAMED,fable,history_conditioned,6
astra|NAMED|fable|history_conditioned|07,astra,NAMED,fable,history_conditioned,7
astra|NAMED|fable|history_conditioned|08,astra,NAMED,fable,history_conditioned,8
astra|NAMED|fable|history_conditioned|09,astra,NAMED,fable,history_conditioned,9
astra|NAMED|fable|independent_calls|00,astra,NAMED,fable,independent_calls,0
astra|NAMED|fable|independent_calls|01,astra,NAMED,fable,independent_calls,1
astra|NAMED|fable|independent_calls|02,astra,NAMED,fable,independent_calls,2
astra|NAMED|fable|independent_calls|03,astra,NAMED,fable,independent_calls,3
astra|NAMED|fable|independent_calls|04,astra,NAMED,fable,independent_calls,4
astra|NAMED|fable|independent_calls|05,astra,NAMED,fable,independent_calls,5
astra|NAMED|fable|independent_calls|06,astra,NAMED,fable,independent_calls,6
astra|NAMED|fable|independent_calls|07,astra,NAMED,fable,independent_calls,7
astra|NAMED|fable|independent_calls|08,astra,NAMED,fable,independent_calls,8
astra|NAMED|fable|independent_calls|09,astra,NAMED,fable,independent_calls,9
astra|NAMED|mimo|batch|00,astra,NAMED,mimo,batch,0
astra|NAMED|mimo|batch|01,astra,NAMED,mimo,batch,1
astra|NAMED|mimo|batch|02,astra,NAMED,mimo,batch,2
astra|NAMED|mimo|batch|03,astra,NAMED,mimo,batch,3
astra|NAMED|mimo|batch|04,astra,NAMED,mimo,batch,4
astra|NAMED|mimo|batch|05,astra,NAMED,mimo,batch,5
astra|NAMED|mimo|batch|06,astra,NAMED,mimo,batch,6
astra|NAMED|mimo|batch|07,astra,NAMED,mimo,batch,7
astra|NAMED|mimo|batch|08,astra,NAMED,mimo,batch,8
astra|NAMED|mimo|batch|09,astra,NAMED,mimo,batch,9
astra|NAMED|mimo|history_conditioned|00,astra,NAMED,mimo,history_conditioned,0
astra|NAMED|mimo|history_conditioned|01,astra,NAMED,mimo,history_conditioned,1
astra|NAMED|mimo|history_conditioned|02,astra,NAMED,mimo,history_conditioned,2
astra|NAMED|mimo|history_conditioned|03,astra,NAMED,mimo,history_conditioned,3
astra|NAMED|mimo|history_conditioned|04,astra,NAMED,mimo,history_conditioned,4
astra|NAMED|mimo|history_conditioned|05,astra,NAMED,mimo,history_conditioned,5
astra|NAMED|mimo|history_conditioned|06,astra,NAMED,mimo,history_conditioned,6
astra|NAMED|mimo|history_conditioned|07,astra,NAMED,mimo,history_conditioned,7
astra|NAMED|mimo|history_conditioned|08,astra,NAMED,mimo,history_conditioned,8
astra|NAMED|mimo|history_conditioned|09,astra,NAMED,mimo,history_conditioned,9
astra|NAMED|mimo|independent_calls|00,astra,NAMED,mimo,independent_calls,0
astra|NAMED|mimo|independent_calls|01,astra,NAMED,mimo,independent_calls,1
astra|NAMED|mimo|independent_calls|02,astra,NAMED,mimo,independent_calls,2
astra|NAMED|mimo|independent_calls|03,astra,NAMED,mimo,independent_calls,3
astra|NAMED|mimo|independent_calls|04,astra,NAMED,mimo,independent_calls,4
astra|NAMED|mimo|independent_calls|05,astra,NAMED,mimo,independent_calls,5
astra|NAMED|mimo|independent_calls|06,astra,NAMED,mimo,independent_calls,6
astra|NAMED|mimo|independent_calls|07,astra,NAMED,mimo,independent_calls,7
astra|NAMED|mimo|independent_calls|08,astra,NAMED,mimo,independent_calls,8
astra|NAMED|mimo|independent_calls|09,astra,NAMED,mimo,independent_calls,9
fable|NAMED|astra|batch|00,fable,NAMED,astra,batch,0
fable|NAMED|astra|batch|01,fable,NAMED,astra,batch,1
fable|NAMED|astra|batch|02,fable,NAMED,astra,batch,2
fable|NAMED|astra|batch|03,fable,NAMED,astra,batch,3
fable|NAMED|astra|batch|04,fable,NAMED,astra,batch,4
fable|NAMED|astra|batch|05,fable,NAMED,astra,batch,5
fable|NAMED|astra|batch|06,fable,NAMED,astra,batch,6
fable|NAMED|astra|batch|07,fable,NAMED,astra,batch,7
fable|NAMED|astra|batch|08,fable,NAMED,astra,batch,8
fable|NAMED|astra|batch|09,fable,NAMED,astra,batch,9
fable|NAMED|astra|history_conditioned|00,fable,NAMED,astra,history_conditioned,0
fable|NAMED|astra|history_conditioned|01,fable,NAMED,astra,history_conditioned,1
fable|NAMED|astra|history_conditioned|02,fable,NAMED,astra,history_conditioned,2
fable|NAMED|astra|history_conditioned|03,fable,NAMED,astra,history_conditioned,3
fable|NAMED|astra|history_conditioned|04,fable,NAMED,astra,history_conditioned,4
fable|NAMED|astra|history_conditioned|05,fable,NAMED,astra,history_conditioned,5
fable|NAMED|astra|history_conditioned|06,fable,NAMED,astra,history_conditioned,6
fable|NAMED|astra|history_conditioned|07,fable,NAMED,astra,history_conditioned,7
fable|NAMED|astra|history_conditioned|08,fable,NAMED,astra,history_conditioned,8
fable|NAMED|astra|history_conditioned|09,fable,NAMED,astra,history_conditioned,9
fable|NAMED|astra|independent_calls|00,fable,NAMED,astra,independent_calls,0
fable|NAMED|astra|independent_calls|01,fable,NAMED,astra,independent_calls,1
fable|NAMED|astra|independent_calls|02,fable,NAMED,astra,independent_calls,2
fable|NAMED|astra|independent_calls|03,fable,NAMED,astra,independent_calls,3
fable|NAMED|astra|independent_calls|04,fable,NAMED,astra,independent_calls,4
fable|NAMED|astra|independent_calls|05,fable,NAMED,astra,independent_calls,5
fable|NAMED|astra|independent_calls|06,fable,NAMED,astra,independent_calls,6
fable|NAMED|astra|independent_calls|07,fable,NAMED,astra,independent_calls,7
fable|NAMED|astra|independent_calls|08,fable,NAMED,astra,independent_calls,8
fable|NAMED|astra|independent_calls|09,fable,NAMED,astra,independent_calls,9
fable|NAMED|fable|batch|00,fable,NAMED,fable,batch,0
fable|NAMED|fable|batch|01,fable,NAMED,fable,batch,1
fable|NAMED|fable|batch|02,fable,NAMED,fable,batch,2
fable|NAMED|fable|batch|03,fable,NAMED,fable,batch,3
fable|NAMED|fable|batch|04,fable,NAMED,fable,batch,4
fable|NAMED|fable|batch|05,fable,NAMED,fable,batch,5
fable|NAMED|fable|batch|06,fable,NAMED,fable,batch,6
fable|NAMED|fable|batch|07,fable,NAMED,fable,batch,7
fable|NAMED|fable|batch|08,fable,NAMED,fable,batch,8
fable|NAMED|fable|batch|09,fable,NAMED,fable,batch,9
fable|SELF|fable|batch|00,fable,SELF,fable,batch,0
fable|SELF|fable|batch|01,fable,SELF,fable,batch,1
fable|SELF|fable|batch|02,fable,SELF,fable,batch,2
fable|SELF|fable|batch|03,fable,SELF,fable,batch,3
fable|SELF|fable|batch|04,fable,SELF,fable,batch,4
fable|SELF|fable|batch|05,fable,SELF,fable,batch,5
fable|SELF|fable|batch|06,fable,SELF,fable,batch,6
fable|SELF|fable|batch|07,fable,SELF,fable,batch,7
fable|SELF|fable|batch|08,fable,SELF,fable,batch,8
fable|SELF|fable|batch|09,fable,SELF,fable,batch,9
fable|NAMED|fable|history_conditioned|00,fable,NAMED,fable,history_conditioned,0
fable|NAMED|fable|history_conditioned|01,fable,NAMED,fable,history_conditioned,1
fable|NAMED|fable|history_conditioned|02,fable,NAMED,fable,history_conditioned,2
fable|NAMED|fable|history_conditioned|03,fable,NAMED,fable,history_conditioned,3
fable|NAMED|fable|history_conditioned|04,fable,NAMED,fable,history_conditioned,4
fable|NAMED|fable|history_conditioned|05,fable,NAMED,fable,history_conditioned,5
fable|NAMED|fable|history_conditioned|06,fable,NAMED,fable,history_conditioned,6
fable|NAMED|fable|history_conditioned|07,fable,NAMED,fable,history_conditioned,7
fable|NAMED|fable|history_conditioned|08,fable,NAMED,fable,history_conditioned,8
fable|NAMED|fable|history_conditioned|09,fable,NAMED,fable,history_conditioned,9
fable|SELF|fable|history_conditioned|00,fable,SELF,fable,history_conditioned,0
fable|SELF|fable|history_conditioned|01,fable,SELF,fable,history_conditioned,1
fable|SELF|fable|history_conditioned|02,fable,SELF,fable,history_conditioned,2
fable|SELF|fable|history_conditioned|03,fable,SELF,fable,history_conditioned,3
fable|SELF|fable|history_conditioned|04,fable,SELF,fable,history_conditioned,4
fable|SELF|fable|history_conditioned|05,fable,SELF,fable,history_conditioned,5
fable|SELF|fable|history_conditioned|06,fable,SELF,fable,history_conditioned,6
fable|SELF|fable|history_conditioned|07,fable,SELF,fable,history_conditioned,7
fable|SELF|fable|history_conditioned|08,fable,SELF,fable,history_conditioned,8
fable|SELF|fable|history_conditioned|09,fable,SELF,fable,history_conditioned,9
fable|NAMED|fable|independent_calls|00,fable,NAMED,fable,independent_calls,0
fable|NAMED|fable|independent_calls|01,fable,NAMED,fable,independent_calls,1
fable|NAMED|fable|independent_calls|02,fable,NAMED,fable,independent_calls,2
fable|NAMED|fable|independent_calls|03,fable,NAMED,fable,independent_calls,3
fable|NAMED|fable|independent_calls|04,fable,NAMED,fable,independent_calls,4
fable|NAMED|fable|independent_calls|05,fable,NAMED,fable,independent_calls,5
fable|NAMED|fable|independent_calls|06,fable,NAMED,fable,independent_calls,6
fable|NAMED|fable|independent_calls|07,fable,NAMED,fable,independent_calls,7
fable|NAMED|fable|independent_calls|08,fable,NAMED,fable,independent_calls,8
fable|NAMED|fable|independent_calls|09,fable,NAMED,fable,independent_calls,9
fable|SELF|fable|independent_calls|00,fable,SELF,fable,independent_calls,0
fable|SELF|fable|independent_calls|01,fable,SELF,fable,independent_calls,1
fable|SELF|fable|independent_calls|02,fable,SELF,fable,independent_calls,2
fable|SELF|fable|independent_calls|03,fable,SELF,fable,independent_calls,3
fable|SELF|fable|independent_calls|04,fable,SELF,fable,independent_calls,4
fable|SELF|fable|independent_calls|05,fable,SELF,fable,independent_calls,5
fable|SELF|fable|independent_calls|06,fable,SELF,fable,independent_calls,6
fable|SELF|fable|independent_calls|07,fable,SELF,fable,independent_calls,7
fable|SELF|fable|independent_calls|08,fable,SELF,fable,independent_calls,8
fable|SELF|fable|independent_calls|09,fable,SELF,fable,independent_calls,9
fable|NAMED|mimo|batch|00,fable,NAMED,mimo,batch,0
fable|NAMED|mimo|batch|01,fable,NAMED,mimo,batch,1
fable|NAMED|mimo|batch|02,fable,NAMED,mimo,batch,2
fable|NAMED|mimo|batch|03,fable,NAMED,mimo,batch,3
fable|NAMED|mimo|batch|04,fable,NAMED,mimo,batch,4
fable|NAMED|mimo|batch|05,fable,NAMED,mimo,batch,5
fable|NAMED|mimo|batch|06,fable,NAMED,mimo,batch,6
fable|NAMED|mimo|batch|07,fable,NAMED,mimo,batch,7
fable|NAMED|mimo|batch|08,fable,NAMED,mimo,batch,8
fable|NAMED|mimo|batch|09,fable,NAMED,mimo,batch,9
fable|NAMED|mimo|history_conditioned|00,fable,NAMED,mimo,history_conditioned,0
fable|NAMED|mimo|history_conditioned|01,fable,NAMED,mimo,history_conditioned,1
fable|NAMED|mimo|history_conditioned|02,fable,NAMED,mimo,history_conditioned,2
fable|NAMED|mimo|history_conditioned|03,fable,NAMED,mimo,history_conditioned,3
fable|NAMED|mimo|history_conditioned|04,fable,NAMED,mimo,history_conditioned,4
fable|NAMED|mimo|history_conditioned|05,fable,NAMED,mimo,history_conditioned,5
fable|NAMED|mimo|history_conditioned|06,fable,NAMED,mimo,history_conditioned,6
fable|NAMED|mimo|history_conditioned|07,fable,NAMED,mimo,history_conditioned,7
fable|NAMED|mimo|history_conditioned|08,fable,NAMED,mimo,history_conditioned,8
fable|NAMED|mimo|history_conditioned|09,fable,NAMED,mimo,history_conditioned,9
fable|NAMED|mimo|independent_calls|00,fable,NAMED,mimo,independent_calls,0
fable|NAMED|mimo|independent_calls|01,fable,NAMED,mimo,independent_calls,1
fable|NAMED|mimo|independent_calls|02,fable,NAMED,mimo,independent_calls,2
fable|NAMED|mimo|independent_calls|03,fable,NAMED,mimo,independent_calls,3
fable|NAMED|mimo|independent_calls|04,fable,NAMED,mimo,independent_calls,4
fable|NAMED|mimo|independent_calls|05,fable,NAMED,mimo,independent_calls,5
fable|NAMED|mimo|independent_calls|06,fable,NAMED,mimo,independent_calls,6
fable|NAMED|mimo|independent_calls|07,fable,NAMED,mimo,independent_calls,7
fable|NAMED|mimo|independent_calls|08,fable,NAMED,mimo,independent_calls,8
fable|NAMED|mimo|independent_calls|09,fable,NAMED,mimo,independent_calls,9
mimo|NAMED|astra|batch|00,mimo,NAMED,astra,batch,0
mimo|NAMED|astra|batch|01,mimo,NAMED,astra,batch,1
mimo|NAMED|astra|batch|02,mimo,NAMED,astra,batch,2
mimo|NAMED|astra|batch|03,mimo,NAMED,astra,batch,3
mimo|NAMED|astra|batch|04,mimo,NAMED,astra,batch,4
mimo|NAMED|astra|batch|05,mimo,NAMED,astra,batch,5
mimo|NAMED|astra|batch|06,mimo,NAMED,astra,batch,6
mimo|NAMED|astra|batch|07,mimo,NAMED,astra,batch,7
mimo|NAMED|astra|batch|08,mimo,NAMED,astra,batch,8
mimo|NAMED|astra|batch|09,mimo,NAMED,astra,batch,9
mimo|NAMED|astra|history_conditioned|00,mimo,NAMED,astra,history_conditioned,0
mimo|NAMED|astra|history_conditioned|01,mimo,NAMED,astra,history_conditioned,1
mimo|NAMED|astra|history_conditioned|02,mimo,NAMED,astra,history_conditioned,2
mimo|NAMED|astra|history_conditioned|03,mimo,NAMED,astra,history_conditioned,3
mimo|NAMED|astra|history_conditioned|04,mimo,NAMED,astra,history_conditioned,4
mimo|NAMED|astra|history_conditioned|05,mimo,NAMED,astra,history_conditioned,5
mimo|NAMED|astra|history_conditioned|06,mimo,NAMED,astra,history_conditioned,6
mimo|NAMED|astra|history_conditioned|07,mimo,NAMED,astra,history_conditioned,7
mimo|NAMED|astra|history_conditioned|08,mimo,NAMED,astra,history_conditioned,8
mimo|NAMED|astra|history_conditioned|09,mimo,NAMED,astra,history_conditioned,9
mimo|NAMED|astra|independent_calls|00,mimo,NAMED,astra,independent_calls,0
mimo|NAMED|astra|independent_calls|01,mimo,NAMED,astra,independent_calls,1
mimo|NAMED|astra|independent_calls|02,mimo,NAMED,astra,independent_calls,2
mimo|NAMED|astra|independent_calls|03,mimo,NAMED,astra,independent_calls,3
mimo|NAMED|astra|independent_calls|04,mimo,NAMED,astra,independent_calls,4
mimo|NAMED|astra|independent_calls|05,mimo,NAMED,astra,independent_calls,5
mimo|NAMED|astra|independent_calls|06,mimo,NAMED,astra,independent_calls,6
mimo|NAMED|astra|independent_calls|07,mimo,NAMED,astra,independent_calls,7
mimo|NAMED|astra|independent_calls|08,mimo,NAMED,astra,independent_calls,8
mimo|NAMED|astra|independent_calls|09,mimo,NAMED,astra,independent_calls,9
mimo|NAMED|fable|batch|00,mimo,NAMED,fable,batch,0
mimo|NAMED|fable|batch|01,mimo,NAMED,fable,batch,1
mimo|NAMED|fable|batch|02,mimo,NAMED,fable,batch,2
mimo|NAMED|fable|batch|03,mimo,NAMED,fable,batch,3
mimo|NAMED|fable|batch|04,mimo,NAMED,fable,batch,4
mimo|NAMED|fable|batch|05,mimo,NAMED,fable,batch,5
mimo|NAMED|fable|batch|06,mimo,NAMED,fable,batch,6
mimo|NAMED|fable|batch|07,mimo,NAMED,fable,batch,7
mimo|NAMED|fable|batch|08,mimo,NAMED,fable,batch,8
mimo|NAMED|fable|batch|09,mimo,NAMED,fable,batch,9
mimo|NAMED|fable|history_conditioned|00,mimo,NAMED,fable,history_conditioned,0
mimo|NAMED|fable|history_conditioned|01,mimo,NAMED,fable,history_conditioned,1
mimo|NAMED|fable|history_conditioned|02,mimo,NAMED,fable,history_conditioned,2
mimo|NAMED|fable|history_conditioned|03,mimo,NAMED,fable,history_conditioned,3
mimo|NAMED|fable|history_conditioned|04,mimo,NAMED,fable,history_conditioned,4
mimo|NAMED|fable|history_conditioned|05,mimo,NAMED,fable,history_conditioned,5
mimo|NAMED|fable|history_conditioned|06,mimo,NAMED,fable,history_conditioned,6
mimo|NAMED|fable|history_conditioned|07,mimo,NAMED,fable,history_conditioned,7
mimo|NAMED|fable|history_conditioned|08,mimo,NAMED,fable,history_conditioned,8
mimo|NAMED|fable|history_conditioned|09,mimo,NAMED,fable,history_conditioned,9
mimo|NAMED|fable|independent_calls|00,mimo,NAMED,fable,independent_calls,0
mimo|NAMED|fable|independent_calls|01,mimo,NAMED,fable,independent_calls,1
mimo|NAMED|fable|independent_calls|02,mimo,NAMED,fable,independent_calls,2
mimo|NAMED|fable|independent_calls|03,mimo,NAMED,fable,independent_calls,3
mimo|NAMED|fable|independent_calls|04,mimo,NAMED,fable,independent_calls,4
mimo|NAMED|fable|independent_calls|05,mimo,NAMED,fable,independent_calls,5
mimo|NAMED|fable|independent_calls|06,mimo,NAMED,fable,independent_calls,6
mimo|NAMED|fable|independent_calls|07,mimo,NAMED,fable,independent_calls,7
mimo|NAMED|fable|independent_calls|08,mimo,NAMED,fable,independent_calls,8
mimo|NAMED|fable|independent_calls|09,mimo,NAMED,fable,independent_calls,9
mimo|NAMED|mimo|batch|00,mimo,NAMED,mimo,batch,0
mimo|NAMED|mimo|batch|01,mimo,NAMED,mimo,batch,1
mimo|NAMED|mimo|batch|02,mimo,NAMED,mimo,batch,2
mimo|NAMED|mimo|batch|03,mimo,NAMED,mimo,batch,3
mimo|NAMED|mimo|batch|04,mimo,NAMED,mimo,batch,4
mimo|NAMED|mimo|batch|05,mimo,NAMED,mimo,batch,5
mimo|NAMED|mimo|batch|06,mimo,NAMED,mimo,batch,6
mimo|NAMED|mimo|batch|07,mimo,NAMED,mimo,batch,7
mimo|NAMED|mimo|batch|08,mimo,NAMED,mimo,batch,8
mimo|NAMED|mimo|batch|09,mimo,NAMED,mimo,batch,9
mimo|SELF|mimo|batch|00,mimo,SELF,mimo,batch,0
mimo|SELF|mimo|batch|01,mimo,SELF,mimo,batch,1
mimo|SELF|mimo|batch|02,mimo,SELF,mimo,batch,2
mimo|SELF|mimo|batch|03,mimo,SELF,mimo,batch,3
mimo|SELF|mimo|batch|04,mimo,SELF,mimo,batch,4
mimo|SELF|mimo|batch|05,mimo,SELF,mimo,batch,5
mimo|SELF|mimo|batch|06,mimo,SELF,mimo,batch,6
mimo|SELF|mimo|batch|07,mimo,SELF,mimo,batch,7
mimo|SELF|mimo|batch|08,mimo,SELF,mimo,batch,8
mimo|SELF|mimo|batch|09,mimo,SELF,mimo,batch,9
mimo|NAMED|mimo|history_conditioned|00,mimo,NAMED,mimo,history_conditioned,0
mimo|NAMED|mimo|history_conditioned|01,mimo,NAMED,mimo,history_conditioned,1
mimo|NAMED|mimo|history_conditioned|02,mimo,NAMED,mimo,history_conditioned,2
mimo|NAMED|mimo|history_conditioned|03,mimo,NAMED,mimo,history_conditioned,3
mimo|NAMED|mimo|history_conditioned|04,mimo,NAMED,mimo,history_conditioned,4
mimo|NAMED|mimo|history_conditioned|05,mimo,NAMED,mimo,history_conditioned,5
mimo|NAMED|mimo|history_conditioned|06,mimo,NAMED,mimo,history_conditioned,6
mimo|NAMED|mimo|history_conditioned|07,mimo,NAMED,mimo,history_conditioned,7
mimo|NAMED|mimo|history_conditioned|08,mimo,NAMED,mimo,history_conditioned,8
mimo|NAMED|mimo|history_conditioned|09,mimo,NAMED,mimo,history_conditioned,9
mimo|SELF|mimo|history_conditioned|00,mimo,SELF,mimo,history_conditioned,0
mimo|SELF|mimo|history_conditioned|01,mimo,SELF,mimo,history_conditioned,1
mimo|SELF|mimo|history_conditioned|02,mimo,SELF,mimo,history_conditioned,2
mimo|SELF|mimo|history_conditioned|03,mimo,SELF,mimo,history_conditioned,3
mimo|SELF|mimo|history_conditioned|04,mimo,SELF,mimo,history_conditioned,4
mimo|SELF|mimo|history_conditioned|05,mimo,SELF,mimo,history_conditioned,5
mimo|SELF|mimo|history_conditioned|06,mimo,SELF,mimo,history_conditioned,6
mimo|SELF|mimo|history_conditioned|07,mimo,SELF,mimo,history_conditioned,7
mimo|SELF|mimo|history_conditioned|08,mimo,SELF,mimo,history_conditioned,8
mimo|SELF|mimo|history_conditioned|09,mimo,SELF,mimo,history_conditioned,9
mimo|NAMED|mimo|independent_calls|00,mimo,NAMED,mimo,independent_calls,0
mimo|NAMED|mimo|independent_calls|01,mimo,NAMED,mimo,independent_calls,1
mimo|NAMED|mimo|independent_calls|02,mimo,NAMED,mimo,independent_calls,2
mimo|NAMED|mimo|independent_calls|03,mimo,NAMED,mimo,independent_calls,3
mimo|NAMED|mimo|independent_calls|04,mimo,NAMED,mimo,independent_calls,4
mimo|NAMED|mimo|independent_calls|05,mimo,NAMED,mimo,independent_calls,5
mimo|NAMED|mimo|independent_calls|06,mimo,NAMED,mimo,independent_calls,6
mimo|NAMED|mimo|independent_calls|07,mimo,NAMED,mimo,independent_calls,7
mimo|NAMED|mimo|independent_calls|08,mimo,NAMED,mimo,independent_calls,8
mimo|NAMED|mimo|independent_calls|09,mimo,NAMED,mimo,independent_calls,9
mimo|SELF|mimo|independent_calls|00,mimo,SELF,mimo,independent_calls,0
mimo|SELF|mimo|independent_calls|01,mimo,SELF,mimo,independent_calls,1
mimo|SELF|mimo|independent_calls|02,mimo,SELF,mimo,independent_calls,2
mimo|SELF|mimo|independent_calls|03,mimo,SELF,mimo,independent_calls,3
mimo|SELF|mimo|independent_calls|04,mimo,SELF,mimo,independent_calls,4
mimo|SELF|mimo|independent_calls|05,mimo,SELF,mimo,independent_calls,5
mimo|SELF|mimo|independent_calls|06,mimo,SELF,mimo,independent_calls,6
mimo|SELF|mimo|independent_calls|07,mimo,SELF,mimo,independent_calls,7
mimo|SELF|mimo|independent_calls|08,mimo,SELF,mimo,independent_calls,8
mimo|SELF|mimo|independent_calls|09,mimo,SELF,mimo,independent_calls,9
