triplet_id,split,astra_trajectory_id,fable_trajectory_id,mimo_trajectory_id
dev_t01,development,astra_batch_09,fable_batch_12,mimo_batch_12
dev_t02,development,astra_batch_03,fable_batch_14,mimo_batch_09
dev_t03,development,astra_batch_18,fable_batch_18,mimo_batch_07
dev_t04,development,astra_batch_16,fable_batch_15,mimo_batch_01
dev_t05,development,astra_batch_01,fable_batch_19,mimo_batch_05
dev_t06,development,astra_batch_02,fable_batch_03,mimo_batch_14
dev_t07,development,astra_batch_08,fable_batch_00,mimo_batch_19
dev_t08,development,astra_batch_15,fable_batch_09,mimo_batch_00
dev_t09,development,astra_batch_10,fable_batch_10,mimo_batch_16
dev_t10,development,astra_batch_04,fable_batch_07,mimo_batch_08
hold_t01,holdout,astra_batch_12,fable_batch_08,mimo_batch_13
hold_t02,holdout,astra_batch_06,fable_batch_11,mimo_batch_11
hold_t03,holdout,astra_batch_19,fable_batch_16,mimo_batch_06
hold_t04,holdout,astra_batch_17,fable_batch_13,mimo_batch_03
hold_t05,holdout,astra_batch_00,fable_batch_17,mimo_batch_04
hold_t06,holdout,astra_batch_05,fable_batch_02,mimo_batch_15
hold_t07,holdout,astra_batch_11,fable_batch_01,mimo_batch_18
hold_t08,holdout,astra_batch_14,fable_batch_05,mimo_batch_02
hold_t09,holdout,astra_batch_13,fable_batch_06,mimo_batch_17
hold_t10,holdout,astra_batch_07,fable_batch_04,mimo_batch_10
