split,baseline,pair_id,triplet_id,target_label,distractor_label,prediction,correct_answer,correct,tie
holdout,marginal,hold_t01_af,hold_t01,fable,astra,A,A,True,False
holdout,marginal,hold_t01_af,hold_t01,astra,fable,B,B,True,False
holdout,marginal,hold_t02_af,hold_t02,fable,astra,A,A,True,False
holdout,marginal,hold_t02_af,hold_t02,astra,fable,B,B,True,False
holdout,marginal,hold_t03_af,hold_t03,astra,fable,A,A,True,False
holdout,marginal,hold_t03_af,hold_t03,fable,astra,B,B,True,False
holdout,marginal,hold_t04_af,hold_t04,astra,fable,A,A,True,False
holdout,marginal,hold_t04_af,hold_t04,fable,astra,B,B,True,False
holdout,marginal,hold_t05_af,hold_t05,astra,fable,A,A,True,False
holdout,marginal,hold_t05_af,hold_t05,fable,astra,B,B,True,False
holdout,marginal,hold_t06_af,hold_t06,astra,fable,A,A,True,False
holdout,marginal,hold_t06_af,hold_t06,fable,astra,B,B,True,False
holdout,marginal,hold_t07_af,hold_t07,astra,fable,A,A,True,False
holdout,marginal,hold_t07_af,hold_t07,fable,astra,B,B,True,False
holdout,marginal,hold_t08_af,hold_t08,fable,astra,A,A,True,False
holdout,marginal,hold_t08_af,hold_t08,astra,fable,B,B,True,False
holdout,marginal,hold_t09_af,hold_t09,fable,astra,A,A,True,False
holdout,marginal,hold_t09_af,hold_t09,astra,fable,B,B,True,False
holdout,marginal,hold_t10_af,hold_t10,fable,astra,A,A,True,False
holdout,marginal,hold_t10_af,hold_t10,astra,fable,B,B,True,False
holdout,marginal,hold_t01_am,hold_t01,mimo,astra,A,A,True,False
holdout,marginal,hold_t01_am,hold_t01,astra,mimo,B,B,True,False
holdout,marginal,hold_t02_am,hold_t02,mimo,astra,B,A,False,False
holdout,marginal,hold_t02_am,hold_t02,astra,mimo,A,B,False,False
holdout,marginal,hold_t03_am,hold_t03,astra,mimo,A,A,True,False
holdout,marginal,hold_t03_am,hold_t03,mimo,astra,B,B,True,False
holdout,marginal,hold_t04_am,hold_t04,mimo,astra,TIE,A,,True
holdout,marginal,hold_t04_am,hold_t04,astra,mimo,TIE,B,,True
holdout,marginal,hold_t05_am,hold_t05,astra,mimo,B,A,False,False
holdout,marginal,hold_t05_am,hold_t05,mimo,astra,A,B,False,False
holdout,marginal,hold_t06_am,hold_t06,astra,mimo,A,A,True,False
holdout,marginal,hold_t06_am,hold_t06,mimo,astra,B,B,True,False
holdout,marginal,hold_t07_am,hold_t07,astra,mimo,A,A,True,False
holdout,marginal,hold_t07_am,hold_t07,mimo,astra,B,B,True,False
holdout,marginal,hold_t08_am,hold_t08,astra,mimo,TIE,A,,True
holdout,marginal,hold_t08_am,hold_t08,mimo,astra,TIE,B,,True
holdout,marginal,hold_t09_am,hold_t09,mimo,astra,TIE,A,,True
holdout,marginal,hold_t09_am,hold_t09,astra,mimo,TIE,B,,True
holdout,marginal,hold_t10_am,hold_t10,mimo,astra,B,A,False,False
holdout,marginal,hold_t10_am,hold_t10,astra,mimo,A,B,False,False
holdout,marginal,hold_t01_fm,hold_t01,fable,mimo,A,A,True,False
holdout,marginal,hold_t01_fm,hold_t01,mimo,fable,B,B,True,False
holdout,marginal,hold_t02_fm,hold_t02,fable,mimo,B,A,False,False
holdout,marginal,hold_t02_fm,hold_t02,mimo,fable,A,B,False,False
holdout,marginal,hold_t03_fm,hold_t03,mimo,fable,A,A,True,False
holdout,marginal,hold_t03_fm,hold_t03,fable,mimo,B,B,True,False
holdout,marginal,hold_t04_fm,hold_t04,fable,mimo,A,A,True,False
holdout,marginal,hold_t04_fm,hold_t04,mimo,fable,B,B,True,False
holdout,marginal,hold_t05_fm,hold_t05,mimo,fable,TIE,A,,True
holdout,marginal,hold_t05_fm,hold_t05,fable,mimo,TIE,B,,True
holdout,marginal,hold_t06_fm,hold_t06,mimo,fable,A,A,True,False
holdout,marginal,hold_t06_fm,hold_t06,fable,mimo,B,B,True,False
holdout,marginal,hold_t07_fm,hold_t07,fable,mimo,A,A,True,False
holdout,marginal,hold_t07_fm,hold_t07,mimo,fable,B,B,True,False
holdout,marginal,hold_t08_fm,hold_t08,fable,mimo,A,A,True,False
holdout,marginal,hold_t08_fm,hold_t08,mimo,fable,B,B,True,False
holdout,marginal,hold_t09_fm,hold_t09,mimo,fable,A,A,True,False
holdout,marginal,hold_t09_fm,hold_t09,fable,mimo,B,B,True,False
holdout,marginal,hold_t10_fm,hold_t10,mimo,fable,TIE,A,,True
holdout,marginal,hold_t10_fm,hold_t10,fable,mimo,TIE,B,,True
development,marginal,dev_t01_af,dev_t01,fable,astra,A,A,True,False
development,marginal,dev_t01_af,dev_t01,astra,fable,B,B,True,False
development,marginal,dev_t01_am,dev_t01,astra,mimo,A,A,True,False
development,marginal,dev_t01_am,dev_t01,mimo,astra,B,B,True,False
development,marginal,dev_t01_fm,dev_t01,mimo,fable,A,A,True,False
development,marginal,dev_t01_fm,dev_t01,fable,mimo,B,B,True,False
development,marginal,dev_t02_af,dev_t02,astra,fable,A,A,True,False
development,marginal,dev_t02_af,dev_t02,fable,astra,B,B,True,False
development,marginal,dev_t02_am,dev_t02,astra,mimo,A,A,True,False
development,marginal,dev_t02_am,dev_t02,mimo,astra,B,B,True,False
development,marginal,dev_t02_fm,dev_t02,mimo,fable,A,A,True,False
development,marginal,dev_t02_fm,dev_t02,fable,mimo,B,B,True,False
development,marginal,dev_t03_af,dev_t03,fable,astra,A,A,True,False
development,marginal,dev_t03_af,dev_t03,astra,fable,B,B,True,False
development,marginal,dev_t03_am,dev_t03,astra,mimo,A,A,True,False
development,marginal,dev_t03_am,dev_t03,mimo,astra,B,B,True,False
development,marginal,dev_t03_fm,dev_t03,fable,mimo,A,A,True,False
development,marginal,dev_t03_fm,dev_t03,mimo,fable,B,B,True,False
development,marginal,dev_t04_af,dev_t04,fable,astra,A,A,True,False
development,marginal,dev_t04_af,dev_t04,astra,fable,B,B,True,False
development,marginal,dev_t04_am,dev_t04,astra,mimo,TIE,A,,True
development,marginal,dev_t04_am,dev_t04,mimo,astra,TIE,B,,True
development,marginal,dev_t04_fm,dev_t04,fable,mimo,A,A,True,False
development,marginal,dev_t04_fm,dev_t04,mimo,fable,B,B,True,False
development,marginal,dev_t05_af,dev_t05,fable,astra,A,A,True,False
development,marginal,dev_t05_af,dev_t05,astra,fable,B,B,True,False
development,marginal,dev_t05_am,dev_t05,mimo,astra,A,A,True,False
development,marginal,dev_t05_am,dev_t05,astra,mimo,B,B,True,False
development,marginal,dev_t05_fm,dev_t05,mimo,fable,A,A,True,False
development,marginal,dev_t05_fm,dev_t05,fable,mimo,B,B,True,False
development,marginal,dev_t06_af,dev_t06,astra,fable,A,A,True,False
development,marginal,dev_t06_af,dev_t06,fable,astra,B,B,True,False
development,marginal,dev_t06_am,dev_t06,mimo,astra,TIE,A,,True
development,marginal,dev_t06_am,dev_t06,astra,mimo,TIE,B,,True
development,marginal,dev_t06_fm,dev_t06,fable,mimo,A,A,True,False
development,marginal,dev_t06_fm,dev_t06,mimo,fable,B,B,True,False
development,marginal,dev_t07_af,dev_t07,fable,astra,A,A,True,False
development,marginal,dev_t07_af,dev_t07,astra,fable,B,B,True,False
development,marginal,dev_t07_am,dev_t07,mimo,astra,A,A,True,False
development,marginal,dev_t07_am,dev_t07,astra,mimo,B,B,True,False
development,marginal,dev_t07_fm,dev_t07,mimo,fable,A,A,True,False
development,marginal,dev_t07_fm,dev_t07,fable,mimo,B,B,True,False
development,marginal,dev_t08_af,dev_t08,astra,fable,TIE,A,,True
development,marginal,dev_t08_af,dev_t08,fable,astra,TIE,B,,True
development,marginal,dev_t08_am,dev_t08,mimo,astra,TIE,A,,True
development,marginal,dev_t08_am,dev_t08,astra,mimo,TIE,B,,True
development,marginal,dev_t08_fm,dev_t08,fable,mimo,TIE,A,,True
development,marginal,dev_t08_fm,dev_t08,mimo,fable,TIE,B,,True
development,marginal,dev_t09_af,dev_t09,astra,fable,A,A,True,False
development,marginal,dev_t09_af,dev_t09,fable,astra,B,B,True,False
development,marginal,dev_t09_am,dev_t09,mimo,astra,A,A,True,False
development,marginal,dev_t09_am,dev_t09,astra,mimo,B,B,True,False
development,marginal,dev_t09_fm,dev_t09,fable,mimo,A,A,True,False
development,marginal,dev_t09_fm,dev_t09,mimo,fable,B,B,True,False
development,marginal,dev_t10_af,dev_t10,astra,fable,TIE,A,,True
development,marginal,dev_t10_af,dev_t10,fable,astra,TIE,B,,True
development,marginal,dev_t10_am,dev_t10,astra,mimo,A,A,True,False
development,marginal,dev_t10_am,dev_t10,mimo,astra,B,B,True,False
development,marginal,dev_t10_fm,dev_t10,mimo,fable,A,A,True,False
development,marginal,dev_t10_fm,dev_t10,fable,mimo,B,B,True,False
holdout,full,hold_t01_af,hold_t01,fable,astra,A,A,True,False
holdout,full,hold_t01_af,hold_t01,astra,fable,B,B,True,False
holdout,full,hold_t02_af,hold_t02,fable,astra,A,A,True,False
holdout,full,hold_t02_af,hold_t02,astra,fable,B,B,True,False
holdout,full,hold_t03_af,hold_t03,astra,fable,A,A,True,False
holdout,full,hold_t03_af,hold_t03,fable,astra,B,B,True,False
holdout,full,hold_t04_af,hold_t04,astra,fable,A,A,True,False
holdout,full,hold_t04_af,hold_t04,fable,astra,B,B,True,False
holdout,full,hold_t05_af,hold_t05,astra,fable,A,A,True,False
holdout,full,hold_t05_af,hold_t05,fable,astra,B,B,True,False
holdout,full,hold_t06_af,hold_t06,astra,fable,A,A,True,False
holdout,full,hold_t06_af,hold_t06,fable,astra,B,B,True,False
holdout,full,hold_t07_af,hold_t07,astra,fable,A,A,True,False
holdout,full,hold_t07_af,hold_t07,fable,astra,B,B,True,False
holdout,full,hold_t08_af,hold_t08,fable,astra,A,A,True,False
holdout,full,hold_t08_af,hold_t08,astra,fable,B,B,True,False
holdout,full,hold_t09_af,hold_t09,fable,astra,A,A,True,False
holdout,full,hold_t09_af,hold_t09,astra,fable,B,B,True,False
holdout,full,hold_t10_af,hold_t10,fable,astra,A,A,True,False
holdout,full,hold_t10_af,hold_t10,astra,fable,B,B,True,False
holdout,full,hold_t01_am,hold_t01,mimo,astra,B,A,False,False
holdout,full,hold_t01_am,hold_t01,astra,mimo,A,B,False,False
holdout,full,hold_t02_am,hold_t02,mimo,astra,B,A,False,False
holdout,full,hold_t02_am,hold_t02,astra,mimo,A,B,False,False
holdout,full,hold_t03_am,hold_t03,astra,mimo,B,A,False,False
holdout,full,hold_t03_am,hold_t03,mimo,astra,A,B,False,False
holdout,full,hold_t04_am,hold_t04,mimo,astra,A,A,True,False
holdout,full,hold_t04_am,hold_t04,astra,mimo,B,B,True,False
holdout,full,hold_t05_am,hold_t05,astra,mimo,B,A,False,False
holdout,full,hold_t05_am,hold_t05,mimo,astra,A,B,False,False
holdout,full,hold_t06_am,hold_t06,astra,mimo,A,A,True,False
holdout,full,hold_t06_am,hold_t06,mimo,astra,B,B,True,False
holdout,full,hold_t07_am,hold_t07,astra,mimo,A,A,True,False
holdout,full,hold_t07_am,hold_t07,mimo,astra,B,B,True,False
holdout,full,hold_t08_am,hold_t08,astra,mimo,B,A,False,False
holdout,full,hold_t08_am,hold_t08,mimo,astra,A,B,False,False
holdout,full,hold_t09_am,hold_t09,mimo,astra,A,A,True,False
holdout,full,hold_t09_am,hold_t09,astra,mimo,B,B,True,False
holdout,full,hold_t10_am,hold_t10,mimo,astra,B,A,False,False
holdout,full,hold_t10_am,hold_t10,astra,mimo,A,B,False,False
holdout,full,hold_t01_fm,hold_t01,fable,mimo,A,A,True,False
holdout,full,hold_t01_fm,hold_t01,mimo,fable,B,B,True,False
holdout,full,hold_t02_fm,hold_t02,fable,mimo,B,A,False,False
holdout,full,hold_t02_fm,hold_t02,mimo,fable,A,B,False,False
holdout,full,hold_t03_fm,hold_t03,mimo,fable,A,A,True,False
holdout,full,hold_t03_fm,hold_t03,fable,mimo,B,B,True,False
holdout,full,hold_t04_fm,hold_t04,fable,mimo,A,A,True,False
holdout,full,hold_t04_fm,hold_t04,mimo,fable,B,B,True,False
holdout,full,hold_t05_fm,hold_t05,mimo,fable,A,A,True,False
holdout,full,hold_t05_fm,hold_t05,fable,mimo,B,B,True,False
holdout,full,hold_t06_fm,hold_t06,mimo,fable,A,A,True,False
holdout,full,hold_t06_fm,hold_t06,fable,mimo,B,B,True,False
holdout,full,hold_t07_fm,hold_t07,fable,mimo,A,A,True,False
holdout,full,hold_t07_fm,hold_t07,mimo,fable,B,B,True,False
holdout,full,hold_t08_fm,hold_t08,fable,mimo,A,A,True,False
holdout,full,hold_t08_fm,hold_t08,mimo,fable,B,B,True,False
holdout,full,hold_t09_fm,hold_t09,mimo,fable,A,A,True,False
holdout,full,hold_t09_fm,hold_t09,fable,mimo,B,B,True,False
holdout,full,hold_t10_fm,hold_t10,mimo,fable,A,A,True,False
holdout,full,hold_t10_fm,hold_t10,fable,mimo,B,B,True,False
development,full,dev_t01_af,dev_t01,fable,astra,A,A,True,False
development,full,dev_t01_af,dev_t01,astra,fable,B,B,True,False
development,full,dev_t01_am,dev_t01,astra,mimo,A,A,True,False
development,full,dev_t01_am,dev_t01,mimo,astra,B,B,True,False
development,full,dev_t01_fm,dev_t01,mimo,fable,A,A,True,False
development,full,dev_t01_fm,dev_t01,fable,mimo,B,B,True,False
development,full,dev_t02_af,dev_t02,astra,fable,B,A,False,False
development,full,dev_t02_af,dev_t02,fable,astra,A,B,False,False
development,full,dev_t02_am,dev_t02,astra,mimo,A,A,True,False
development,full,dev_t02_am,dev_t02,mimo,astra,B,B,True,False
development,full,dev_t02_fm,dev_t02,mimo,fable,A,A,True,False
development,full,dev_t02_fm,dev_t02,fable,mimo,B,B,True,False
development,full,dev_t03_af,dev_t03,fable,astra,A,A,True,False
development,full,dev_t03_af,dev_t03,astra,fable,B,B,True,False
development,full,dev_t03_am,dev_t03,astra,mimo,A,A,True,False
development,full,dev_t03_am,dev_t03,mimo,astra,B,B,True,False
development,full,dev_t03_fm,dev_t03,fable,mimo,A,A,True,False
development,full,dev_t03_fm,dev_t03,mimo,fable,B,B,True,False
development,full,dev_t04_af,dev_t04,fable,astra,A,A,True,False
development,full,dev_t04_af,dev_t04,astra,fable,B,B,True,False
development,full,dev_t04_am,dev_t04,astra,mimo,B,A,False,False
development,full,dev_t04_am,dev_t04,mimo,astra,A,B,False,False
development,full,dev_t04_fm,dev_t04,fable,mimo,A,A,True,False
development,full,dev_t04_fm,dev_t04,mimo,fable,B,B,True,False
development,full,dev_t05_af,dev_t05,fable,astra,A,A,True,False
development,full,dev_t05_af,dev_t05,astra,fable,B,B,True,False
development,full,dev_t05_am,dev_t05,mimo,astra,A,A,True,False
development,full,dev_t05_am,dev_t05,astra,mimo,B,B,True,False
development,full,dev_t05_fm,dev_t05,mimo,fable,A,A,True,False
development,full,dev_t05_fm,dev_t05,fable,mimo,B,B,True,False
development,full,dev_t06_af,dev_t06,astra,fable,A,A,True,False
development,full,dev_t06_af,dev_t06,fable,astra,B,B,True,False
development,full,dev_t06_am,dev_t06,mimo,astra,B,A,False,False
development,full,dev_t06_am,dev_t06,astra,mimo,A,B,False,False
development,full,dev_t06_fm,dev_t06,fable,mimo,A,A,True,False
development,full,dev_t06_fm,dev_t06,mimo,fable,B,B,True,False
development,full,dev_t07_af,dev_t07,fable,astra,A,A,True,False
development,full,dev_t07_af,dev_t07,astra,fable,B,B,True,False
development,full,dev_t07_am,dev_t07,mimo,astra,A,A,True,False
development,full,dev_t07_am,dev_t07,astra,mimo,B,B,True,False
development,full,dev_t07_fm,dev_t07,mimo,fable,A,A,True,False
development,full,dev_t07_fm,dev_t07,fable,mimo,B,B,True,False
development,full,dev_t08_af,dev_t08,astra,fable,B,A,False,False
development,full,dev_t08_af,dev_t08,fable,astra,A,B,False,False
development,full,dev_t08_am,dev_t08,mimo,astra,B,A,False,False
development,full,dev_t08_am,dev_t08,astra,mimo,A,B,False,False
development,full,dev_t08_fm,dev_t08,fable,mimo,B,A,False,False
development,full,dev_t08_fm,dev_t08,mimo,fable,A,B,False,False
development,full,dev_t09_af,dev_t09,astra,fable,A,A,True,False
development,full,dev_t09_af,dev_t09,fable,astra,B,B,True,False
development,full,dev_t09_am,dev_t09,mimo,astra,A,A,True,False
development,full,dev_t09_am,dev_t09,astra,mimo,B,B,True,False
development,full,dev_t09_fm,dev_t09,fable,mimo,A,A,True,False
development,full,dev_t09_fm,dev_t09,mimo,fable,B,B,True,False
development,full,dev_t10_af,dev_t10,astra,fable,B,A,False,False
development,full,dev_t10_af,dev_t10,fable,astra,A,B,False,False
development,full,dev_t10_am,dev_t10,astra,mimo,A,A,True,False
development,full,dev_t10_am,dev_t10,mimo,astra,B,B,True,False
development,full,dev_t10_fm,dev_t10,mimo,fable,A,A,True,False
development,full,dev_t10_fm,dev_t10,fable,mimo,B,B,True,False
