trial_id,judge,stated_architecture,true_source_identity,actual_architecture,provenance_congruent,parsed_judgment,dist_to_self_centroid_under_stated_arch,dist_to_nearest_other_centroid_under_stated_arch,feature_rule_prediction,feature_rule_correct,judge_agrees_with_feature_rule
004f329f-3688-481c-b0ac-8df4743d1211,fable,batch,SELF,batch,True,OTHER,0.47538902497005664,0.7577693310139354,SELF,True,False
01cd176f-2ef9-4da5-9010-98ee4eb5d54f,astra,batch,OTHER,online,False,OTHER,91.47752729661305,91.53948672890765,SELF,False,False
024ba266-807c-475b-b77b-bdbf81755c8e,qwen,batch,SELF,batch,True,SELF,1.236884250194353,4.196336545251722,SELF,True,True
025a57b3-7e00-42ae-8f37-9495a670d038,astra,batch,SELF,online,False,OTHER,1.8173584145093533,2.3977576131070224,SELF,True,False
04e2ed63-4951-4d5c-9016-79b4a14dd998,fable,batch,OTHER,batch,True,OTHER,2.807691383928981,2.334503487133326,OTHER,True,True
08499250-a3d9-4a3c-8e29-bb1d30049d23,qwen,batch,SELF,batch,True,OTHER,3.1572182331656578,6.051604790914492,SELF,True,False
08644401-5de6-478f-8312-0a774534d142,qwen,batch,SELF,online,False,SELF,59.27474836361026,57.03343180552136,OTHER,False,False
09f9a1e6-6014-4953-9e3d-8dcc10cf39dd,fable,batch,SELF,online,False,OTHER,13.513490449219315,12.327207410986205,OTHER,False,True
0a203be9-df65-4ac5-a142-d43f4696d83c,fable,batch,SELF,batch,True,SELF,1.6880923292312497,2.579312462814403,SELF,True,True
0b8c863b-576b-461c-9fd1-1011cfbed952,fable,batch,OTHER,batch,True,SELF,7.660467703341051,5.894108700706023,OTHER,True,False
0c94b958-3bcf-4b0c-943c-cf3424535d05,astra,batch,OTHER,online,False,OTHER,90.01514928488503,90.07990695374717,SELF,False,False
0d33ff55-cca3-48a2-93b0-da95659f40ae,qwen,batch,OTHER,batch,True,OTHER,4.292059320850076,1.212629688776202,OTHER,True,True
0e2a317e-bdd9-4478-90c1-a9f9fdb80e86,qwen,batch,OTHER,online,False,OTHER,12.327207410986205,13.513490449219315,SELF,False,False
0eaefcad-15c9-47cb-b5aa-cdceaf3c7423,qwen,batch,SELF,online,False,OTHER,104.83399127727887,103.18981539038913,OTHER,False,True
0f59fcb5-38e3-4c6b-99dd-845a472bf5ca,astra,batch,SELF,online,False,SELF,10.413136464956859,7.613828862116334,OTHER,False,False
111010fb-54d0-4588-9dc5-d28553679a61,astra,batch,SELF,batch,True,OTHER,2.733216193809313,3.2714250073252082,SELF,True,False
115425e7-c69a-4e59-b8d7-212b49599538,fable,batch,SELF,batch,True,SELF,1.6880923292312497,2.579312462814403,SELF,True,True
12355fb6-59a0-45c0-9e0b-f24009d53510,qwen,batch,SELF,online,False,OTHER,104.83399127727887,103.18981539038913,OTHER,False,True
13db3019-d159-4016-86a4-16711923d73c,astra,batch,OTHER,online,False,OTHER,57.1256028493174,57.03343180552136,OTHER,True,True
14d43b75-64f4-439f-bf1e-c38c97feb7ed,fable,batch,SELF,batch,True,OTHER,1.7894752243472776,1.212629688776202,OTHER,False,True
1b6f8316-7922-4bf6-8aff-6f23bc967b27,fable,batch,SELF,online,False,SELF,14.994180336869988,15.584446532984789,SELF,True,True
1bcef40b-970e-4b46-a84e-b5adb149d554,astra,batch,OTHER,online,False,OTHER,12.336218804261579,11.558716012063798,OTHER,True,True
1c88d227-09ac-4fa8-9e88-517752a32f8a,fable,batch,OTHER,batch,True,SELF,3.568266591300819,1.377730559102454,OTHER,True,False
1f0d1855-04e9-4d78-bf51-62508108fda3,qwen,batch,OTHER,online,False,OTHER,7.089311626516575,7.64403805475802,SELF,False,False
1f4b369d-f8a2-4aab-b94e-45157b925c6b,qwen,batch,SELF,online,False,SELF,109.60458807515579,108.00526839141963,OTHER,False,False
2261fd08-5016-4951-b9f2-7a64758bd747,fable,batch,OTHER,online,False,OTHER,91.53948672890765,91.47752729661305,OTHER,True,True
25203eb1-2304-4c41-a8ec-60aa9139232b,qwen,batch,OTHER,batch,True,OTHER,3.2052406381165808,0.47538902497005664,OTHER,True,True
25d2e468-b35b-491d-869e-429253e83454,astra,batch,SELF,batch,True,OTHER,1.212629688776202,1.7894752243472776,SELF,True,False
289898b2-8578-4804-bf16-d55564843e7a,fable,batch,OTHER,online,False,OTHER,5.134117473387298,4.408030692187293,OTHER,True,True
2bb2123d-bd1b-40bc-89e2-3ca68802ccee,fable,batch,SELF,batch,True,OTHER,0.47538902497005664,0.7577693310139354,SELF,True,False
2dcd3634-d007-4a3f-86a1-f4d327f5ce5c,qwen,batch,OTHER,batch,True,OTHER,3.185014652359071,1.6880923292312497,OTHER,True,True
3025bb5e-b690-47a1-93a2-26b5434fb351,qwen,batch,OTHER,online,False,OTHER,5.990024334760627,3.94110281985999,OTHER,True,True
30ff3db6-1704-4123-a463-d7e285eed744,qwen,batch,OTHER,online,False,OTHER,14.105105961975774,14.959024245475678,SELF,False,False
31c00565-2c32-493f-8711-e4ad4a28927e,qwen,batch,OTHER,batch,True,OTHER,5.236580297646167,2.733216193809313,OTHER,True,True
33821762-eb90-48f2-8f93-331a19a37b71,fable,batch,SELF,online,False,OTHER,15.141708559684552,13.398172497183195,OTHER,False,True
34672afa-7e00-4d96-9fd6-2e26f829f51c,fable,batch,OTHER,online,False,SELF,6.051604790914492,3.1572182331656578,OTHER,True,False
36a0476e-3b62-4b8e-926d-3e78948b62ee,qwen,batch,OTHER,online,False,SELF,12.665866154743261,11.558716012063798,OTHER,True,False
39fc43c7-be31-4d47-bb39-187b1a63bb22,astra,batch,OTHER,batch,True,OTHER,2.8109500762844846,3.432421955260619,SELF,False,False
3dca31ff-7bed-4b2d-af8f-452831d254e8,qwen,batch,OTHER,batch,True,OTHER,3.2052406381165808,0.47538902497005664,OTHER,True,True
3e3dbb0f-437c-4eb1-8917-1ac779877bc6,astra,batch,OTHER,batch,True,OTHER,0.7577693310139354,0.47538902497005664,OTHER,True,True
41a07d17-19ca-40c4-8044-81bf1fbdaa82,fable,batch,SELF,online,False,OTHER,5.213293817338624,4.0333051925827705,OTHER,False,True
43dab6b5-654f-4c18-9f5b-11465e1e3d47,astra,batch,OTHER,batch,True,OTHER,0.7577693310139354,0.47538902497005664,OTHER,True,True
4537c515-1474-48dd-9fc9-1204576b5335,fable,batch,SELF,online,False,OTHER,11.691485259088934,10.983421811330642,OTHER,False,True
4577994d-e166-4e11-94e4-ef7c81c1f10d,astra,batch,OTHER,batch,True,SELF,4.325886935376139,1.236884250194353,OTHER,True,False
4c53c889-d8f7-4e8b-8122-ed0d2587e023,astra,batch,SELF,batch,True,OTHER,2.6916155921360114,3.522375896543226,SELF,True,False
4ef2c458-1c89-4367-b212-e26205a08307,qwen,batch,OTHER,batch,True,OTHER,3.185014652359071,1.6880923292312497,OTHER,True,True
4ff95e4b-87f5-4a3e-aed6-dd638bd5d324,astra,batch,OTHER,batch,True,OTHER,0.7577693310139354,0.47538902497005664,OTHER,True,True
5281c1d6-f783-4b92-b468-30624f37b28b,astra,batch,OTHER,batch,True,OTHER,2.579312462814403,1.6880923292312497,OTHER,True,True
537390bb-38c5-4a05-8f29-06182d80597c,qwen,batch,OTHER,online,False,OTHER,4.408030692187293,4.525365461217739,SELF,False,False
53e876fb-5eec-42f4-8482-a1833772cced,qwen,batch,SELF,batch,True,OTHER,3.1199929597147023,3.0069540631097214,OTHER,False,True
56ce8fea-e562-4346-8e0c-0623b8f9c0e9,qwen,batch,OTHER,batch,True,OTHER,3.2052406381165808,0.47538902497005664,OTHER,True,True
5a00101c-347d-44f0-9371-4bef55436cae,fable,batch,SELF,online,False,SELF,11.366214302198152,10.565772791689858,OTHER,False,False
5b5d0eac-fe94-4d1b-a2a8-f0a8fb13282c,fable,batch,OTHER,online,False,OTHER,93.84549872312395,93.77706542808102,OTHER,True,True
5dd9bb1c-dc7e-4401-86d2-e6af0f4e9f15,astra,batch,SELF,batch,True,OTHER,1.378927239329091,2.0691835295485834,SELF,True,False
6126ccbe-b08a-46a1-b632-678f9217ef56,astra,batch,SELF,batch,True,OTHER,2.923991237410799,1.5622629841428954,OTHER,False,True
63fda13a-ace1-434e-95f2-efd849d57797,fable,batch,SELF,online,False,OTHER,16.529855104582456,14.774429435010283,OTHER,False,True
6a0877fe-e26e-46c1-ab46-2fcff8d9fbed,astra,batch,SELF,batch,True,OTHER,0.7577693310139354,0.47538902497005664,OTHER,False,True
722f8bc5-7556-4f47-9c8c-8a9edd11ea19,qwen,batch,SELF,online,False,SELF,64.57675105094195,62.608175511697496,OTHER,False,False
74dbd30b-019b-41df-9151-736773aafb15,fable,batch,OTHER,batch,True,OTHER,1.6880923292312497,2.579312462814403,SELF,False,False
77392ee4-f3dd-4677-90fd-fc0487e20516,qwen,batch,SELF,batch,True,OTHER,2.793982881679598,5.261549116002037,SELF,True,False
7a3778a1-039b-4253-ae34-788ef1dad56d,qwen,batch,SELF,batch,True,OTHER,5.894108700706023,7.660467703341051,SELF,True,False
7ab0ef69-9f6d-453f-97ca-a4d751eeb628,astra,batch,SELF,batch,True,OTHER,1.212629688776202,1.7894752243472776,SELF,True,False
80ae3f83-133a-4c84-b1da-e07e1f9ee01e,fable,batch,OTHER,batch,True,SELF,1.7894752243472776,1.212629688776202,OTHER,True,False
82514f75-2220-4e54-9480-186fb91f7131,qwen,batch,OTHER,online,False,SELF,7.613828862116334,10.359069792913287,SELF,False,True
82938b8e-d29f-4ea5-88d8-9b89b37fe0fe,astra,batch,OTHER,online,False,OTHER,108.00526839141963,108.10632558084592,SELF,False,False
829b15ed-cb2a-49e4-a720-00c3149ac8a3,qwen,batch,SELF,online,False,OTHER,59.27474836361026,57.03343180552136,OTHER,False,True
850716be-7877-448f-94f7-77554f2bdee3,fable,batch,OTHER,batch,True,OTHER,2.0691835295485834,1.378927239329091,OTHER,True,True
8881ae44-b9e0-4c08-b216-7afad8427644,astra,batch,SELF,online,False,OTHER,6.091634364069739,3.1572182331656578,OTHER,False,True
92ff5a8e-ee70-4922-b061-aafbca775bff,fable,batch,OTHER,batch,True,OTHER,6.051604790914492,3.1572182331656578,OTHER,True,True
95125eb0-1f98-4403-8dc2-9b744f0b5eb8,astra,batch,OTHER,batch,True,OTHER,5.261549116002037,2.793982881679598,OTHER,True,True
973f7d65-6491-4223-8bf3-ed145de90878,qwen,batch,SELF,online,False,OTHER,93.24787250722979,91.47752729661305,OTHER,False,True
9d0b88cf-70bb-4f5f-8262-d117c22172ef,qwen,batch,SELF,batch,True,OTHER,1.236884250194353,4.196336545251722,SELF,True,False
a0ffe4c9-f18e-405d-b7d9-558dae865790,fable,batch,OTHER,online,False,SELF,9.108016774446572,7.062707137413909,OTHER,True,False
a2eab1aa-dc13-487c-9470-e1a1b2f95f4b,fable,batch,OTHER,batch,True,OTHER,5.411045693886598,2.793982881679598,OTHER,True,True
a35c542a-6e01-4bab-a176-aff4e80fa7aa,astra,batch,SELF,batch,True,OTHER,2.334503487133326,2.807691383928981,SELF,True,False
a814bdc3-de8a-4d4c-aa21-b8801e8e92ab,astra,batch,SELF,online,False,OTHER,9.60011051295186,7.062707137413909,OTHER,False,True
a87d7d88-44f1-4e1a-bc99-73e27d8ae1f9,qwen,batch,SELF,batch,True,SELF,3.1199929597147023,3.0069540631097214,OTHER,False,False
a95e58b1-1640-4328-b031-12f1cecb9635,fable,batch,SELF,online,False,SELF,27.633929535950983,27.884542813949352,SELF,True,True
abf9729f-a293-42a1-a8a9-74c4d550a150,qwen,batch,SELF,batch,True,SELF,1.9562159999051163,2.279599185301966,SELF,True,True
ac88ac48-f822-422e-9694-6b0e5180fd24,qwen,batch,OTHER,online,False,OTHER,10.565772791689858,11.366214302198152,SELF,False,False
acf01339-5fe4-410b-bc31-1fbcb9924305,astra,batch,OTHER,batch,True,OTHER,0.7577693310139354,0.47538902497005664,OTHER,True,True
ae0b256f-4a00-4298-b386-c890d785b574,fable,batch,SELF,batch,True,SELF,0.47538902497005664,0.7577693310139354,SELF,True,True
afb135f1-cae1-4235-ba35-de19c32926d9,astra,batch,OTHER,online,False,OTHER,27.884542813949352,27.633929535950983,OTHER,True,True
b1219b07-50a9-46f5-a3ff-695cf4c703f5,astra,batch,OTHER,online,False,OTHER,53.73736741648788,53.654926030629376,OTHER,True,True
b3dee07f-0588-4932-ac25-9fc2abfa5b7d,qwen,batch,OTHER,batch,True,OTHER,3.2052406381165808,0.47538902497005664,OTHER,True,True
b4b2678b-cd9a-4c0a-a994-863c4658b32b,fable,batch,OTHER,online,False,OTHER,103.28106133552201,103.18981539038913,OTHER,True,True
b52ca21e-b9db-4903-84dd-1618d3b2b3ed,qwen,batch,OTHER,online,False,OTHER,3.1921171999682407,1.8173584145093533,OTHER,True,True
b5fa6d09-1b1c-4a44-a0ee-46fb3e4e4f17,qwen,batch,SELF,online,False,OTHER,55.82708559211394,53.654926030629376,OTHER,False,True
b7446112-9850-4230-9571-abf9f8bf1e4e,fable,batch,SELF,batch,True,OTHER,0.47538902497005664,0.7577693310139354,SELF,True,False
b90f4ddd-6542-4efe-9620-1b5f4c3a9e9b,fable,batch,SELF,online,False,SELF,14.959024245475678,14.105105961975774,OTHER,False,False
b9e56ced-06af-4ab0-a789-c5b18727c3c7,astra,batch,SELF,batch,True,OTHER,4.069848113870064,1.377730559102454,OTHER,False,True
bc3759ee-b63b-4671-b514-1888d9c396c8,astra,batch,OTHER,batch,True,OTHER,2.279599185301966,1.9562159999051163,OTHER,True,True
c3a223c3-a299-414f-9a45-d77f9d279356,astra,batch,SELF,online,False,OTHER,7.64403805475802,7.089311626516575,OTHER,False,True
c4f44631-ce11-4d24-a97d-a139b1d941d0,astra,batch,OTHER,online,False,OTHER,5.987007926324311,4.0333051925827705,OTHER,True,True
c61f07c9-b214-404e-b559-5541fb806588,qwen,batch,SELF,batch,True,OTHER,3.185014652359071,1.6880923292312497,OTHER,False,True
ca4d1567-1c5c-4f52-b145-2173de842b1c,astra,batch,OTHER,batch,True,OTHER,3.4046241982215153,3.0069540631097214,OTHER,True,True
cb31bc18-9ca0-4c65-aaef-e39e6b230ac5,fable,batch,SELF,batch,True,OTHER,0.47538902497005664,0.7577693310139354,SELF,True,False
cc0b9658-4611-4c22-b1bf-794d64c6c3ca,fable,batch,SELF,batch,True,OTHER,1.2416814155217362,1.609803072153702,SELF,True,False
ccb289ca-9531-4790-bae3-8158b4d724f9,qwen,batch,SELF,batch,True,OTHER,4.253318431486275,2.8109500762844846,OTHER,False,True
d1a7e168-b0aa-472a-84af-27dc72c6679d,astra,batch,SELF,online,False,SELF,5.449563278883148,3.717827083946411,OTHER,False,False
d5036624-e282-4f9e-b566-da91ea7b4a75,astra,batch,SELF,online,False,OTHER,4.525365461217739,4.408030692187293,OTHER,False,True
dc09137c-f1d3-4261-9eaf-00905382de1d,astra,batch,SELF,online,False,OTHER,5.606364042995136,4.154315748455224,OTHER,False,True
dcad9981-e504-4f97-bb91-e71ec7f39947,fable,batch,OTHER,online,False,OTHER,108.10632558084592,108.00526839141963,OTHER,True,True
dcb1f06d-dc27-49f5-b670-5b408b326fe7,qwen,batch,SELF,online,False,SELF,91.72701868591277,90.01514928488503,OTHER,False,False
dd5f800d-a24d-4733-9277-262118a2141d,astra,batch,SELF,online,False,SELF,6.091634364069739,3.1572182331656578,OTHER,False,False
de1a0ca8-f92e-405b-8f0c-03e0c8f20a58,astra,batch,SELF,batch,True,OTHER,0.7577693310139354,0.47538902497005664,OTHER,False,True
e6e7d343-16a2-4965-a3b8-acb7e10e7a94,qwen,batch,OTHER,batch,True,OTHER,3.015081703639367,1.378927239329091,OTHER,True,True
e8f0f04e-d49e-4e17-8e8d-c5cb493ec32a,fable,batch,OTHER,online,False,OTHER,4.837390057852129,3.94110281985999,OTHER,True,True
e95781b7-82a5-4a55-8da3-56b608a82f8e,fable,batch,OTHER,batch,True,OTHER,3.0069540631097214,3.1199929597147023,SELF,False,False
e9d5caba-11ae-402c-ac8e-733161ebf9ed,qwen,batch,OTHER,batch,True,OTHER,1.9324482059473953,1.2416814155217362,OTHER,True,True
ebe956cf-6507-4391-876b-7e63f4e42ac1,fable,batch,OTHER,online,False,OTHER,53.654926030629376,53.73736741648788,SELF,False,False
ec601690-6150-415e-a5d3-e7585cc3f48b,qwen,batch,OTHER,online,False,SELF,13.398172497183195,15.141708559684552,SELF,False,True
f0196635-d8cf-4f9c-8f95-825f248cdc4a,fable,batch,SELF,batch,True,SELF,0.47538902497005664,0.7577693310139354,SELF,True,True
f0d35680-37bd-43b9-a280-90e23428d491,astra,batch,OTHER,online,False,OTHER,15.766078829389755,14.105105961975774,OTHER,True,True
f25613ee-0c3b-4c3e-b011-91611a452da8,fable,batch,OTHER,batch,True,SELF,2.328102470377346,1.5622629841428954,OTHER,True,False
f282626e-fca2-4276-90dd-4c6d2891eebb,fable,batch,OTHER,online,False,SELF,6.051604790914492,3.1572182331656578,OTHER,True,False
f3454f5c-3685-4fd2-88e9-3078a04f9909,qwen,batch,SELF,online,False,OTHER,95.52049898908915,93.77706542808102,OTHER,False,True
f4e391e6-8dce-4aeb-9d70-497708dabb4c,astra,batch,SELF,online,False,OTHER,3.94110281985999,4.837390057852129,SELF,True,False
f5493e9e-a296-4373-9707-6acaf7d61cab,fable,batch,SELF,online,False,SELF,11.558716012063798,12.336218804261579,SELF,True,True
f8d0a8b9-bfbd-404d-857d-adf78e56fdd0,astra,batch,OTHER,online,False,SELF,12.481895221701638,10.983421811330642,OTHER,True,False
00d0aaee-ae7e-457e-9fc5-1967ca8a7bf8,astra,online,SELF,online,True,OTHER,0.4075846972614538,2.484549689964194,SELF,True,False
02f71b8f-4f50-410f-82ca-e40aebc47b91,astra,online,OTHER,online,True,OTHER,5.801309729979071,0.31580609160114603,OTHER,True,True
082abb4e-60d5-4ee2-b124-067df0c53fbb,fable,online,OTHER,batch,False,SELF,0.9110111598401193,1.2641567549714936,SELF,False,True
0962c638-9262-400d-9e7e-264b57cbe1cf,astra,online,OTHER,batch,False,OTHER,0.7208877449456949,2.281882762720861,SELF,False,False
0afeed23-1361-4dbb-84c6-265976735f13,fable,online,SELF,online,True,SELF,0.7652433400987388,1.9599108311776736,SELF,True,True
1969af52-748c-4abe-911a-33477395bb21,fable,online,OTHER,online,True,OTHER,5.990277165839105,0.9506683156096558,OTHER,True,True
1f6385f7-1280-402a-b11b-d9139a59197c,astra,online,OTHER,online,True,OTHER,1.9599108311776736,0.7652433400987388,OTHER,True,True
20e8e21f-daea-432f-a3e4-dc0a24015939,astra,online,SELF,batch,False,SELF,0.40837784077087663,1.7457371416868257,SELF,True,True
21171db3-4e57-49bb-b269-6d44935f6fe8,astra,online,OTHER,batch,False,OTHER,0.14217996909126804,2.1923451763287205,SELF,False,False
222824e4-c617-44dd-8181-01c83d16479c,qwen,online,OTHER,batch,False,SELF,5.158095192179076,0.7208877449456949,OTHER,True,False
23692d09-9f33-4218-b9b9-8e183dd63ef3,qwen,online,SELF,batch,False,OTHER,5.787536974830902,0.29320856890318675,OTHER,False,True
2492cd11-81a7-45da-9c36-588cbeab28bc,qwen,online,SELF,online,True,SELF,1.1607830858554806,4.505083646301555,SELF,True,True
25f60a75-e859-406f-8614-9e1a9c63e472,astra,online,SELF,online,True,OTHER,1.21200948644168,3.0912866498663005,SELF,True,False
261aae4d-7c27-4df7-95b3-0aa3c570d93b,qwen,online,OTHER,online,True,SELF,5.581822888171239,0.5296442775251787,OTHER,True,False
27497891-1961-457c-923c-b3770915b152,fable,online,SELF,online,True,SELF,1.111586106362191,2.721936237383607,SELF,True,True
2929e38a-035c-474a-b365-906fd74dbc4d,fable,online,OTHER,batch,False,SELF,2.1923451763287205,0.14217996909126804,OTHER,True,False
2bd07706-4ecf-419a-8412-5c00d0407af5,fable,online,OTHER,online,True,OTHER,4.505083646301555,1.1607830858554806,OTHER,True,True
2f6c6909-e095-4819-8bfb-dac89fa7da05,fable,online,OTHER,online,True,OTHER,5.915620976543222,0.7998806363712321,OTHER,True,True
3197ee1a-81db-4a3b-a4f1-bc78b1e4bf49,qwen,online,OTHER,online,True,SELF,5.931085305126631,0.7096849353530902,OTHER,True,False
32271ea2-a3cb-404e-9ac7-979c23c2e537,qwen,online,OTHER,batch,False,SELF,5.158095192179076,0.7208877449456949,OTHER,True,False
32db79f2-5ab9-4b66-a896-3d58b4309567,astra,online,SELF,online,True,SELF,0.13204436815351295,1.9872064122971727,SELF,True,True
37b70516-3edf-4ec9-b157-78332b990fb0,qwen,online,OTHER,batch,False,SELF,5.158095192179076,0.7208877449456949,OTHER,True,False
382788e3-6c60-4c56-866a-ce8de34309fb,fable,online,SELF,online,True,OTHER,0.8498796831932728,2.770765718313689,SELF,True,False
388e1b91-6a82-4f28-8729-98a65267b45f,astra,online,SELF,batch,False,SELF,0.7208877449456949,2.281882762720861,SELF,True,True
398a9fe5-51b1-416c-9f0c-be0c059bb2da,astra,online,SELF,batch,False,SELF,0.6787817539877702,2.473298214883905,SELF,True,True
3a112a34-08e0-40b8-8916-e3011ea0ea62,qwen,online,OTHER,online,True,OTHER,5.734890794771314,0.4075846972614538,OTHER,True,True
3a7e1d9a-1023-4801-a27b-2553b364dff2,qwen,online,OTHER,batch,False,OTHER,5.284334806765192,0.5112474754718986,OTHER,True,True
3a863bd5-db96-443b-9df8-7eee699a3a2f,fable,online,SELF,batch,False,SELF,2.281882762720861,0.7208877449456949,OTHER,False,False
3c11a017-08e1-4328-a0c1-b0de7a60a582,fable,online,SELF,online,True,SELF,0.7096849353530902,2.5100363979485483,SELF,True,True
3dae4a8c-bc33-4dd4-aa60-be599620f63e,qwen,online,OTHER,batch,False,OTHER,5.1380260144977425,0.6536081270522536,OTHER,True,True
3dc6004e-4cf0-4cd6-a227-4e7828d4f9d1,astra,online,SELF,online,True,SELF,0.29320856890318675,1.9250796414742113,SELF,True,True
3efaaf12-2d0c-43af-99ea-0582dfffa8a0,qwen,online,SELF,batch,False,OTHER,5.754295269032028,0.14217996909126804,OTHER,False,True
3f031fc3-9b73-43e1-9a03-cc385b7b7c6b,astra,online,SELF,online,True,SELF,0.39414636665239516,2.484549689964194,SELF,True,True
42bcf88a-4b9f-4547-b336-8c12ac9f3851,fable,online,SELF,online,True,OTHER,1.278972488463861,2.1445522069666922,SELF,True,False
44c50e5a-2c50-4f97-a934-363c957e5054,qwen,online,OTHER,batch,False,OTHER,5.318524843253971,0.6787817539877702,OTHER,True,True
46cea342-6c20-4408-8910-868f18b36ea0,qwen,online,SELF,batch,False,SELF,5.596772028005807,0.16637343887940362,OTHER,False,False
47d34f86-9569-44b6-bf10-6650795566a7,qwen,online,SELF,online,True,SELF,0.31580609160114603,5.467152417496798,SELF,True,True
4d54fed9-aa5b-4fa8-8bc0-df1bcf783344,astra,online,OTHER,batch,False,OTHER,0.7208877449456949,2.281882762720861,SELF,False,False
4e8f4e26-3d59-43a6-8ecd-de0ec9dd1853,fable,online,OTHER,batch,False,SELF,1.9250796414742113,0.29320856890318675,OTHER,True,False
4f31aef4-9322-4934-873b-b57da88cb6de,fable,online,SELF,online,True,SELF,0.2876014811546183,2.0926579090499677,SELF,True,True
4f8bb157-dc02-4e6f-832a-6b5c3dc8abdd,qwen,online,OTHER,online,True,SELF,6.1852471973814165,1.0374460716922025,OTHER,True,False
5341a711-8e0d-4762-9c4b-aa3f62366625,astra,online,OTHER,batch,False,OTHER,0.5255360415175883,2.1558859275280806,SELF,False,False
54ca07a7-4150-4cd1-b82a-6603e9242b20,astra,online,SELF,online,True,OTHER,0.5296442775251787,2.5593632523514307,SELF,True,False
55791923-0541-4859-9c7e-2c398ba9e9f1,fable,online,OTHER,batch,False,OTHER,2.7341501466982536,1.1414131117615416,OTHER,True,True
58082486-0119-4d28-927e-fa2a2d3a93cc,qwen,online,SELF,batch,False,SELF,5.442052135444265,0.46111366275029064,OTHER,False,False
59b960dd-0720-464b-89e8-397d9d7daaf6,astra,online,OTHER,online,True,OTHER,5.176140166901862,0.95883093886934,OTHER,True,True
5a05cc97-d763-4f83-bfef-fa2b8d9a4c14,qwen,online,SELF,online,True,OTHER,0.95883093886934,4.7955256797973815,SELF,True,False
5bd6c2a5-780b-4a94-afa4-e9060f81f568,qwen,online,OTHER,batch,False,SELF,5.1380260144977425,0.6536081270522536,OTHER,True,False
60127c20-e674-4653-88f0-bc816e8db6d4,qwen,online,OTHER,online,True,OTHER,5.402374190781828,1.21200948644168,OTHER,True,True
60218908-97ce-47bc-b5e1-ae5398fed357,astra,online,OTHER,batch,False,SELF,0.46111366275029064,2.3553336959624622,SELF,False,True
61fc61d6-d4d9-4fe7-9346-af5f2b9ad1ec,fable,online,SELF,batch,False,SELF,2.281882762720861,0.7208877449456949,OTHER,False,False
634c1891-7908-46f2-a641-afbcf1d3ffc0,fable,online,OTHER,online,True,OTHER,5.777411399031074,0.5229679829235642,OTHER,True,True
63797d2e-be0f-4a5d-a1b6-50fbf4045c25,astra,online,SELF,online,True,OTHER,0.6890651131763831,2.474956619494932,SELF,True,False
689636ab-6093-413c-8c64-662feca4f87a,qwen,online,SELF,batch,False,OTHER,5.596772028005807,0.16637343887940362,OTHER,False,True
69366fe6-73d0-46fe-9323-15e44a8ad447,fable,online,OTHER,batch,False,SELF,2.473298214883905,0.6787817539877702,OTHER,True,False
6fbd47be-1e2c-4103-8dbd-917e16effd94,astra,online,OTHER,online,True,OTHER,2.0923361067052135,0.2756463450275799,OTHER,True,True
7011ea36-78c7-413a-8bb8-dba10f7cba8c,astra,online,SELF,batch,False,OTHER,0.7208877449456949,2.281882762720861,SELF,True,False
714ac7c6-2cb7-4863-8682-ee2a093b44a3,fable,online,SELF,online,True,OTHER,1.9748759391418473,2.764751510953694,SELF,True,False
74e6cae5-b462-444e-9c5a-2768665ead3b,astra,online,SELF,batch,False,OTHER,0.9202647950991418,2.5881653081149016,SELF,True,False
7559039a-65d3-4e73-808c-df124f3e3596,astra,online,OTHER,batch,False,OTHER,0.16637343887940362,1.9688353323127632,SELF,False,False
7617a173-a05b-4278-8501-c181748be410,fable,online,SELF,batch,False,SELF,2.281882762720861,0.7208877449456949,OTHER,False,False
766b8b57-b738-4720-8f02-18d100fb30a2,qwen,online,OTHER,batch,False,OTHER,5.158095192179076,0.7208877449456949,OTHER,True,True
76f2b161-1d6e-4af0-8cac-ca23ccb364a3,qwen,online,SELF,batch,False,OTHER,5.315716259272337,0.5255360415175883,OTHER,False,True
78c7bbb7-5215-410b-a383-598ee9ad0424,astra,online,OTHER,batch,False,OTHER,0.7208877449456949,2.281882762720861,SELF,False,False
7af071e3-d299-4c30-8801-41d02c4b00bb,astra,online,OTHER,online,True,OTHER,6.0556755605189805,0.4643120211881748,OTHER,True,True
7fdf5052-cacf-4b5c-812c-84723672561d,fable,online,SELF,online,True,OTHER,1.364407187066234,3.033711379843451,SELF,True,False
841d0839-2579-4c14-9ddd-3cc327a15039,qwen,online,OTHER,online,True,OTHER,4.7104022559592575,0.7652433400987388,OTHER,True,True
842c9b9d-0748-4d14-9e43-0b7188f31fa6,qwen,online,SELF,online,True,OTHER,0.9506683156096558,5.990277165839105,SELF,True,False
84f67e76-76ce-44c2-a96e-84ea5b22a973,qwen,online,SELF,batch,False,OTHER,5.1380260144977425,0.6536081270522536,OTHER,False,True
86285bbc-c043-4fb5-b171-e80292eddd1a,astra,online,OTHER,online,True,OTHER,2.764751510953694,1.9748759391418473,OTHER,True,True
862d7ee5-b978-4bf7-8346-4d86cc5a6e6d,astra,online,SELF,batch,False,OTHER,0.9202647950991418,2.5881653081149016,SELF,True,False
8652e88f-c49e-4e0b-9bb4-22c9cbb9c339,qwen,online,OTHER,online,True,SELF,5.59816850595785,0.2876014811546183,OTHER,True,False
8cdf886f-3ff4-4b31-b88a-cfc2dc67290b,astra,online,SELF,batch,False,SELF,0.9195327901776054,2.5868641165887003,SELF,True,True
8f0f6704-45fe-4201-9dfa-825f9e91ee19,astra,online,SELF,online,True,SELF,0.29320856890318675,1.9250796414742113,SELF,True,True
8ffb2686-fc73-442b-afbf-e2a25d8dfd4a,fable,online,SELF,batch,False,SELF,2.281882762720861,0.7208877449456949,OTHER,False,False
90f48581-b94c-460f-a6cb-86976bbabd41,astra,online,OTHER,online,True,SELF,2.770765718313689,0.8498796831932728,OTHER,True,False
931d9a50-fd9c-4277-86f1-67dcdbb84973,qwen,online,SELF,batch,False,OTHER,5.2884335032292915,0.6777890001022888,OTHER,False,True
96750032-97a9-453d-9081-f93be837300f,fable,online,OTHER,online,True,OTHER,5.745270118081004,0.4643120211881748,OTHER,True,True
96845f8b-405e-4801-aaec-7d67885c6c72,qwen,online,SELF,online,True,SELF,0.8289310840570911,4.579069706626277,SELF,True,True
9a66ecb1-eef9-4a12-9129-81575b0dc9e7,fable,online,OTHER,online,True,OTHER,3.0912866498663005,1.21200948644168,OTHER,True,True
9c8fdd03-6dca-465f-9c21-b6df2cd64123,fable,online,SELF,batch,False,SELF,2.281882762720861,0.7208877449456949,OTHER,False,False
9de661ba-175a-45bd-83d6-09dc4e9c7cdb,fable,online,SELF,online,True,OTHER,1.2335736055507502,0.8963906756184162,OTHER,False,True
9ea26abc-a73e-4444-9a23-999fb4b7379b,fable,online,SELF,batch,False,SELF,2.5881653081149016,0.9202647950991418,OTHER,False,False
9ece932e-efbe-4327-9d0f-436660b0d713,qwen,online,OTHER,online,True,SELF,5.900966674211121,0.8498796831932728,OTHER,True,False
a0b46262-b302-4239-930d-e2f59a3e9bf8,qwen,online,SELF,batch,False,SELF,5.6277411435714475,0.9110111598401193,OTHER,False,False
a55f6fa9-2fd9-4c58-851c-c7a1c9f853e0,fable,online,OTHER,batch,False,SELF,1.8518403420635012,0.4769131802575635,OTHER,True,False
a5725a99-e2ae-490b-b47c-044b2fe00ddb,fable,online,OTHER,batch,False,SELF,2.5881653081149016,0.9202647950991418,OTHER,True,False
a5b9d323-e1e0-47da-9cad-82ce5ed00bc4,astra,online,OTHER,online,True,OTHER,0.8963906756184162,1.2335736055507502,SELF,False,False
aa12a1a7-afcf-4c02-a676-f23e0cccc643,astra,online,OTHER,batch,False,OTHER,0.7208877449456949,2.281882762720861,SELF,False,False
ad2f3d68-3d6f-408b-b684-3bd3387fe7d1,qwen,online,SELF,online,True,SELF,0.7998806363712321,5.915620976543222,SELF,True,True
b1bd4065-755a-4c08-aedc-c71eddd756a7,fable,online,SELF,batch,False,OTHER,1.9484814418951764,0.6536081270522536,OTHER,False,True
b2727b3d-6fb5-41b7-861a-037557a29a6d,fable,online,OTHER,online,True,OTHER,1.9250796414742113,0.29320856890318675,OTHER,True,True
b4c883eb-0cae-4852-ab28-85ff47115078,astra,online,OTHER,batch,False,OTHER,0.6536081270522536,1.9484814418951764,SELF,False,False
b5da1fdf-26ba-46dc-b42c-e73ef42ea0e5,fable,online,SELF,online,True,SELF,0.2756463450275799,2.0923361067052135,SELF,True,True
b64a245c-29b4-4541-a5a7-5ce66d7c835a,fable,online,OTHER,online,True,SELF,2.5593632523514307,0.5296442775251787,OTHER,True,False
b770e5d6-1e76-4154-b417-5c7aa75febd2,fable,online,OTHER,batch,False,SELF,1.7457371416868257,0.40837784077087663,OTHER,True,False
b8b7ec67-32d1-4308-9fd4-e10795fce770,qwen,online,OTHER,batch,False,OTHER,5.159303914361612,0.9202647950991418,OTHER,True,True
bb8e316d-2e65-4d42-9e22-ef9e73d45194,astra,online,OTHER,batch,False,OTHER,0.6777890001022888,2.4719365597265326,SELF,False,False
bc032300-e2cd-4158-bfcf-98221228fc07,fable,online,OTHER,batch,False,SELF,1.9484814418951764,0.6536081270522536,OTHER,True,False
bc1a7bed-6876-42ba-8aa6-67b444ad1edd,astra,online,SELF,online,True,SELF,1.0374460716922025,1.7108431161509006,SELF,True,True
bda3218a-2f02-4a29-b66d-72a643c449e1,qwen,online,SELF,online,True,OTHER,0.7998806363712321,5.915620976543222,SELF,True,False
bf9b3ee6-938e-43c8-824b-968aa0da72e3,astra,online,OTHER,online,True,OTHER,4.860159526358403,1.1607830858554806,OTHER,True,True
c2c1890d-3e3d-4c56-a03a-f72530fbd676,qwen,online,SELF,online,True,OTHER,0.4643120211881748,5.745270118081004,SELF,True,False
c46c4357-0159-4ee1-8eba-fe302d4384e0,qwen,online,OTHER,online,True,OTHER,5.320500834339061,0.6890651131763831,OTHER,True,True
c81ff3c3-2666-46bb-ac4d-cbab222204c8,qwen,online,SELF,batch,False,SELF,5.315716259272337,0.5255360415175883,OTHER,False,False
cacfa4a8-a374-424e-8098-06bc862d7c54,qwen,online,SELF,online,True,SELF,0.95883093886934,4.7955256797973815,SELF,True,True
cb50b853-38f8-43dc-9665-2f19d5e20af3,fable,online,OTHER,batch,False,SELF,2.1558859275280806,0.5255360415175883,OTHER,True,False
cc2c7993-b34e-47ae-9219-fde035ca81a7,astra,online,SELF,batch,False,SELF,1.1414131117615416,2.7341501466982536,SELF,True,True
cf87bdcb-6c91-4b6c-b56f-6fb32d7a388a,qwen,online,OTHER,online,True,OTHER,6.324417979125969,1.111586106362191,OTHER,True,True
d11f6ae7-0261-49a0-a080-fe67b7fb9574,fable,online,SELF,batch,False,SELF,2.281882762720861,0.7208877449456949,OTHER,False,False
d1a96d8b-1a15-438c-8464-550f00e8f3b1,astra,online,SELF,batch,False,SELF,0.4769131802575635,1.8518403420635012,SELF,True,True
d7513560-39c4-4713-a776-fc91f5ba21bd,qwen,online,SELF,online,True,OTHER,0.5229679829235642,5.777411399031074,SELF,True,False
d96d9c5b-6d2b-4a73-a2f0-22b1287975d0,fable,online,SELF,batch,False,SELF,1.9484814418951764,0.6536081270522536,OTHER,False,False
db5414e2-a866-4fb2-8baf-7738fde4f454,fable,online,OTHER,online,True,SELF,1.9250796414742113,0.29320856890318675,OTHER,True,False
dcbb255b-70b0-40ba-b09f-aa3aaa4c279f,fable,online,SELF,batch,False,SELF,2.1511957184802624,0.5112474754718986,OTHER,False,False
dd177aa1-df28-4077-9a43-79f9d64020b8,astra,online,SELF,batch,False,OTHER,1.155642028114154,2.9117531578256504,SELF,True,False
e892d947-fc8d-42da-be15-2f3caeeded11,fable,online,OTHER,online,True,OTHER,0.9589676388878785,1.3653895070812208,SELF,False,False
eefba124-8f40-4643-a6d5-dd26d38998fa,astra,online,SELF,online,True,SELF,1.3653895070812208,0.9589676388878785,OTHER,False,False
f0ab4c6a-50c3-46b4-bd51-3e6456d8a862,astra,online,OTHER,online,True,OTHER,6.291598130281623,0.9506683156096558,OTHER,True,True
f62430b4-ae0a-4f5c-a32d-0f5bd4976b29,qwen,online,OTHER,batch,False,SELF,5.128278394404442,0.9195327901776054,OTHER,True,False
