judge,true_source_identity,actual_architecture,stated_architecture,n,n_correct,accuracy,self_response_rate
astra,OTHER,batch,batch,10,9,0.9,0.1
astra,OTHER,batch,online,10,9,0.9,0.1
astra,OTHER,online,batch,10,9,0.9,0.1
astra,OTHER,online,online,10,9,0.9,0.1
astra,SELF,batch,batch,10,0,0.0,0.0
astra,SELF,batch,online,10,6,0.6,0.6
astra,SELF,online,batch,10,3,0.3,0.3
astra,SELF,online,online,10,6,0.6,0.6
fable,OTHER,batch,batch,10,6,0.6,0.4
fable,OTHER,batch,online,10,1,0.1,0.9
fable,OTHER,online,batch,10,7,0.7,0.3
fable,OTHER,online,online,10,8,0.8,0.2
fable,SELF,batch,batch,10,4,0.4,0.4
fable,SELF,batch,online,10,9,0.9,0.9
fable,SELF,online,batch,10,5,0.5,0.5
fable,SELF,online,online,10,5,0.5,0.5
qwen,OTHER,batch,batch,10,10,1.0,0.0
qwen,OTHER,batch,online,10,5,0.5,0.5
qwen,OTHER,online,batch,10,7,0.7,0.3
qwen,OTHER,online,online,10,5,0.5,0.5
qwen,SELF,batch,batch,10,3,0.3,0.3
qwen,SELF,batch,online,10,4,0.4,0.4
qwen,SELF,online,batch,10,4,0.4,0.4
qwen,SELF,online,online,10,5,0.5,0.5
