judge,wording,target,procedure,n_attempted,n_valid_strict,n_valid_loose,n_recovered_from_abandoned,observed_value,mean_predicted_strict,mean_predicted_loose,mean_signed_error_strict,mean_signed_error_loose,mae_strict,mae_loose,mae_of_mean_strict,mae_of_mean_loose
astra,NAMED,astra,batch,10,10,10,0,0.620202,0.584,0.584,-0.036202,-0.036202,0.084,0.084,0.036202,0.036202
astra,NAMED,astra,history_conditioned,10,10,10,0,0.632323,0.72,0.72,0.087677,0.087677,0.087677,0.087677,0.087677,0.087677
astra,NAMED,astra,independent_calls,10,10,10,0,0.473232,0.0,0.0,-0.473232,-0.473232,0.473232,0.473232,0.473232,0.473232
astra,NAMED,fable,batch,10,10,10,0,0.643434,0.67567,0.67567,0.032236,0.032236,0.032236,0.032236,0.032236,0.032236
astra,NAMED,fable,history_conditioned,10,10,10,0,0.475758,0.733384,0.733384,0.257626,0.257626,0.257626,0.257626,0.257626,0.257626
astra,NAMED,fable,independent_calls,10,10,10,0,0.026263,0.0,0.0,-0.026263,-0.026263,0.026263,0.026263,0.026263,0.026263
astra,NAMED,mimo,batch,10,10,10,0,0.623737,0.66971,0.66971,0.045973,0.045973,0.045973,0.045973,0.045973,0.045973
astra,NAMED,mimo,history_conditioned,10,10,10,0,0.497475,0.753455,0.753455,0.25598,0.25598,0.25598,0.25598,0.25598,0.25598
astra,NAMED,mimo,independent_calls,10,10,10,0,0.233333,0.0,0.0,-0.233333,-0.233333,0.233333,0.233333,0.233333,0.233333
astra,SELF,astra,batch,10,10,10,0,0.620202,0.677333,0.677333,0.057131,0.057131,0.057131,0.057131,0.057131,0.057131
astra,SELF,astra,history_conditioned,10,10,10,0,0.632323,0.72,0.72,0.087677,0.087677,0.087677,0.087677,0.087677,0.087677
astra,SELF,astra,independent_calls,10,10,10,0,0.473232,0.0,0.0,-0.473232,-0.473232,0.473232,0.473232,0.473232,0.473232
fable,NAMED,astra,batch,10,10,10,0,0.620202,0.623,0.623,0.002798,0.002798,0.003162,0.003162,0.002798,0.002798
fable,NAMED,astra,history_conditioned,10,10,10,0,0.632323,0.763,0.763,0.130677,0.130677,0.130677,0.130677,0.130677,0.130677
fable,NAMED,astra,independent_calls,10,0,10,10,0.473232,,0.0,,-0.473232,,0.473232,,0.473232
fable,NAMED,fable,batch,10,10,10,0,0.643434,0.639,0.639,-0.004434,-0.004434,0.023,0.023,0.004434,0.004434
fable,NAMED,fable,history_conditioned,10,10,10,0,0.475758,0.723,0.723,0.247242,0.247242,0.247242,0.247242,0.247242,0.247242
fable,NAMED,fable,independent_calls,10,7,10,3,0.026263,0.0,0.0,-0.026263,-0.026263,0.026263,0.026263,0.026263,0.026263
fable,NAMED,mimo,batch,10,10,10,0,0.623737,0.638,0.638,0.014263,0.014263,0.018,0.018,0.014263,0.014263
fable,NAMED,mimo,history_conditioned,10,9,10,1,0.497475,0.802222,0.802,0.304747,0.304525,0.304747,0.304525,0.304747,0.304525
fable,NAMED,mimo,independent_calls,10,1,10,9,0.233333,0.0,0.0,-0.233333,-0.233333,0.233333,0.233333,0.233333,0.233333
fable,SELF,fable,batch,10,10,10,0,0.643434,0.642,0.642,-0.001434,-0.001434,0.026,0.026,0.001434,0.001434
fable,SELF,fable,history_conditioned,10,10,10,0,0.475758,0.748,0.748,0.272242,0.272242,0.272242,0.272242,0.272242,0.272242
fable,SELF,fable,independent_calls,10,2,10,8,0.026263,0.0,0.0,-0.026263,-0.026263,0.026263,0.026263,0.026263,0.026263
mimo,NAMED,astra,batch,10,10,10,0,0.620202,0.493,0.493,-0.127202,-0.127202,0.127202,0.127202,0.127202,0.127202
mimo,NAMED,astra,history_conditioned,10,10,10,0,0.632323,0.5,0.5,-0.132323,-0.132323,0.132323,0.132323,0.132323,0.132323
mimo,NAMED,astra,independent_calls,10,10,10,0,0.473232,0.45,0.45,-0.023232,-0.023232,0.071414,0.071414,0.023232,0.023232
mimo,NAMED,fable,batch,10,10,10,0,0.643434,0.528,0.528,-0.115434,-0.115434,0.118747,0.118747,0.115434,0.115434
mimo,NAMED,fable,history_conditioned,10,10,10,0,0.475758,0.516,0.516,0.040242,0.040242,0.047394,0.047394,0.040242,0.040242
mimo,NAMED,fable,independent_calls,10,10,10,0,0.026263,0.38,0.38,0.353737,0.353737,0.360242,0.360242,0.353737,0.353737
mimo,NAMED,mimo,batch,10,10,10,0,0.623737,0.494531,0.494531,-0.129206,-0.129206,0.129206,0.129206,0.129206,0.129206
mimo,NAMED,mimo,history_conditioned,10,10,10,0,0.497475,0.5,0.5,0.002525,0.002525,0.002525,0.002525,0.002525,0.002525
mimo,NAMED,mimo,independent_calls,10,10,10,0,0.233333,0.5,0.5,0.266667,0.266667,0.266667,0.266667,0.266667,0.266667
mimo,SELF,mimo,batch,10,10,10,0,0.623737,0.4955,0.4955,-0.128237,-0.128237,0.128237,0.128237,0.128237,0.128237
mimo,SELF,mimo,history_conditioned,10,10,10,0,0.497475,0.5,0.5,0.002525,0.002525,0.002525,0.002525,0.002525,0.002525
mimo,SELF,mimo,independent_calls,10,10,10,0,0.233333,0.316,0.316,0.082667,0.082667,0.237333,0.237333,0.082667,0.082667
