split,judge,target,n_scored,n_planned,accuracy
development,astra,astra,20,20,0.65
development,astra,fable,20,20,0.25
development,astra,mimo,20,20,0.5
development,fable,astra,20,20,0.65
development,fable,fable,20,20,0.2
development,fable,mimo,20,20,0.6
development,mimo,astra,20,20,0.5
development,mimo,fable,20,20,0.5
development,mimo,mimo,20,20,0.5
holdout,astra,astra,20,20,0.55
holdout,astra,fable,20,20,0.1
holdout,astra,mimo,20,20,0.25
holdout,fable,astra,20,20,0.7
holdout,fable,fable,20,20,0.15
holdout,fable,mimo,20,20,0.6
holdout,mimo,astra,20,20,0.5
holdout,mimo,fable,20,20,0.5
holdout,mimo,mimo,20,20,0.5
