architecture,n,median_distance,median_threshold_accuracy,cell,mean_distance,sd_distance
online,72,2.4676039076852807,0.9444444444444444,,,
batch,72,3.020643696918998,0.5555555555555556,,,
online,18,,,A,1.3544419260922245,0.8071344475780767
online,18,,,B,4.639513336623112,1.4101487149326766
online,18,,,C,0.972704107364528,0.5866395369534348
online,18,,,D,4.433499879540864,1.5577927545926065
batch,18,,,A,3.2745512869465565,1.8268076888921714
batch,18,,,B,3.621782737870259,1.4992479275493542
batch,18,,,C,2.7943113449573027,2.280531793299435
batch,18,,,D,3.629918402522389,2.026375806112017
