split,judge,target,wording,n_scored,n_planned,accuracy,a_response_rate
development,astra,astra,NAMED,20,20,0.7,0.8
development,astra,astra,SELF,20,20,0.55,0.85
development,astra,fable,NAMED,20,20,0.6,0.6
development,astra,mimo,NAMED,20,20,0.5,0.9
development,fable,astra,NAMED,20,20,0.45,0.95
development,fable,fable,NAMED,20,20,0.55,0.95
development,fable,fable,SELF,20,20,0.55,0.95
development,fable,mimo,NAMED,20,20,0.4,0.9
development,mimo,astra,NAMED,20,20,0.5,1.0
development,mimo,fable,NAMED,20,20,0.5,1.0
development,mimo,mimo,NAMED,20,20,0.5,1.0
development,mimo,mimo,SELF,20,20,0.5,1.0
holdout,astra,astra,NAMED,20,20,0.55,0.85
holdout,astra,astra,SELF,20,20,0.35,0.75
holdout,astra,fable,NAMED,20,20,0.3,0.8
holdout,astra,mimo,NAMED,20,20,0.55,0.95
holdout,fable,astra,NAMED,20,20,0.5,1.0
holdout,fable,fable,NAMED,20,20,0.5,1.0
holdout,fable,fable,SELF,20,20,0.5,1.0
holdout,fable,mimo,NAMED,20,20,0.4,0.9
holdout,mimo,astra,NAMED,20,20,0.5,1.0
holdout,mimo,fable,NAMED,20,20,0.5,1.0
holdout,mimo,mimo,NAMED,20,20,0.5,1.0
holdout,mimo,mimo,SELF,20,20,0.5,1.0
