trial_id,pair_id,triplet_id,split,target_item_id,target_label,distractor_label,wording_condition,judge_label,judge_role,source_pair_type,source_label_A,source_label_B,sequence_A_id,sequence_B_id,correct_answer
dev_t01_af:fable|NAMED|astra,dev_t01_af,dev_t01,development,dev_t01_af:fable,fable,astra,NAMED,astra,distractor_producer,AF,fable,astra,fable_batch_12,astra_batch_09,A
dev_t01_af:fable|NAMED|fable,dev_t01_af,dev_t01,development,dev_t01_af:fable,fable,astra,NAMED,fable,target_producer,AF,fable,astra,fable_batch_12,astra_batch_09,A
dev_t01_af:fable|NAMED|mimo,dev_t01_af,dev_t01,development,dev_t01_af:fable,fable,astra,NAMED,mimo,uninvolved_observer,AF,fable,astra,fable_batch_12,astra_batch_09,A
dev_t01_af:fable|SELF|fable,dev_t01_af,dev_t01,development,dev_t01_af:fable,fable,astra,SELF,fable,target_producer,AF,fable,astra,fable_batch_12,astra_batch_09,A
dev_t01_af:astra|NAMED|astra,dev_t01_af,dev_t01,development,dev_t01_af:astra,astra,fable,NAMED,astra,target_producer,AF,fable,astra,fable_batch_12,astra_batch_09,B
dev_t01_af:astra|NAMED|fable,dev_t01_af,dev_t01,development,dev_t01_af:astra,astra,fable,NAMED,fable,distractor_producer,AF,fable,astra,fable_batch_12,astra_batch_09,B
dev_t01_af:astra|NAMED|mimo,dev_t01_af,dev_t01,development,dev_t01_af:astra,astra,fable,NAMED,mimo,uninvolved_observer,AF,fable,astra,fable_batch_12,astra_batch_09,B
dev_t01_af:astra|SELF|astra,dev_t01_af,dev_t01,development,dev_t01_af:astra,astra,fable,SELF,astra,target_producer,AF,fable,astra,fable_batch_12,astra_batch_09,B
dev_t02_af:fable|NAMED|astra,dev_t02_af,dev_t02,development,dev_t02_af:fable,fable,astra,NAMED,astra,distractor_producer,AF,fable,astra,fable_batch_14,astra_batch_03,A
dev_t02_af:fable|NAMED|fable,dev_t02_af,dev_t02,development,dev_t02_af:fable,fable,astra,NAMED,fable,target_producer,AF,fable,astra,fable_batch_14,astra_batch_03,A
dev_t02_af:fable|NAMED|mimo,dev_t02_af,dev_t02,development,dev_t02_af:fable,fable,astra,NAMED,mimo,uninvolved_observer,AF,fable,astra,fable_batch_14,astra_batch_03,A
dev_t02_af:fable|SELF|fable,dev_t02_af,dev_t02,development,dev_t02_af:fable,fable,astra,SELF,fable,target_producer,AF,fable,astra,fable_batch_14,astra_batch_03,A
dev_t02_af:astra|NAMED|astra,dev_t02_af,dev_t02,development,dev_t02_af:astra,astra,fable,NAMED,astra,target_producer,AF,fable,astra,fable_batch_14,astra_batch_03,B
dev_t02_af:astra|NAMED|fable,dev_t02_af,dev_t02,development,dev_t02_af:astra,astra,fable,NAMED,fable,distractor_producer,AF,fable,astra,fable_batch_14,astra_batch_03,B
dev_t02_af:astra|NAMED|mimo,dev_t02_af,dev_t02,development,dev_t02_af:astra,astra,fable,NAMED,mimo,uninvolved_observer,AF,fable,astra,fable_batch_14,astra_batch_03,B
dev_t02_af:astra|SELF|astra,dev_t02_af,dev_t02,development,dev_t02_af:astra,astra,fable,SELF,astra,target_producer,AF,fable,astra,fable_batch_14,astra_batch_03,B
dev_t03_af:astra|NAMED|astra,dev_t03_af,dev_t03,development,dev_t03_af:astra,astra,fable,NAMED,astra,target_producer,AF,astra,fable,astra_batch_18,fable_batch_18,A
dev_t03_af:astra|NAMED|fable,dev_t03_af,dev_t03,development,dev_t03_af:astra,astra,fable,NAMED,fable,distractor_producer,AF,astra,fable,astra_batch_18,fable_batch_18,A
dev_t03_af:astra|NAMED|mimo,dev_t03_af,dev_t03,development,dev_t03_af:astra,astra,fable,NAMED,mimo,uninvolved_observer,AF,astra,fable,astra_batch_18,fable_batch_18,A
dev_t03_af:astra|SELF|astra,dev_t03_af,dev_t03,development,dev_t03_af:astra,astra,fable,SELF,astra,target_producer,AF,astra,fable,astra_batch_18,fable_batch_18,A
dev_t03_af:fable|NAMED|astra,dev_t03_af,dev_t03,development,dev_t03_af:fable,fable,astra,NAMED,astra,distractor_producer,AF,astra,fable,astra_batch_18,fable_batch_18,B
dev_t03_af:fable|NAMED|fable,dev_t03_af,dev_t03,development,dev_t03_af:fable,fable,astra,NAMED,fable,target_producer,AF,astra,fable,astra_batch_18,fable_batch_18,B
dev_t03_af:fable|NAMED|mimo,dev_t03_af,dev_t03,development,dev_t03_af:fable,fable,astra,NAMED,mimo,uninvolved_observer,AF,astra,fable,astra_batch_18,fable_batch_18,B
dev_t03_af:fable|SELF|fable,dev_t03_af,dev_t03,development,dev_t03_af:fable,fable,astra,SELF,fable,target_producer,AF,astra,fable,astra_batch_18,fable_batch_18,B
dev_t04_af:astra|NAMED|astra,dev_t04_af,dev_t04,development,dev_t04_af:astra,astra,fable,NAMED,astra,target_producer,AF,astra,fable,astra_batch_16,fable_batch_15,A
dev_t04_af:astra|NAMED|fable,dev_t04_af,dev_t04,development,dev_t04_af:astra,astra,fable,NAMED,fable,distractor_producer,AF,astra,fable,astra_batch_16,fable_batch_15,A
dev_t04_af:astra|NAMED|mimo,dev_t04_af,dev_t04,development,dev_t04_af:astra,astra,fable,NAMED,mimo,uninvolved_observer,AF,astra,fable,astra_batch_16,fable_batch_15,A
dev_t04_af:astra|SELF|astra,dev_t04_af,dev_t04,development,dev_t04_af:astra,astra,fable,SELF,astra,target_producer,AF,astra,fable,astra_batch_16,fable_batch_15,A
dev_t04_af:fable|NAMED|astra,dev_t04_af,dev_t04,development,dev_t04_af:fable,fable,astra,NAMED,astra,distractor_producer,AF,astra,fable,astra_batch_16,fable_batch_15,B
dev_t04_af:fable|NAMED|fable,dev_t04_af,dev_t04,development,dev_t04_af:fable,fable,astra,NAMED,fable,target_producer,AF,astra,fable,astra_batch_16,fable_batch_15,B
dev_t04_af:fable|NAMED|mimo,dev_t04_af,dev_t04,development,dev_t04_af:fable,fable,astra,NAMED,mimo,uninvolved_observer,AF,astra,fable,astra_batch_16,fable_batch_15,B
dev_t04_af:fable|SELF|fable,dev_t04_af,dev_t04,development,dev_t04_af:fable,fable,astra,SELF,fable,target_producer,AF,astra,fable,astra_batch_16,fable_batch_15,B
dev_t05_af:astra|NAMED|astra,dev_t05_af,dev_t05,development,dev_t05_af:astra,astra,fable,NAMED,astra,target_producer,AF,astra,fable,astra_batch_01,fable_batch_19,A
dev_t05_af:astra|NAMED|fable,dev_t05_af,dev_t05,development,dev_t05_af:astra,astra,fable,NAMED,fable,distractor_producer,AF,astra,fable,astra_batch_01,fable_batch_19,A
dev_t05_af:astra|NAMED|mimo,dev_t05_af,dev_t05,development,dev_t05_af:astra,astra,fable,NAMED,mimo,uninvolved_observer,AF,astra,fable,astra_batch_01,fable_batch_19,A
dev_t05_af:astra|SELF|astra,dev_t05_af,dev_t05,development,dev_t05_af:astra,astra,fable,SELF,astra,target_producer,AF,astra,fable,astra_batch_01,fable_batch_19,A
dev_t05_af:fable|NAMED|astra,dev_t05_af,dev_t05,development,dev_t05_af:fable,fable,astra,NAMED,astra,distractor_producer,AF,astra,fable,astra_batch_01,fable_batch_19,B
dev_t05_af:fable|NAMED|fable,dev_t05_af,dev_t05,development,dev_t05_af:fable,fable,astra,NAMED,fable,target_producer,AF,astra,fable,astra_batch_01,fable_batch_19,B
dev_t05_af:fable|NAMED|mimo,dev_t05_af,dev_t05,development,dev_t05_af:fable,fable,astra,NAMED,mimo,uninvolved_observer,AF,astra,fable,astra_batch_01,fable_batch_19,B
dev_t05_af:fable|SELF|fable,dev_t05_af,dev_t05,development,dev_t05_af:fable,fable,astra,SELF,fable,target_producer,AF,astra,fable,astra_batch_01,fable_batch_19,B
dev_t06_af:fable|NAMED|astra,dev_t06_af,dev_t06,development,dev_t06_af:fable,fable,astra,NAMED,astra,distractor_producer,AF,fable,astra,fable_batch_03,astra_batch_02,A
dev_t06_af:fable|NAMED|fable,dev_t06_af,dev_t06,development,dev_t06_af:fable,fable,astra,NAMED,fable,target_producer,AF,fable,astra,fable_batch_03,astra_batch_02,A
dev_t06_af:fable|NAMED|mimo,dev_t06_af,dev_t06,development,dev_t06_af:fable,fable,astra,NAMED,mimo,uninvolved_observer,AF,fable,astra,fable_batch_03,astra_batch_02,A
dev_t06_af:fable|SELF|fable,dev_t06_af,dev_t06,development,dev_t06_af:fable,fable,astra,SELF,fable,target_producer,AF,fable,astra,fable_batch_03,astra_batch_02,A
dev_t06_af:astra|NAMED|astra,dev_t06_af,dev_t06,development,dev_t06_af:astra,astra,fable,NAMED,astra,target_producer,AF,fable,astra,fable_batch_03,astra_batch_02,B
dev_t06_af:astra|NAMED|fable,dev_t06_af,dev_t06,development,dev_t06_af:astra,astra,fable,NAMED,fable,distractor_producer,AF,fable,astra,fable_batch_03,astra_batch_02,B
dev_t06_af:astra|NAMED|mimo,dev_t06_af,dev_t06,development,dev_t06_af:astra,astra,fable,NAMED,mimo,uninvolved_observer,AF,fable,astra,fable_batch_03,astra_batch_02,B
dev_t06_af:astra|SELF|astra,dev_t06_af,dev_t06,development,dev_t06_af:astra,astra,fable,SELF,astra,target_producer,AF,fable,astra,fable_batch_03,astra_batch_02,B
dev_t07_af:astra|NAMED|astra,dev_t07_af,dev_t07,development,dev_t07_af:astra,astra,fable,NAMED,astra,target_producer,AF,astra,fable,astra_batch_08,fable_batch_00,A
dev_t07_af:astra|NAMED|fable,dev_t07_af,dev_t07,development,dev_t07_af:astra,astra,fable,NAMED,fable,distractor_producer,AF,astra,fable,astra_batch_08,fable_batch_00,A
dev_t07_af:astra|NAMED|mimo,dev_t07_af,dev_t07,development,dev_t07_af:astra,astra,fable,NAMED,mimo,uninvolved_observer,AF,astra,fable,astra_batch_08,fable_batch_00,A
dev_t07_af:astra|SELF|astra,dev_t07_af,dev_t07,development,dev_t07_af:astra,astra,fable,SELF,astra,target_producer,AF,astra,fable,astra_batch_08,fable_batch_00,A
dev_t07_af:fable|NAMED|astra,dev_t07_af,dev_t07,development,dev_t07_af:fable,fable,astra,NAMED,astra,distractor_producer,AF,astra,fable,astra_batch_08,fable_batch_00,B
dev_t07_af:fable|NAMED|fable,dev_t07_af,dev_t07,development,dev_t07_af:fable,fable,astra,NAMED,fable,target_producer,AF,astra,fable,astra_batch_08,fable_batch_00,B
dev_t07_af:fable|NAMED|mimo,dev_t07_af,dev_t07,development,dev_t07_af:fable,fable,astra,NAMED,mimo,uninvolved_observer,AF,astra,fable,astra_batch_08,fable_batch_00,B
dev_t07_af:fable|SELF|fable,dev_t07_af,dev_t07,development,dev_t07_af:fable,fable,astra,SELF,fable,target_producer,AF,astra,fable,astra_batch_08,fable_batch_00,B
dev_t08_af:fable|NAMED|astra,dev_t08_af,dev_t08,development,dev_t08_af:fable,fable,astra,NAMED,astra,distractor_producer,AF,fable,astra,fable_batch_09,astra_batch_15,A
dev_t08_af:fable|NAMED|fable,dev_t08_af,dev_t08,development,dev_t08_af:fable,fable,astra,NAMED,fable,target_producer,AF,fable,astra,fable_batch_09,astra_batch_15,A
dev_t08_af:fable|NAMED|mimo,dev_t08_af,dev_t08,development,dev_t08_af:fable,fable,astra,NAMED,mimo,uninvolved_observer,AF,fable,astra,fable_batch_09,astra_batch_15,A
dev_t08_af:fable|SELF|fable,dev_t08_af,dev_t08,development,dev_t08_af:fable,fable,astra,SELF,fable,target_producer,AF,fable,astra,fable_batch_09,astra_batch_15,A
dev_t08_af:astra|NAMED|astra,dev_t08_af,dev_t08,development,dev_t08_af:astra,astra,fable,NAMED,astra,target_producer,AF,fable,astra,fable_batch_09,astra_batch_15,B
dev_t08_af:astra|NAMED|fable,dev_t08_af,dev_t08,development,dev_t08_af:astra,astra,fable,NAMED,fable,distractor_producer,AF,fable,astra,fable_batch_09,astra_batch_15,B
dev_t08_af:astra|NAMED|mimo,dev_t08_af,dev_t08,development,dev_t08_af:astra,astra,fable,NAMED,mimo,uninvolved_observer,AF,fable,astra,fable_batch_09,astra_batch_15,B
dev_t08_af:astra|SELF|astra,dev_t08_af,dev_t08,development,dev_t08_af:astra,astra,fable,SELF,astra,target_producer,AF,fable,astra,fable_batch_09,astra_batch_15,B
dev_t09_af:astra|NAMED|astra,dev_t09_af,dev_t09,development,dev_t09_af:astra,astra,fable,NAMED,astra,target_producer,AF,astra,fable,astra_batch_10,fable_batch_10,A
dev_t09_af:astra|NAMED|fable,dev_t09_af,dev_t09,development,dev_t09_af:astra,astra,fable,NAMED,fable,distractor_producer,AF,astra,fable,astra_batch_10,fable_batch_10,A
dev_t09_af:astra|NAMED|mimo,dev_t09_af,dev_t09,development,dev_t09_af:astra,astra,fable,NAMED,mimo,uninvolved_observer,AF,astra,fable,astra_batch_10,fable_batch_10,A
dev_t09_af:astra|SELF|astra,dev_t09_af,dev_t09,development,dev_t09_af:astra,astra,fable,SELF,astra,target_producer,AF,astra,fable,astra_batch_10,fable_batch_10,A
dev_t09_af:fable|NAMED|astra,dev_t09_af,dev_t09,development,dev_t09_af:fable,fable,astra,NAMED,astra,distractor_producer,AF,astra,fable,astra_batch_10,fable_batch_10,B
dev_t09_af:fable|NAMED|fable,dev_t09_af,dev_t09,development,dev_t09_af:fable,fable,astra,NAMED,fable,target_producer,AF,astra,fable,astra_batch_10,fable_batch_10,B
dev_t09_af:fable|NAMED|mimo,dev_t09_af,dev_t09,development,dev_t09_af:fable,fable,astra,NAMED,mimo,uninvolved_observer,AF,astra,fable,astra_batch_10,fable_batch_10,B
dev_t09_af:fable|SELF|fable,dev_t09_af,dev_t09,development,dev_t09_af:fable,fable,astra,SELF,fable,target_producer,AF,astra,fable,astra_batch_10,fable_batch_10,B
dev_t10_af:fable|NAMED|astra,dev_t10_af,dev_t10,development,dev_t10_af:fable,fable,astra,NAMED,astra,distractor_producer,AF,fable,astra,fable_batch_07,astra_batch_04,A
dev_t10_af:fable|NAMED|fable,dev_t10_af,dev_t10,development,dev_t10_af:fable,fable,astra,NAMED,fable,target_producer,AF,fable,astra,fable_batch_07,astra_batch_04,A
dev_t10_af:fable|NAMED|mimo,dev_t10_af,dev_t10,development,dev_t10_af:fable,fable,astra,NAMED,mimo,uninvolved_observer,AF,fable,astra,fable_batch_07,astra_batch_04,A
dev_t10_af:fable|SELF|fable,dev_t10_af,dev_t10,development,dev_t10_af:fable,fable,astra,SELF,fable,target_producer,AF,fable,astra,fable_batch_07,astra_batch_04,A
dev_t10_af:astra|NAMED|astra,dev_t10_af,dev_t10,development,dev_t10_af:astra,astra,fable,NAMED,astra,target_producer,AF,fable,astra,fable_batch_07,astra_batch_04,B
dev_t10_af:astra|NAMED|fable,dev_t10_af,dev_t10,development,dev_t10_af:astra,astra,fable,NAMED,fable,distractor_producer,AF,fable,astra,fable_batch_07,astra_batch_04,B
dev_t10_af:astra|NAMED|mimo,dev_t10_af,dev_t10,development,dev_t10_af:astra,astra,fable,NAMED,mimo,uninvolved_observer,AF,fable,astra,fable_batch_07,astra_batch_04,B
dev_t10_af:astra|SELF|astra,dev_t10_af,dev_t10,development,dev_t10_af:astra,astra,fable,SELF,astra,target_producer,AF,fable,astra,fable_batch_07,astra_batch_04,B
hold_t01_af:fable|NAMED|astra,hold_t01_af,hold_t01,holdout,hold_t01_af:fable,fable,astra,NAMED,astra,distractor_producer,AF,fable,astra,fable_batch_08,astra_batch_12,A
hold_t01_af:fable|NAMED|fable,hold_t01_af,hold_t01,holdout,hold_t01_af:fable,fable,astra,NAMED,fable,target_producer,AF,fable,astra,fable_batch_08,astra_batch_12,A
hold_t01_af:fable|NAMED|mimo,hold_t01_af,hold_t01,holdout,hold_t01_af:fable,fable,astra,NAMED,mimo,uninvolved_observer,AF,fable,astra,fable_batch_08,astra_batch_12,A
hold_t01_af:fable|SELF|fable,hold_t01_af,hold_t01,holdout,hold_t01_af:fable,fable,astra,SELF,fable,target_producer,AF,fable,astra,fable_batch_08,astra_batch_12,A
hold_t01_af:astra|NAMED|astra,hold_t01_af,hold_t01,holdout,hold_t01_af:astra,astra,fable,NAMED,astra,target_producer,AF,fable,astra,fable_batch_08,astra_batch_12,B
hold_t01_af:astra|NAMED|fable,hold_t01_af,hold_t01,holdout,hold_t01_af:astra,astra,fable,NAMED,fable,distractor_producer,AF,fable,astra,fable_batch_08,astra_batch_12,B
hold_t01_af:astra|NAMED|mimo,hold_t01_af,hold_t01,holdout,hold_t01_af:astra,astra,fable,NAMED,mimo,uninvolved_observer,AF,fable,astra,fable_batch_08,astra_batch_12,B
hold_t01_af:astra|SELF|astra,hold_t01_af,hold_t01,holdout,hold_t01_af:astra,astra,fable,SELF,astra,target_producer,AF,fable,astra,fable_batch_08,astra_batch_12,B
hold_t02_af:fable|NAMED|astra,hold_t02_af,hold_t02,holdout,hold_t02_af:fable,fable,astra,NAMED,astra,distractor_producer,AF,fable,astra,fable_batch_11,astra_batch_06,A
hold_t02_af:fable|NAMED|fable,hold_t02_af,hold_t02,holdout,hold_t02_af:fable,fable,astra,NAMED,fable,target_producer,AF,fable,astra,fable_batch_11,astra_batch_06,A
hold_t02_af:fable|NAMED|mimo,hold_t02_af,hold_t02,holdout,hold_t02_af:fable,fable,astra,NAMED,mimo,uninvolved_observer,AF,fable,astra,fable_batch_11,astra_batch_06,A
hold_t02_af:fable|SELF|fable,hold_t02_af,hold_t02,holdout,hold_t02_af:fable,fable,astra,SELF,fable,target_producer,AF,fable,astra,fable_batch_11,astra_batch_06,A
hold_t02_af:astra|NAMED|astra,hold_t02_af,hold_t02,holdout,hold_t02_af:astra,astra,fable,NAMED,astra,target_producer,AF,fable,astra,fable_batch_11,astra_batch_06,B
hold_t02_af:astra|NAMED|fable,hold_t02_af,hold_t02,holdout,hold_t02_af:astra,astra,fable,NAMED,fable,distractor_producer,AF,fable,astra,fable_batch_11,astra_batch_06,B
hold_t02_af:astra|NAMED|mimo,hold_t02_af,hold_t02,holdout,hold_t02_af:astra,astra,fable,NAMED,mimo,uninvolved_observer,AF,fable,astra,fable_batch_11,astra_batch_06,B
hold_t02_af:astra|SELF|astra,hold_t02_af,hold_t02,holdout,hold_t02_af:astra,astra,fable,SELF,astra,target_producer,AF,fable,astra,fable_batch_11,astra_batch_06,B
hold_t03_af:astra|NAMED|astra,hold_t03_af,hold_t03,holdout,hold_t03_af:astra,astra,fable,NAMED,astra,target_producer,AF,astra,fable,astra_batch_19,fable_batch_16,A
hold_t03_af:astra|NAMED|fable,hold_t03_af,hold_t03,holdout,hold_t03_af:astra,astra,fable,NAMED,fable,distractor_producer,AF,astra,fable,astra_batch_19,fable_batch_16,A
hold_t03_af:astra|NAMED|mimo,hold_t03_af,hold_t03,holdout,hold_t03_af:astra,astra,fable,NAMED,mimo,uninvolved_observer,AF,astra,fable,astra_batch_19,fable_batch_16,A
hold_t03_af:astra|SELF|astra,hold_t03_af,hold_t03,holdout,hold_t03_af:astra,astra,fable,SELF,astra,target_producer,AF,astra,fable,astra_batch_19,fable_batch_16,A
hold_t03_af:fable|NAMED|astra,hold_t03_af,hold_t03,holdout,hold_t03_af:fable,fable,astra,NAMED,astra,distractor_producer,AF,astra,fable,astra_batch_19,fable_batch_16,B
hold_t03_af:fable|NAMED|fable,hold_t03_af,hold_t03,holdout,hold_t03_af:fable,fable,astra,NAMED,fable,target_producer,AF,astra,fable,astra_batch_19,fable_batch_16,B
hold_t03_af:fable|NAMED|mimo,hold_t03_af,hold_t03,holdout,hold_t03_af:fable,fable,astra,NAMED,mimo,uninvolved_observer,AF,astra,fable,astra_batch_19,fable_batch_16,B
hold_t03_af:fable|SELF|fable,hold_t03_af,hold_t03,holdout,hold_t03_af:fable,fable,astra,SELF,fable,target_producer,AF,astra,fable,astra_batch_19,fable_batch_16,B
hold_t04_af:astra|NAMED|astra,hold_t04_af,hold_t04,holdout,hold_t04_af:astra,astra,fable,NAMED,astra,target_producer,AF,astra,fable,astra_batch_17,fable_batch_13,A
hold_t04_af:astra|NAMED|fable,hold_t04_af,hold_t04,holdout,hold_t04_af:astra,astra,fable,NAMED,fable,distractor_producer,AF,astra,fable,astra_batch_17,fable_batch_13,A
hold_t04_af:astra|NAMED|mimo,hold_t04_af,hold_t04,holdout,hold_t04_af:astra,astra,fable,NAMED,mimo,uninvolved_observer,AF,astra,fable,astra_batch_17,fable_batch_13,A
hold_t04_af:astra|SELF|astra,hold_t04_af,hold_t04,holdout,hold_t04_af:astra,astra,fable,SELF,astra,target_producer,AF,astra,fable,astra_batch_17,fable_batch_13,A
hold_t04_af:fable|NAMED|astra,hold_t04_af,hold_t04,holdout,hold_t04_af:fable,fable,astra,NAMED,astra,distractor_producer,AF,astra,fable,astra_batch_17,fable_batch_13,B
hold_t04_af:fable|NAMED|fable,hold_t04_af,hold_t04,holdout,hold_t04_af:fable,fable,astra,NAMED,fable,target_producer,AF,astra,fable,astra_batch_17,fable_batch_13,B
hold_t04_af:fable|NAMED|mimo,hold_t04_af,hold_t04,holdout,hold_t04_af:fable,fable,astra,NAMED,mimo,uninvolved_observer,AF,astra,fable,astra_batch_17,fable_batch_13,B
hold_t04_af:fable|SELF|fable,hold_t04_af,hold_t04,holdout,hold_t04_af:fable,fable,astra,SELF,fable,target_producer,AF,astra,fable,astra_batch_17,fable_batch_13,B
hold_t05_af:fable|NAMED|astra,hold_t05_af,hold_t05,holdout,hold_t05_af:fable,fable,astra,NAMED,astra,distractor_producer,AF,fable,astra,fable_batch_17,astra_batch_00,A
hold_t05_af:fable|NAMED|fable,hold_t05_af,hold_t05,holdout,hold_t05_af:fable,fable,astra,NAMED,fable,target_producer,AF,fable,astra,fable_batch_17,astra_batch_00,A
hold_t05_af:fable|NAMED|mimo,hold_t05_af,hold_t05,holdout,hold_t05_af:fable,fable,astra,NAMED,mimo,uninvolved_observer,AF,fable,astra,fable_batch_17,astra_batch_00,A
hold_t05_af:fable|SELF|fable,hold_t05_af,hold_t05,holdout,hold_t05_af:fable,fable,astra,SELF,fable,target_producer,AF,fable,astra,fable_batch_17,astra_batch_00,A
hold_t05_af:astra|NAMED|astra,hold_t05_af,hold_t05,holdout,hold_t05_af:astra,astra,fable,NAMED,astra,target_producer,AF,fable,astra,fable_batch_17,astra_batch_00,B
hold_t05_af:astra|NAMED|fable,hold_t05_af,hold_t05,holdout,hold_t05_af:astra,astra,fable,NAMED,fable,distractor_producer,AF,fable,astra,fable_batch_17,astra_batch_00,B
hold_t05_af:astra|NAMED|mimo,hold_t05_af,hold_t05,holdout,hold_t05_af:astra,astra,fable,NAMED,mimo,uninvolved_observer,AF,fable,astra,fable_batch_17,astra_batch_00,B
hold_t05_af:astra|SELF|astra,hold_t05_af,hold_t05,holdout,hold_t05_af:astra,astra,fable,SELF,astra,target_producer,AF,fable,astra,fable_batch_17,astra_batch_00,B
hold_t06_af:fable|NAMED|astra,hold_t06_af,hold_t06,holdout,hold_t06_af:fable,fable,astra,NAMED,astra,distractor_producer,AF,fable,astra,fable_batch_02,astra_batch_05,A
hold_t06_af:fable|NAMED|fable,hold_t06_af,hold_t06,holdout,hold_t06_af:fable,fable,astra,NAMED,fable,target_producer,AF,fable,astra,fable_batch_02,astra_batch_05,A
hold_t06_af:fable|NAMED|mimo,hold_t06_af,hold_t06,holdout,hold_t06_af:fable,fable,astra,NAMED,mimo,uninvolved_observer,AF,fable,astra,fable_batch_02,astra_batch_05,A
hold_t06_af:fable|SELF|fable,hold_t06_af,hold_t06,holdout,hold_t06_af:fable,fable,astra,SELF,fable,target_producer,AF,fable,astra,fable_batch_02,astra_batch_05,A
hold_t06_af:astra|NAMED|astra,hold_t06_af,hold_t06,holdout,hold_t06_af:astra,astra,fable,NAMED,astra,target_producer,AF,fable,astra,fable_batch_02,astra_batch_05,B
hold_t06_af:astra|NAMED|fable,hold_t06_af,hold_t06,holdout,hold_t06_af:astra,astra,fable,NAMED,fable,distractor_producer,AF,fable,astra,fable_batch_02,astra_batch_05,B
hold_t06_af:astra|NAMED|mimo,hold_t06_af,hold_t06,holdout,hold_t06_af:astra,astra,fable,NAMED,mimo,uninvolved_observer,AF,fable,astra,fable_batch_02,astra_batch_05,B
hold_t06_af:astra|SELF|astra,hold_t06_af,hold_t06,holdout,hold_t06_af:astra,astra,fable,SELF,astra,target_producer,AF,fable,astra,fable_batch_02,astra_batch_05,B
hold_t07_af:fable|NAMED|astra,hold_t07_af,hold_t07,holdout,hold_t07_af:fable,fable,astra,NAMED,astra,distractor_producer,AF,fable,astra,fable_batch_01,astra_batch_11,A
hold_t07_af:fable|NAMED|fable,hold_t07_af,hold_t07,holdout,hold_t07_af:fable,fable,astra,NAMED,fable,target_producer,AF,fable,astra,fable_batch_01,astra_batch_11,A
hold_t07_af:fable|NAMED|mimo,hold_t07_af,hold_t07,holdout,hold_t07_af:fable,fable,astra,NAMED,mimo,uninvolved_observer,AF,fable,astra,fable_batch_01,astra_batch_11,A
hold_t07_af:fable|SELF|fable,hold_t07_af,hold_t07,holdout,hold_t07_af:fable,fable,astra,SELF,fable,target_producer,AF,fable,astra,fable_batch_01,astra_batch_11,A
hold_t07_af:astra|NAMED|astra,hold_t07_af,hold_t07,holdout,hold_t07_af:astra,astra,fable,NAMED,astra,target_producer,AF,fable,astra,fable_batch_01,astra_batch_11,B
hold_t07_af:astra|NAMED|fable,hold_t07_af,hold_t07,holdout,hold_t07_af:astra,astra,fable,NAMED,fable,distractor_producer,AF,fable,astra,fable_batch_01,astra_batch_11,B
hold_t07_af:astra|NAMED|mimo,hold_t07_af,hold_t07,holdout,hold_t07_af:astra,astra,fable,NAMED,mimo,uninvolved_observer,AF,fable,astra,fable_batch_01,astra_batch_11,B
hold_t07_af:astra|SELF|astra,hold_t07_af,hold_t07,holdout,hold_t07_af:astra,astra,fable,SELF,astra,target_producer,AF,fable,astra,fable_batch_01,astra_batch_11,B
hold_t08_af:astra|NAMED|astra,hold_t08_af,hold_t08,holdout,hold_t08_af:astra,astra,fable,NAMED,astra,target_producer,AF,astra,fable,astra_batch_14,fable_batch_05,A
hold_t08_af:astra|NAMED|fable,hold_t08_af,hold_t08,holdout,hold_t08_af:astra,astra,fable,NAMED,fable,distractor_producer,AF,astra,fable,astra_batch_14,fable_batch_05,A
hold_t08_af:astra|NAMED|mimo,hold_t08_af,hold_t08,holdout,hold_t08_af:astra,astra,fable,NAMED,mimo,uninvolved_observer,AF,astra,fable,astra_batch_14,fable_batch_05,A
hold_t08_af:astra|SELF|astra,hold_t08_af,hold_t08,holdout,hold_t08_af:astra,astra,fable,SELF,astra,target_producer,AF,astra,fable,astra_batch_14,fable_batch_05,A
hold_t08_af:fable|NAMED|astra,hold_t08_af,hold_t08,holdout,hold_t08_af:fable,fable,astra,NAMED,astra,distractor_producer,AF,astra,fable,astra_batch_14,fable_batch_05,B
hold_t08_af:fable|NAMED|fable,hold_t08_af,hold_t08,holdout,hold_t08_af:fable,fable,astra,NAMED,fable,target_producer,AF,astra,fable,astra_batch_14,fable_batch_05,B
hold_t08_af:fable|NAMED|mimo,hold_t08_af,hold_t08,holdout,hold_t08_af:fable,fable,astra,NAMED,mimo,uninvolved_observer,AF,astra,fable,astra_batch_14,fable_batch_05,B
hold_t08_af:fable|SELF|fable,hold_t08_af,hold_t08,holdout,hold_t08_af:fable,fable,astra,SELF,fable,target_producer,AF,astra,fable,astra_batch_14,fable_batch_05,B
hold_t09_af:astra|NAMED|astra,hold_t09_af,hold_t09,holdout,hold_t09_af:astra,astra,fable,NAMED,astra,target_producer,AF,astra,fable,astra_batch_13,fable_batch_06,A
hold_t09_af:astra|NAMED|fable,hold_t09_af,hold_t09,holdout,hold_t09_af:astra,astra,fable,NAMED,fable,distractor_producer,AF,astra,fable,astra_batch_13,fable_batch_06,A
hold_t09_af:astra|NAMED|mimo,hold_t09_af,hold_t09,holdout,hold_t09_af:astra,astra,fable,NAMED,mimo,uninvolved_observer,AF,astra,fable,astra_batch_13,fable_batch_06,A
hold_t09_af:astra|SELF|astra,hold_t09_af,hold_t09,holdout,hold_t09_af:astra,astra,fable,SELF,astra,target_producer,AF,astra,fable,astra_batch_13,fable_batch_06,A
hold_t09_af:fable|NAMED|astra,hold_t09_af,hold_t09,holdout,hold_t09_af:fable,fable,astra,NAMED,astra,distractor_producer,AF,astra,fable,astra_batch_13,fable_batch_06,B
hold_t09_af:fable|NAMED|fable,hold_t09_af,hold_t09,holdout,hold_t09_af:fable,fable,astra,NAMED,fable,target_producer,AF,astra,fable,astra_batch_13,fable_batch_06,B
hold_t09_af:fable|NAMED|mimo,hold_t09_af,hold_t09,holdout,hold_t09_af:fable,fable,astra,NAMED,mimo,uninvolved_observer,AF,astra,fable,astra_batch_13,fable_batch_06,B
hold_t09_af:fable|SELF|fable,hold_t09_af,hold_t09,holdout,hold_t09_af:fable,fable,astra,SELF,fable,target_producer,AF,astra,fable,astra_batch_13,fable_batch_06,B
hold_t10_af:astra|NAMED|astra,hold_t10_af,hold_t10,holdout,hold_t10_af:astra,astra,fable,NAMED,astra,target_producer,AF,astra,fable,astra_batch_07,fable_batch_04,A
hold_t10_af:astra|NAMED|fable,hold_t10_af,hold_t10,holdout,hold_t10_af:astra,astra,fable,NAMED,fable,distractor_producer,AF,astra,fable,astra_batch_07,fable_batch_04,A
hold_t10_af:astra|NAMED|mimo,hold_t10_af,hold_t10,holdout,hold_t10_af:astra,astra,fable,NAMED,mimo,uninvolved_observer,AF,astra,fable,astra_batch_07,fable_batch_04,A
hold_t10_af:astra|SELF|astra,hold_t10_af,hold_t10,holdout,hold_t10_af:astra,astra,fable,SELF,astra,target_producer,AF,astra,fable,astra_batch_07,fable_batch_04,A
hold_t10_af:fable|NAMED|astra,hold_t10_af,hold_t10,holdout,hold_t10_af:fable,fable,astra,NAMED,astra,distractor_producer,AF,astra,fable,astra_batch_07,fable_batch_04,B
hold_t10_af:fable|NAMED|fable,hold_t10_af,hold_t10,holdout,hold_t10_af:fable,fable,astra,NAMED,fable,target_producer,AF,astra,fable,astra_batch_07,fable_batch_04,B
hold_t10_af:fable|NAMED|mimo,hold_t10_af,hold_t10,holdout,hold_t10_af:fable,fable,astra,NAMED,mimo,uninvolved_observer,AF,astra,fable,astra_batch_07,fable_batch_04,B
hold_t10_af:fable|SELF|fable,hold_t10_af,hold_t10,holdout,hold_t10_af:fable,fable,astra,SELF,fable,target_producer,AF,astra,fable,astra_batch_07,fable_batch_04,B
dev_t01_am:astra|NAMED|astra,dev_t01_am,dev_t01,development,dev_t01_am:astra,astra,mimo,NAMED,astra,target_producer,AM,astra,mimo,astra_batch_09,mimo_batch_12,A
dev_t01_am:astra|NAMED|fable,dev_t01_am,dev_t01,development,dev_t01_am:astra,astra,mimo,NAMED,fable,uninvolved_observer,AM,astra,mimo,astra_batch_09,mimo_batch_12,A
dev_t01_am:astra|NAMED|mimo,dev_t01_am,dev_t01,development,dev_t01_am:astra,astra,mimo,NAMED,mimo,distractor_producer,AM,astra,mimo,astra_batch_09,mimo_batch_12,A
dev_t01_am:astra|SELF|astra,dev_t01_am,dev_t01,development,dev_t01_am:astra,astra,mimo,SELF,astra,target_producer,AM,astra,mimo,astra_batch_09,mimo_batch_12,A
dev_t01_am:mimo|NAMED|astra,dev_t01_am,dev_t01,development,dev_t01_am:mimo,mimo,astra,NAMED,astra,distractor_producer,AM,astra,mimo,astra_batch_09,mimo_batch_12,B
dev_t01_am:mimo|NAMED|fable,dev_t01_am,dev_t01,development,dev_t01_am:mimo,mimo,astra,NAMED,fable,uninvolved_observer,AM,astra,mimo,astra_batch_09,mimo_batch_12,B
dev_t01_am:mimo|NAMED|mimo,dev_t01_am,dev_t01,development,dev_t01_am:mimo,mimo,astra,NAMED,mimo,target_producer,AM,astra,mimo,astra_batch_09,mimo_batch_12,B
dev_t01_am:mimo|SELF|mimo,dev_t01_am,dev_t01,development,dev_t01_am:mimo,mimo,astra,SELF,mimo,target_producer,AM,astra,mimo,astra_batch_09,mimo_batch_12,B
dev_t02_am:astra|NAMED|astra,dev_t02_am,dev_t02,development,dev_t02_am:astra,astra,mimo,NAMED,astra,target_producer,AM,astra,mimo,astra_batch_03,mimo_batch_09,A
dev_t02_am:astra|NAMED|fable,dev_t02_am,dev_t02,development,dev_t02_am:astra,astra,mimo,NAMED,fable,uninvolved_observer,AM,astra,mimo,astra_batch_03,mimo_batch_09,A
dev_t02_am:astra|NAMED|mimo,dev_t02_am,dev_t02,development,dev_t02_am:astra,astra,mimo,NAMED,mimo,distractor_producer,AM,astra,mimo,astra_batch_03,mimo_batch_09,A
dev_t02_am:astra|SELF|astra,dev_t02_am,dev_t02,development,dev_t02_am:astra,astra,mimo,SELF,astra,target_producer,AM,astra,mimo,astra_batch_03,mimo_batch_09,A
dev_t02_am:mimo|NAMED|astra,dev_t02_am,dev_t02,development,dev_t02_am:mimo,mimo,astra,NAMED,astra,distractor_producer,AM,astra,mimo,astra_batch_03,mimo_batch_09,B
dev_t02_am:mimo|NAMED|fable,dev_t02_am,dev_t02,development,dev_t02_am:mimo,mimo,astra,NAMED,fable,uninvolved_observer,AM,astra,mimo,astra_batch_03,mimo_batch_09,B
dev_t02_am:mimo|NAMED|mimo,dev_t02_am,dev_t02,development,dev_t02_am:mimo,mimo,astra,NAMED,mimo,target_producer,AM,astra,mimo,astra_batch_03,mimo_batch_09,B
dev_t02_am:mimo|SELF|mimo,dev_t02_am,dev_t02,development,dev_t02_am:mimo,mimo,astra,SELF,mimo,target_producer,AM,astra,mimo,astra_batch_03,mimo_batch_09,B
dev_t03_am:astra|NAMED|astra,dev_t03_am,dev_t03,development,dev_t03_am:astra,astra,mimo,NAMED,astra,target_producer,AM,astra,mimo,astra_batch_18,mimo_batch_07,A
dev_t03_am:astra|NAMED|fable,dev_t03_am,dev_t03,development,dev_t03_am:astra,astra,mimo,NAMED,fable,uninvolved_observer,AM,astra,mimo,astra_batch_18,mimo_batch_07,A
dev_t03_am:astra|NAMED|mimo,dev_t03_am,dev_t03,development,dev_t03_am:astra,astra,mimo,NAMED,mimo,distractor_producer,AM,astra,mimo,astra_batch_18,mimo_batch_07,A
dev_t03_am:astra|SELF|astra,dev_t03_am,dev_t03,development,dev_t03_am:astra,astra,mimo,SELF,astra,target_producer,AM,astra,mimo,astra_batch_18,mimo_batch_07,A
dev_t03_am:mimo|NAMED|astra,dev_t03_am,dev_t03,development,dev_t03_am:mimo,mimo,astra,NAMED,astra,distractor_producer,AM,astra,mimo,astra_batch_18,mimo_batch_07,B
dev_t03_am:mimo|NAMED|fable,dev_t03_am,dev_t03,development,dev_t03_am:mimo,mimo,astra,NAMED,fable,uninvolved_observer,AM,astra,mimo,astra_batch_18,mimo_batch_07,B
dev_t03_am:mimo|NAMED|mimo,dev_t03_am,dev_t03,development,dev_t03_am:mimo,mimo,astra,NAMED,mimo,target_producer,AM,astra,mimo,astra_batch_18,mimo_batch_07,B
dev_t03_am:mimo|SELF|mimo,dev_t03_am,dev_t03,development,dev_t03_am:mimo,mimo,astra,SELF,mimo,target_producer,AM,astra,mimo,astra_batch_18,mimo_batch_07,B
dev_t04_am:mimo|NAMED|astra,dev_t04_am,dev_t04,development,dev_t04_am:mimo,mimo,astra,NAMED,astra,distractor_producer,AM,mimo,astra,mimo_batch_01,astra_batch_16,A
dev_t04_am:mimo|NAMED|fable,dev_t04_am,dev_t04,development,dev_t04_am:mimo,mimo,astra,NAMED,fable,uninvolved_observer,AM,mimo,astra,mimo_batch_01,astra_batch_16,A
dev_t04_am:mimo|NAMED|mimo,dev_t04_am,dev_t04,development,dev_t04_am:mimo,mimo,astra,NAMED,mimo,target_producer,AM,mimo,astra,mimo_batch_01,astra_batch_16,A
dev_t04_am:mimo|SELF|mimo,dev_t04_am,dev_t04,development,dev_t04_am:mimo,mimo,astra,SELF,mimo,target_producer,AM,mimo,astra,mimo_batch_01,astra_batch_16,A
dev_t04_am:astra|NAMED|astra,dev_t04_am,dev_t04,development,dev_t04_am:astra,astra,mimo,NAMED,astra,target_producer,AM,mimo,astra,mimo_batch_01,astra_batch_16,B
dev_t04_am:astra|NAMED|fable,dev_t04_am,dev_t04,development,dev_t04_am:astra,astra,mimo,NAMED,fable,uninvolved_observer,AM,mimo,astra,mimo_batch_01,astra_batch_16,B
dev_t04_am:astra|NAMED|mimo,dev_t04_am,dev_t04,development,dev_t04_am:astra,astra,mimo,NAMED,mimo,distractor_producer,AM,mimo,astra,mimo_batch_01,astra_batch_16,B
dev_t04_am:astra|SELF|astra,dev_t04_am,dev_t04,development,dev_t04_am:astra,astra,mimo,SELF,astra,target_producer,AM,mimo,astra,mimo_batch_01,astra_batch_16,B
dev_t05_am:mimo|NAMED|astra,dev_t05_am,dev_t05,development,dev_t05_am:mimo,mimo,astra,NAMED,astra,distractor_producer,AM,mimo,astra,mimo_batch_05,astra_batch_01,A
dev_t05_am:mimo|NAMED|fable,dev_t05_am,dev_t05,development,dev_t05_am:mimo,mimo,astra,NAMED,fable,uninvolved_observer,AM,mimo,astra,mimo_batch_05,astra_batch_01,A
dev_t05_am:mimo|NAMED|mimo,dev_t05_am,dev_t05,development,dev_t05_am:mimo,mimo,astra,NAMED,mimo,target_producer,AM,mimo,astra,mimo_batch_05,astra_batch_01,A
dev_t05_am:mimo|SELF|mimo,dev_t05_am,dev_t05,development,dev_t05_am:mimo,mimo,astra,SELF,mimo,target_producer,AM,mimo,astra,mimo_batch_05,astra_batch_01,A
dev_t05_am:astra|NAMED|astra,dev_t05_am,dev_t05,development,dev_t05_am:astra,astra,mimo,NAMED,astra,target_producer,AM,mimo,astra,mimo_batch_05,astra_batch_01,B
dev_t05_am:astra|NAMED|fable,dev_t05_am,dev_t05,development,dev_t05_am:astra,astra,mimo,NAMED,fable,uninvolved_observer,AM,mimo,astra,mimo_batch_05,astra_batch_01,B
dev_t05_am:astra|NAMED|mimo,dev_t05_am,dev_t05,development,dev_t05_am:astra,astra,mimo,NAMED,mimo,distractor_producer,AM,mimo,astra,mimo_batch_05,astra_batch_01,B
dev_t05_am:astra|SELF|astra,dev_t05_am,dev_t05,development,dev_t05_am:astra,astra,mimo,SELF,astra,target_producer,AM,mimo,astra,mimo_batch_05,astra_batch_01,B
dev_t06_am:mimo|NAMED|astra,dev_t06_am,dev_t06,development,dev_t06_am:mimo,mimo,astra,NAMED,astra,distractor_producer,AM,mimo,astra,mimo_batch_14,astra_batch_02,A
dev_t06_am:mimo|NAMED|fable,dev_t06_am,dev_t06,development,dev_t06_am:mimo,mimo,astra,NAMED,fable,uninvolved_observer,AM,mimo,astra,mimo_batch_14,astra_batch_02,A
dev_t06_am:mimo|NAMED|mimo,dev_t06_am,dev_t06,development,dev_t06_am:mimo,mimo,astra,NAMED,mimo,target_producer,AM,mimo,astra,mimo_batch_14,astra_batch_02,A
dev_t06_am:mimo|SELF|mimo,dev_t06_am,dev_t06,development,dev_t06_am:mimo,mimo,astra,SELF,mimo,target_producer,AM,mimo,astra,mimo_batch_14,astra_batch_02,A
dev_t06_am:astra|NAMED|astra,dev_t06_am,dev_t06,development,dev_t06_am:astra,astra,mimo,NAMED,astra,target_producer,AM,mimo,astra,mimo_batch_14,astra_batch_02,B
dev_t06_am:astra|NAMED|fable,dev_t06_am,dev_t06,development,dev_t06_am:astra,astra,mimo,NAMED,fable,uninvolved_observer,AM,mimo,astra,mimo_batch_14,astra_batch_02,B
dev_t06_am:astra|NAMED|mimo,dev_t06_am,dev_t06,development,dev_t06_am:astra,astra,mimo,NAMED,mimo,distractor_producer,AM,mimo,astra,mimo_batch_14,astra_batch_02,B
dev_t06_am:astra|SELF|astra,dev_t06_am,dev_t06,development,dev_t06_am:astra,astra,mimo,SELF,astra,target_producer,AM,mimo,astra,mimo_batch_14,astra_batch_02,B
dev_t07_am:astra|NAMED|astra,dev_t07_am,dev_t07,development,dev_t07_am:astra,astra,mimo,NAMED,astra,target_producer,AM,astra,mimo,astra_batch_08,mimo_batch_19,A
dev_t07_am:astra|NAMED|fable,dev_t07_am,dev_t07,development,dev_t07_am:astra,astra,mimo,NAMED,fable,uninvolved_observer,AM,astra,mimo,astra_batch_08,mimo_batch_19,A
dev_t07_am:astra|NAMED|mimo,dev_t07_am,dev_t07,development,dev_t07_am:astra,astra,mimo,NAMED,mimo,distractor_producer,AM,astra,mimo,astra_batch_08,mimo_batch_19,A
dev_t07_am:astra|SELF|astra,dev_t07_am,dev_t07,development,dev_t07_am:astra,astra,mimo,SELF,astra,target_producer,AM,astra,mimo,astra_batch_08,mimo_batch_19,A
dev_t07_am:mimo|NAMED|astra,dev_t07_am,dev_t07,development,dev_t07_am:mimo,mimo,astra,NAMED,astra,distractor_producer,AM,astra,mimo,astra_batch_08,mimo_batch_19,B
dev_t07_am:mimo|NAMED|fable,dev_t07_am,dev_t07,development,dev_t07_am:mimo,mimo,astra,NAMED,fable,uninvolved_observer,AM,astra,mimo,astra_batch_08,mimo_batch_19,B
dev_t07_am:mimo|NAMED|mimo,dev_t07_am,dev_t07,development,dev_t07_am:mimo,mimo,astra,NAMED,mimo,target_producer,AM,astra,mimo,astra_batch_08,mimo_batch_19,B
dev_t07_am:mimo|SELF|mimo,dev_t07_am,dev_t07,development,dev_t07_am:mimo,mimo,astra,SELF,mimo,target_producer,AM,astra,mimo,astra_batch_08,mimo_batch_19,B
dev_t08_am:astra|NAMED|astra,dev_t08_am,dev_t08,development,dev_t08_am:astra,astra,mimo,NAMED,astra,target_producer,AM,astra,mimo,astra_batch_15,mimo_batch_00,A
dev_t08_am:astra|NAMED|fable,dev_t08_am,dev_t08,development,dev_t08_am:astra,astra,mimo,NAMED,fable,uninvolved_observer,AM,astra,mimo,astra_batch_15,mimo_batch_00,A
dev_t08_am:astra|NAMED|mimo,dev_t08_am,dev_t08,development,dev_t08_am:astra,astra,mimo,NAMED,mimo,distractor_producer,AM,astra,mimo,astra_batch_15,mimo_batch_00,A
dev_t08_am:astra|SELF|astra,dev_t08_am,dev_t08,development,dev_t08_am:astra,astra,mimo,SELF,astra,target_producer,AM,astra,mimo,astra_batch_15,mimo_batch_00,A
dev_t08_am:mimo|NAMED|astra,dev_t08_am,dev_t08,development,dev_t08_am:mimo,mimo,astra,NAMED,astra,distractor_producer,AM,astra,mimo,astra_batch_15,mimo_batch_00,B
dev_t08_am:mimo|NAMED|fable,dev_t08_am,dev_t08,development,dev_t08_am:mimo,mimo,astra,NAMED,fable,uninvolved_observer,AM,astra,mimo,astra_batch_15,mimo_batch_00,B
dev_t08_am:mimo|NAMED|mimo,dev_t08_am,dev_t08,development,dev_t08_am:mimo,mimo,astra,NAMED,mimo,target_producer,AM,astra,mimo,astra_batch_15,mimo_batch_00,B
dev_t08_am:mimo|SELF|mimo,dev_t08_am,dev_t08,development,dev_t08_am:mimo,mimo,astra,SELF,mimo,target_producer,AM,astra,mimo,astra_batch_15,mimo_batch_00,B
dev_t09_am:mimo|NAMED|astra,dev_t09_am,dev_t09,development,dev_t09_am:mimo,mimo,astra,NAMED,astra,distractor_producer,AM,mimo,astra,mimo_batch_16,astra_batch_10,A
dev_t09_am:mimo|NAMED|fable,dev_t09_am,dev_t09,development,dev_t09_am:mimo,mimo,astra,NAMED,fable,uninvolved_observer,AM,mimo,astra,mimo_batch_16,astra_batch_10,A
dev_t09_am:mimo|NAMED|mimo,dev_t09_am,dev_t09,development,dev_t09_am:mimo,mimo,astra,NAMED,mimo,target_producer,AM,mimo,astra,mimo_batch_16,astra_batch_10,A
dev_t09_am:mimo|SELF|mimo,dev_t09_am,dev_t09,development,dev_t09_am:mimo,mimo,astra,SELF,mimo,target_producer,AM,mimo,astra,mimo_batch_16,astra_batch_10,A
dev_t09_am:astra|NAMED|astra,dev_t09_am,dev_t09,development,dev_t09_am:astra,astra,mimo,NAMED,astra,target_producer,AM,mimo,astra,mimo_batch_16,astra_batch_10,B
dev_t09_am:astra|NAMED|fable,dev_t09_am,dev_t09,development,dev_t09_am:astra,astra,mimo,NAMED,fable,uninvolved_observer,AM,mimo,astra,mimo_batch_16,astra_batch_10,B
dev_t09_am:astra|NAMED|mimo,dev_t09_am,dev_t09,development,dev_t09_am:astra,astra,mimo,NAMED,mimo,distractor_producer,AM,mimo,astra,mimo_batch_16,astra_batch_10,B
dev_t09_am:astra|SELF|astra,dev_t09_am,dev_t09,development,dev_t09_am:astra,astra,mimo,SELF,astra,target_producer,AM,mimo,astra,mimo_batch_16,astra_batch_10,B
dev_t10_am:mimo|NAMED|astra,dev_t10_am,dev_t10,development,dev_t10_am:mimo,mimo,astra,NAMED,astra,distractor_producer,AM,mimo,astra,mimo_batch_08,astra_batch_04,A
dev_t10_am:mimo|NAMED|fable,dev_t10_am,dev_t10,development,dev_t10_am:mimo,mimo,astra,NAMED,fable,uninvolved_observer,AM,mimo,astra,mimo_batch_08,astra_batch_04,A
dev_t10_am:mimo|NAMED|mimo,dev_t10_am,dev_t10,development,dev_t10_am:mimo,mimo,astra,NAMED,mimo,target_producer,AM,mimo,astra,mimo_batch_08,astra_batch_04,A
dev_t10_am:mimo|SELF|mimo,dev_t10_am,dev_t10,development,dev_t10_am:mimo,mimo,astra,SELF,mimo,target_producer,AM,mimo,astra,mimo_batch_08,astra_batch_04,A
dev_t10_am:astra|NAMED|astra,dev_t10_am,dev_t10,development,dev_t10_am:astra,astra,mimo,NAMED,astra,target_producer,AM,mimo,astra,mimo_batch_08,astra_batch_04,B
dev_t10_am:astra|NAMED|fable,dev_t10_am,dev_t10,development,dev_t10_am:astra,astra,mimo,NAMED,fable,uninvolved_observer,AM,mimo,astra,mimo_batch_08,astra_batch_04,B
dev_t10_am:astra|NAMED|mimo,dev_t10_am,dev_t10,development,dev_t10_am:astra,astra,mimo,NAMED,mimo,distractor_producer,AM,mimo,astra,mimo_batch_08,astra_batch_04,B
dev_t10_am:astra|SELF|astra,dev_t10_am,dev_t10,development,dev_t10_am:astra,astra,mimo,SELF,astra,target_producer,AM,mimo,astra,mimo_batch_08,astra_batch_04,B
hold_t01_am:mimo|NAMED|astra,hold_t01_am,hold_t01,holdout,hold_t01_am:mimo,mimo,astra,NAMED,astra,distractor_producer,AM,mimo,astra,mimo_batch_13,astra_batch_12,A
hold_t01_am:mimo|NAMED|fable,hold_t01_am,hold_t01,holdout,hold_t01_am:mimo,mimo,astra,NAMED,fable,uninvolved_observer,AM,mimo,astra,mimo_batch_13,astra_batch_12,A
hold_t01_am:mimo|NAMED|mimo,hold_t01_am,hold_t01,holdout,hold_t01_am:mimo,mimo,astra,NAMED,mimo,target_producer,AM,mimo,astra,mimo_batch_13,astra_batch_12,A
hold_t01_am:mimo|SELF|mimo,hold_t01_am,hold_t01,holdout,hold_t01_am:mimo,mimo,astra,SELF,mimo,target_producer,AM,mimo,astra,mimo_batch_13,astra_batch_12,A
hold_t01_am:astra|NAMED|astra,hold_t01_am,hold_t01,holdout,hold_t01_am:astra,astra,mimo,NAMED,astra,target_producer,AM,mimo,astra,mimo_batch_13,astra_batch_12,B
hold_t01_am:astra|NAMED|fable,hold_t01_am,hold_t01,holdout,hold_t01_am:astra,astra,mimo,NAMED,fable,uninvolved_observer,AM,mimo,astra,mimo_batch_13,astra_batch_12,B
hold_t01_am:astra|NAMED|mimo,hold_t01_am,hold_t01,holdout,hold_t01_am:astra,astra,mimo,NAMED,mimo,distractor_producer,AM,mimo,astra,mimo_batch_13,astra_batch_12,B
hold_t01_am:astra|SELF|astra,hold_t01_am,hold_t01,holdout,hold_t01_am:astra,astra,mimo,SELF,astra,target_producer,AM,mimo,astra,mimo_batch_13,astra_batch_12,B
hold_t02_am:mimo|NAMED|astra,hold_t02_am,hold_t02,holdout,hold_t02_am:mimo,mimo,astra,NAMED,astra,distractor_producer,AM,mimo,astra,mimo_batch_11,astra_batch_06,A
hold_t02_am:mimo|NAMED|fable,hold_t02_am,hold_t02,holdout,hold_t02_am:mimo,mimo,astra,NAMED,fable,uninvolved_observer,AM,mimo,astra,mimo_batch_11,astra_batch_06,A
hold_t02_am:mimo|NAMED|mimo,hold_t02_am,hold_t02,holdout,hold_t02_am:mimo,mimo,astra,NAMED,mimo,target_producer,AM,mimo,astra,mimo_batch_11,astra_batch_06,A
hold_t02_am:mimo|SELF|mimo,hold_t02_am,hold_t02,holdout,hold_t02_am:mimo,mimo,astra,SELF,mimo,target_producer,AM,mimo,astra,mimo_batch_11,astra_batch_06,A
hold_t02_am:astra|NAMED|astra,hold_t02_am,hold_t02,holdout,hold_t02_am:astra,astra,mimo,NAMED,astra,target_producer,AM,mimo,astra,mimo_batch_11,astra_batch_06,B
hold_t02_am:astra|NAMED|fable,hold_t02_am,hold_t02,holdout,hold_t02_am:astra,astra,mimo,NAMED,fable,uninvolved_observer,AM,mimo,astra,mimo_batch_11,astra_batch_06,B
hold_t02_am:astra|NAMED|mimo,hold_t02_am,hold_t02,holdout,hold_t02_am:astra,astra,mimo,NAMED,mimo,distractor_producer,AM,mimo,astra,mimo_batch_11,astra_batch_06,B
hold_t02_am:astra|SELF|astra,hold_t02_am,hold_t02,holdout,hold_t02_am:astra,astra,mimo,SELF,astra,target_producer,AM,mimo,astra,mimo_batch_11,astra_batch_06,B
hold_t03_am:mimo|NAMED|astra,hold_t03_am,hold_t03,holdout,hold_t03_am:mimo,mimo,astra,NAMED,astra,distractor_producer,AM,mimo,astra,mimo_batch_06,astra_batch_19,A
hold_t03_am:mimo|NAMED|fable,hold_t03_am,hold_t03,holdout,hold_t03_am:mimo,mimo,astra,NAMED,fable,uninvolved_observer,AM,mimo,astra,mimo_batch_06,astra_batch_19,A
hold_t03_am:mimo|NAMED|mimo,hold_t03_am,hold_t03,holdout,hold_t03_am:mimo,mimo,astra,NAMED,mimo,target_producer,AM,mimo,astra,mimo_batch_06,astra_batch_19,A
hold_t03_am:mimo|SELF|mimo,hold_t03_am,hold_t03,holdout,hold_t03_am:mimo,mimo,astra,SELF,mimo,target_producer,AM,mimo,astra,mimo_batch_06,astra_batch_19,A
hold_t03_am:astra|NAMED|astra,hold_t03_am,hold_t03,holdout,hold_t03_am:astra,astra,mimo,NAMED,astra,target_producer,AM,mimo,astra,mimo_batch_06,astra_batch_19,B
hold_t03_am:astra|NAMED|fable,hold_t03_am,hold_t03,holdout,hold_t03_am:astra,astra,mimo,NAMED,fable,uninvolved_observer,AM,mimo,astra,mimo_batch_06,astra_batch_19,B
hold_t03_am:astra|NAMED|mimo,hold_t03_am,hold_t03,holdout,hold_t03_am:astra,astra,mimo,NAMED,mimo,distractor_producer,AM,mimo,astra,mimo_batch_06,astra_batch_19,B
hold_t03_am:astra|SELF|astra,hold_t03_am,hold_t03,holdout,hold_t03_am:astra,astra,mimo,SELF,astra,target_producer,AM,mimo,astra,mimo_batch_06,astra_batch_19,B
hold_t04_am:mimo|NAMED|astra,hold_t04_am,hold_t04,holdout,hold_t04_am:mimo,mimo,astra,NAMED,astra,distractor_producer,AM,mimo,astra,mimo_batch_03,astra_batch_17,A
hold_t04_am:mimo|NAMED|fable,hold_t04_am,hold_t04,holdout,hold_t04_am:mimo,mimo,astra,NAMED,fable,uninvolved_observer,AM,mimo,astra,mimo_batch_03,astra_batch_17,A
hold_t04_am:mimo|NAMED|mimo,hold_t04_am,hold_t04,holdout,hold_t04_am:mimo,mimo,astra,NAMED,mimo,target_producer,AM,mimo,astra,mimo_batch_03,astra_batch_17,A
hold_t04_am:mimo|SELF|mimo,hold_t04_am,hold_t04,holdout,hold_t04_am:mimo,mimo,astra,SELF,mimo,target_producer,AM,mimo,astra,mimo_batch_03,astra_batch_17,A
hold_t04_am:astra|NAMED|astra,hold_t04_am,hold_t04,holdout,hold_t04_am:astra,astra,mimo,NAMED,astra,target_producer,AM,mimo,astra,mimo_batch_03,astra_batch_17,B
hold_t04_am:astra|NAMED|fable,hold_t04_am,hold_t04,holdout,hold_t04_am:astra,astra,mimo,NAMED,fable,uninvolved_observer,AM,mimo,astra,mimo_batch_03,astra_batch_17,B
hold_t04_am:astra|NAMED|mimo,hold_t04_am,hold_t04,holdout,hold_t04_am:astra,astra,mimo,NAMED,mimo,distractor_producer,AM,mimo,astra,mimo_batch_03,astra_batch_17,B
hold_t04_am:astra|SELF|astra,hold_t04_am,hold_t04,holdout,hold_t04_am:astra,astra,mimo,SELF,astra,target_producer,AM,mimo,astra,mimo_batch_03,astra_batch_17,B
hold_t05_am:mimo|NAMED|astra,hold_t05_am,hold_t05,holdout,hold_t05_am:mimo,mimo,astra,NAMED,astra,distractor_producer,AM,mimo,astra,mimo_batch_04,astra_batch_00,A
hold_t05_am:mimo|NAMED|fable,hold_t05_am,hold_t05,holdout,hold_t05_am:mimo,mimo,astra,NAMED,fable,uninvolved_observer,AM,mimo,astra,mimo_batch_04,astra_batch_00,A
hold_t05_am:mimo|NAMED|mimo,hold_t05_am,hold_t05,holdout,hold_t05_am:mimo,mimo,astra,NAMED,mimo,target_producer,AM,mimo,astra,mimo_batch_04,astra_batch_00,A
hold_t05_am:mimo|SELF|mimo,hold_t05_am,hold_t05,holdout,hold_t05_am:mimo,mimo,astra,SELF,mimo,target_producer,AM,mimo,astra,mimo_batch_04,astra_batch_00,A
hold_t05_am:astra|NAMED|astra,hold_t05_am,hold_t05,holdout,hold_t05_am:astra,astra,mimo,NAMED,astra,target_producer,AM,mimo,astra,mimo_batch_04,astra_batch_00,B
hold_t05_am:astra|NAMED|fable,hold_t05_am,hold_t05,holdout,hold_t05_am:astra,astra,mimo,NAMED,fable,uninvolved_observer,AM,mimo,astra,mimo_batch_04,astra_batch_00,B
hold_t05_am:astra|NAMED|mimo,hold_t05_am,hold_t05,holdout,hold_t05_am:astra,astra,mimo,NAMED,mimo,distractor_producer,AM,mimo,astra,mimo_batch_04,astra_batch_00,B
hold_t05_am:astra|SELF|astra,hold_t05_am,hold_t05,holdout,hold_t05_am:astra,astra,mimo,SELF,astra,target_producer,AM,mimo,astra,mimo_batch_04,astra_batch_00,B
hold_t06_am:astra|NAMED|astra,hold_t06_am,hold_t06,holdout,hold_t06_am:astra,astra,mimo,NAMED,astra,target_producer,AM,astra,mimo,astra_batch_05,mimo_batch_15,A
hold_t06_am:astra|NAMED|fable,hold_t06_am,hold_t06,holdout,hold_t06_am:astra,astra,mimo,NAMED,fable,uninvolved_observer,AM,astra,mimo,astra_batch_05,mimo_batch_15,A
hold_t06_am:astra|NAMED|mimo,hold_t06_am,hold_t06,holdout,hold_t06_am:astra,astra,mimo,NAMED,mimo,distractor_producer,AM,astra,mimo,astra_batch_05,mimo_batch_15,A
hold_t06_am:astra|SELF|astra,hold_t06_am,hold_t06,holdout,hold_t06_am:astra,astra,mimo,SELF,astra,target_producer,AM,astra,mimo,astra_batch_05,mimo_batch_15,A
hold_t06_am:mimo|NAMED|astra,hold_t06_am,hold_t06,holdout,hold_t06_am:mimo,mimo,astra,NAMED,astra,distractor_producer,AM,astra,mimo,astra_batch_05,mimo_batch_15,B
hold_t06_am:mimo|NAMED|fable,hold_t06_am,hold_t06,holdout,hold_t06_am:mimo,mimo,astra,NAMED,fable,uninvolved_observer,AM,astra,mimo,astra_batch_05,mimo_batch_15,B
hold_t06_am:mimo|NAMED|mimo,hold_t06_am,hold_t06,holdout,hold_t06_am:mimo,mimo,astra,NAMED,mimo,target_producer,AM,astra,mimo,astra_batch_05,mimo_batch_15,B
hold_t06_am:mimo|SELF|mimo,hold_t06_am,hold_t06,holdout,hold_t06_am:mimo,mimo,astra,SELF,mimo,target_producer,AM,astra,mimo,astra_batch_05,mimo_batch_15,B
hold_t07_am:astra|NAMED|astra,hold_t07_am,hold_t07,holdout,hold_t07_am:astra,astra,mimo,NAMED,astra,target_producer,AM,astra,mimo,astra_batch_11,mimo_batch_18,A
hold_t07_am:astra|NAMED|fable,hold_t07_am,hold_t07,holdout,hold_t07_am:astra,astra,mimo,NAMED,fable,uninvolved_observer,AM,astra,mimo,astra_batch_11,mimo_batch_18,A
hold_t07_am:astra|NAMED|mimo,hold_t07_am,hold_t07,holdout,hold_t07_am:astra,astra,mimo,NAMED,mimo,distractor_producer,AM,astra,mimo,astra_batch_11,mimo_batch_18,A
hold_t07_am:astra|SELF|astra,hold_t07_am,hold_t07,holdout,hold_t07_am:astra,astra,mimo,SELF,astra,target_producer,AM,astra,mimo,astra_batch_11,mimo_batch_18,A
hold_t07_am:mimo|NAMED|astra,hold_t07_am,hold_t07,holdout,hold_t07_am:mimo,mimo,astra,NAMED,astra,distractor_producer,AM,astra,mimo,astra_batch_11,mimo_batch_18,B
hold_t07_am:mimo|NAMED|fable,hold_t07_am,hold_t07,holdout,hold_t07_am:mimo,mimo,astra,NAMED,fable,uninvolved_observer,AM,astra,mimo,astra_batch_11,mimo_batch_18,B
hold_t07_am:mimo|NAMED|mimo,hold_t07_am,hold_t07,holdout,hold_t07_am:mimo,mimo,astra,NAMED,mimo,target_producer,AM,astra,mimo,astra_batch_11,mimo_batch_18,B
hold_t07_am:mimo|SELF|mimo,hold_t07_am,hold_t07,holdout,hold_t07_am:mimo,mimo,astra,SELF,mimo,target_producer,AM,astra,mimo,astra_batch_11,mimo_batch_18,B
hold_t08_am:astra|NAMED|astra,hold_t08_am,hold_t08,holdout,hold_t08_am:astra,astra,mimo,NAMED,astra,target_producer,AM,astra,mimo,astra_batch_14,mimo_batch_02,A
hold_t08_am:astra|NAMED|fable,hold_t08_am,hold_t08,holdout,hold_t08_am:astra,astra,mimo,NAMED,fable,uninvolved_observer,AM,astra,mimo,astra_batch_14,mimo_batch_02,A
hold_t08_am:astra|NAMED|mimo,hold_t08_am,hold_t08,holdout,hold_t08_am:astra,astra,mimo,NAMED,mimo,distractor_producer,AM,astra,mimo,astra_batch_14,mimo_batch_02,A
hold_t08_am:astra|SELF|astra,hold_t08_am,hold_t08,holdout,hold_t08_am:astra,astra,mimo,SELF,astra,target_producer,AM,astra,mimo,astra_batch_14,mimo_batch_02,A
hold_t08_am:mimo|NAMED|astra,hold_t08_am,hold_t08,holdout,hold_t08_am:mimo,mimo,astra,NAMED,astra,distractor_producer,AM,astra,mimo,astra_batch_14,mimo_batch_02,B
hold_t08_am:mimo|NAMED|fable,hold_t08_am,hold_t08,holdout,hold_t08_am:mimo,mimo,astra,NAMED,fable,uninvolved_observer,AM,astra,mimo,astra_batch_14,mimo_batch_02,B
hold_t08_am:mimo|NAMED|mimo,hold_t08_am,hold_t08,holdout,hold_t08_am:mimo,mimo,astra,NAMED,mimo,target_producer,AM,astra,mimo,astra_batch_14,mimo_batch_02,B
hold_t08_am:mimo|SELF|mimo,hold_t08_am,hold_t08,holdout,hold_t08_am:mimo,mimo,astra,SELF,mimo,target_producer,AM,astra,mimo,astra_batch_14,mimo_batch_02,B
hold_t09_am:astra|NAMED|astra,hold_t09_am,hold_t09,holdout,hold_t09_am:astra,astra,mimo,NAMED,astra,target_producer,AM,astra,mimo,astra_batch_13,mimo_batch_17,A
hold_t09_am:astra|NAMED|fable,hold_t09_am,hold_t09,holdout,hold_t09_am:astra,astra,mimo,NAMED,fable,uninvolved_observer,AM,astra,mimo,astra_batch_13,mimo_batch_17,A
hold_t09_am:astra|NAMED|mimo,hold_t09_am,hold_t09,holdout,hold_t09_am:astra,astra,mimo,NAMED,mimo,distractor_producer,AM,astra,mimo,astra_batch_13,mimo_batch_17,A
hold_t09_am:astra|SELF|astra,hold_t09_am,hold_t09,holdout,hold_t09_am:astra,astra,mimo,SELF,astra,target_producer,AM,astra,mimo,astra_batch_13,mimo_batch_17,A
hold_t09_am:mimo|NAMED|astra,hold_t09_am,hold_t09,holdout,hold_t09_am:mimo,mimo,astra,NAMED,astra,distractor_producer,AM,astra,mimo,astra_batch_13,mimo_batch_17,B
hold_t09_am:mimo|NAMED|fable,hold_t09_am,hold_t09,holdout,hold_t09_am:mimo,mimo,astra,NAMED,fable,uninvolved_observer,AM,astra,mimo,astra_batch_13,mimo_batch_17,B
hold_t09_am:mimo|NAMED|mimo,hold_t09_am,hold_t09,holdout,hold_t09_am:mimo,mimo,astra,NAMED,mimo,target_producer,AM,astra,mimo,astra_batch_13,mimo_batch_17,B
hold_t09_am:mimo|SELF|mimo,hold_t09_am,hold_t09,holdout,hold_t09_am:mimo,mimo,astra,SELF,mimo,target_producer,AM,astra,mimo,astra_batch_13,mimo_batch_17,B
hold_t10_am:astra|NAMED|astra,hold_t10_am,hold_t10,holdout,hold_t10_am:astra,astra,mimo,NAMED,astra,target_producer,AM,astra,mimo,astra_batch_07,mimo_batch_10,A
hold_t10_am:astra|NAMED|fable,hold_t10_am,hold_t10,holdout,hold_t10_am:astra,astra,mimo,NAMED,fable,uninvolved_observer,AM,astra,mimo,astra_batch_07,mimo_batch_10,A
hold_t10_am:astra|NAMED|mimo,hold_t10_am,hold_t10,holdout,hold_t10_am:astra,astra,mimo,NAMED,mimo,distractor_producer,AM,astra,mimo,astra_batch_07,mimo_batch_10,A
hold_t10_am:astra|SELF|astra,hold_t10_am,hold_t10,holdout,hold_t10_am:astra,astra,mimo,SELF,astra,target_producer,AM,astra,mimo,astra_batch_07,mimo_batch_10,A
hold_t10_am:mimo|NAMED|astra,hold_t10_am,hold_t10,holdout,hold_t10_am:mimo,mimo,astra,NAMED,astra,distractor_producer,AM,astra,mimo,astra_batch_07,mimo_batch_10,B
hold_t10_am:mimo|NAMED|fable,hold_t10_am,hold_t10,holdout,hold_t10_am:mimo,mimo,astra,NAMED,fable,uninvolved_observer,AM,astra,mimo,astra_batch_07,mimo_batch_10,B
hold_t10_am:mimo|NAMED|mimo,hold_t10_am,hold_t10,holdout,hold_t10_am:mimo,mimo,astra,NAMED,mimo,target_producer,AM,astra,mimo,astra_batch_07,mimo_batch_10,B
hold_t10_am:mimo|SELF|mimo,hold_t10_am,hold_t10,holdout,hold_t10_am:mimo,mimo,astra,SELF,mimo,target_producer,AM,astra,mimo,astra_batch_07,mimo_batch_10,B
dev_t01_fm:mimo|NAMED|astra,dev_t01_fm,dev_t01,development,dev_t01_fm:mimo,mimo,fable,NAMED,astra,uninvolved_observer,FM,mimo,fable,mimo_batch_12,fable_batch_12,A
dev_t01_fm:mimo|NAMED|fable,dev_t01_fm,dev_t01,development,dev_t01_fm:mimo,mimo,fable,NAMED,fable,distractor_producer,FM,mimo,fable,mimo_batch_12,fable_batch_12,A
dev_t01_fm:mimo|NAMED|mimo,dev_t01_fm,dev_t01,development,dev_t01_fm:mimo,mimo,fable,NAMED,mimo,target_producer,FM,mimo,fable,mimo_batch_12,fable_batch_12,A
dev_t01_fm:mimo|SELF|mimo,dev_t01_fm,dev_t01,development,dev_t01_fm:mimo,mimo,fable,SELF,mimo,target_producer,FM,mimo,fable,mimo_batch_12,fable_batch_12,A
dev_t01_fm:fable|NAMED|astra,dev_t01_fm,dev_t01,development,dev_t01_fm:fable,fable,mimo,NAMED,astra,uninvolved_observer,FM,mimo,fable,mimo_batch_12,fable_batch_12,B
dev_t01_fm:fable|NAMED|fable,dev_t01_fm,dev_t01,development,dev_t01_fm:fable,fable,mimo,NAMED,fable,target_producer,FM,mimo,fable,mimo_batch_12,fable_batch_12,B
dev_t01_fm:fable|NAMED|mimo,dev_t01_fm,dev_t01,development,dev_t01_fm:fable,fable,mimo,NAMED,mimo,distractor_producer,FM,mimo,fable,mimo_batch_12,fable_batch_12,B
dev_t01_fm:fable|SELF|fable,dev_t01_fm,dev_t01,development,dev_t01_fm:fable,fable,mimo,SELF,fable,target_producer,FM,mimo,fable,mimo_batch_12,fable_batch_12,B
dev_t02_fm:fable|NAMED|astra,dev_t02_fm,dev_t02,development,dev_t02_fm:fable,fable,mimo,NAMED,astra,uninvolved_observer,FM,fable,mimo,fable_batch_14,mimo_batch_09,A
dev_t02_fm:fable|NAMED|fable,dev_t02_fm,dev_t02,development,dev_t02_fm:fable,fable,mimo,NAMED,fable,target_producer,FM,fable,mimo,fable_batch_14,mimo_batch_09,A
dev_t02_fm:fable|NAMED|mimo,dev_t02_fm,dev_t02,development,dev_t02_fm:fable,fable,mimo,NAMED,mimo,distractor_producer,FM,fable,mimo,fable_batch_14,mimo_batch_09,A
dev_t02_fm:fable|SELF|fable,dev_t02_fm,dev_t02,development,dev_t02_fm:fable,fable,mimo,SELF,fable,target_producer,FM,fable,mimo,fable_batch_14,mimo_batch_09,A
dev_t02_fm:mimo|NAMED|astra,dev_t02_fm,dev_t02,development,dev_t02_fm:mimo,mimo,fable,NAMED,astra,uninvolved_observer,FM,fable,mimo,fable_batch_14,mimo_batch_09,B
dev_t02_fm:mimo|NAMED|fable,dev_t02_fm,dev_t02,development,dev_t02_fm:mimo,mimo,fable,NAMED,fable,distractor_producer,FM,fable,mimo,fable_batch_14,mimo_batch_09,B
dev_t02_fm:mimo|NAMED|mimo,dev_t02_fm,dev_t02,development,dev_t02_fm:mimo,mimo,fable,NAMED,mimo,target_producer,FM,fable,mimo,fable_batch_14,mimo_batch_09,B
dev_t02_fm:mimo|SELF|mimo,dev_t02_fm,dev_t02,development,dev_t02_fm:mimo,mimo,fable,SELF,mimo,target_producer,FM,fable,mimo,fable_batch_14,mimo_batch_09,B
dev_t03_fm:fable|NAMED|astra,dev_t03_fm,dev_t03,development,dev_t03_fm:fable,fable,mimo,NAMED,astra,uninvolved_observer,FM,fable,mimo,fable_batch_18,mimo_batch_07,A
dev_t03_fm:fable|NAMED|fable,dev_t03_fm,dev_t03,development,dev_t03_fm:fable,fable,mimo,NAMED,fable,target_producer,FM,fable,mimo,fable_batch_18,mimo_batch_07,A
dev_t03_fm:fable|NAMED|mimo,dev_t03_fm,dev_t03,development,dev_t03_fm:fable,fable,mimo,NAMED,mimo,distractor_producer,FM,fable,mimo,fable_batch_18,mimo_batch_07,A
dev_t03_fm:fable|SELF|fable,dev_t03_fm,dev_t03,development,dev_t03_fm:fable,fable,mimo,SELF,fable,target_producer,FM,fable,mimo,fable_batch_18,mimo_batch_07,A
dev_t03_fm:mimo|NAMED|astra,dev_t03_fm,dev_t03,development,dev_t03_fm:mimo,mimo,fable,NAMED,astra,uninvolved_observer,FM,fable,mimo,fable_batch_18,mimo_batch_07,B
dev_t03_fm:mimo|NAMED|fable,dev_t03_fm,dev_t03,development,dev_t03_fm:mimo,mimo,fable,NAMED,fable,distractor_producer,FM,fable,mimo,fable_batch_18,mimo_batch_07,B
dev_t03_fm:mimo|NAMED|mimo,dev_t03_fm,dev_t03,development,dev_t03_fm:mimo,mimo,fable,NAMED,mimo,target_producer,FM,fable,mimo,fable_batch_18,mimo_batch_07,B
dev_t03_fm:mimo|SELF|mimo,dev_t03_fm,dev_t03,development,dev_t03_fm:mimo,mimo,fable,SELF,mimo,target_producer,FM,fable,mimo,fable_batch_18,mimo_batch_07,B
dev_t04_fm:mimo|NAMED|astra,dev_t04_fm,dev_t04,development,dev_t04_fm:mimo,mimo,fable,NAMED,astra,uninvolved_observer,FM,mimo,fable,mimo_batch_01,fable_batch_15,A
dev_t04_fm:mimo|NAMED|fable,dev_t04_fm,dev_t04,development,dev_t04_fm:mimo,mimo,fable,NAMED,fable,distractor_producer,FM,mimo,fable,mimo_batch_01,fable_batch_15,A
dev_t04_fm:mimo|NAMED|mimo,dev_t04_fm,dev_t04,development,dev_t04_fm:mimo,mimo,fable,NAMED,mimo,target_producer,FM,mimo,fable,mimo_batch_01,fable_batch_15,A
dev_t04_fm:mimo|SELF|mimo,dev_t04_fm,dev_t04,development,dev_t04_fm:mimo,mimo,fable,SELF,mimo,target_producer,FM,mimo,fable,mimo_batch_01,fable_batch_15,A
dev_t04_fm:fable|NAMED|astra,dev_t04_fm,dev_t04,development,dev_t04_fm:fable,fable,mimo,NAMED,astra,uninvolved_observer,FM,mimo,fable,mimo_batch_01,fable_batch_15,B
dev_t04_fm:fable|NAMED|fable,dev_t04_fm,dev_t04,development,dev_t04_fm:fable,fable,mimo,NAMED,fable,target_producer,FM,mimo,fable,mimo_batch_01,fable_batch_15,B
dev_t04_fm:fable|NAMED|mimo,dev_t04_fm,dev_t04,development,dev_t04_fm:fable,fable,mimo,NAMED,mimo,distractor_producer,FM,mimo,fable,mimo_batch_01,fable_batch_15,B
dev_t04_fm:fable|SELF|fable,dev_t04_fm,dev_t04,development,dev_t04_fm:fable,fable,mimo,SELF,fable,target_producer,FM,mimo,fable,mimo_batch_01,fable_batch_15,B
dev_t05_fm:fable|NAMED|astra,dev_t05_fm,dev_t05,development,dev_t05_fm:fable,fable,mimo,NAMED,astra,uninvolved_observer,FM,fable,mimo,fable_batch_19,mimo_batch_05,A
dev_t05_fm:fable|NAMED|fable,dev_t05_fm,dev_t05,development,dev_t05_fm:fable,fable,mimo,NAMED,fable,target_producer,FM,fable,mimo,fable_batch_19,mimo_batch_05,A
dev_t05_fm:fable|NAMED|mimo,dev_t05_fm,dev_t05,development,dev_t05_fm:fable,fable,mimo,NAMED,mimo,distractor_producer,FM,fable,mimo,fable_batch_19,mimo_batch_05,A
dev_t05_fm:fable|SELF|fable,dev_t05_fm,dev_t05,development,dev_t05_fm:fable,fable,mimo,SELF,fable,target_producer,FM,fable,mimo,fable_batch_19,mimo_batch_05,A
dev_t05_fm:mimo|NAMED|astra,dev_t05_fm,dev_t05,development,dev_t05_fm:mimo,mimo,fable,NAMED,astra,uninvolved_observer,FM,fable,mimo,fable_batch_19,mimo_batch_05,B
dev_t05_fm:mimo|NAMED|fable,dev_t05_fm,dev_t05,development,dev_t05_fm:mimo,mimo,fable,NAMED,fable,distractor_producer,FM,fable,mimo,fable_batch_19,mimo_batch_05,B
dev_t05_fm:mimo|NAMED|mimo,dev_t05_fm,dev_t05,development,dev_t05_fm:mimo,mimo,fable,NAMED,mimo,target_producer,FM,fable,mimo,fable_batch_19,mimo_batch_05,B
dev_t05_fm:mimo|SELF|mimo,dev_t05_fm,dev_t05,development,dev_t05_fm:mimo,mimo,fable,SELF,mimo,target_producer,FM,fable,mimo,fable_batch_19,mimo_batch_05,B
dev_t06_fm:mimo|NAMED|astra,dev_t06_fm,dev_t06,development,dev_t06_fm:mimo,mimo,fable,NAMED,astra,uninvolved_observer,FM,mimo,fable,mimo_batch_14,fable_batch_03,A
dev_t06_fm:mimo|NAMED|fable,dev_t06_fm,dev_t06,development,dev_t06_fm:mimo,mimo,fable,NAMED,fable,distractor_producer,FM,mimo,fable,mimo_batch_14,fable_batch_03,A
dev_t06_fm:mimo|NAMED|mimo,dev_t06_fm,dev_t06,development,dev_t06_fm:mimo,mimo,fable,NAMED,mimo,target_producer,FM,mimo,fable,mimo_batch_14,fable_batch_03,A
dev_t06_fm:mimo|SELF|mimo,dev_t06_fm,dev_t06,development,dev_t06_fm:mimo,mimo,fable,SELF,mimo,target_producer,FM,mimo,fable,mimo_batch_14,fable_batch_03,A
dev_t06_fm:fable|NAMED|astra,dev_t06_fm,dev_t06,development,dev_t06_fm:fable,fable,mimo,NAMED,astra,uninvolved_observer,FM,mimo,fable,mimo_batch_14,fable_batch_03,B
dev_t06_fm:fable|NAMED|fable,dev_t06_fm,dev_t06,development,dev_t06_fm:fable,fable,mimo,NAMED,fable,target_producer,FM,mimo,fable,mimo_batch_14,fable_batch_03,B
dev_t06_fm:fable|NAMED|mimo,dev_t06_fm,dev_t06,development,dev_t06_fm:fable,fable,mimo,NAMED,mimo,distractor_producer,FM,mimo,fable,mimo_batch_14,fable_batch_03,B
dev_t06_fm:fable|SELF|fable,dev_t06_fm,dev_t06,development,dev_t06_fm:fable,fable,mimo,SELF,fable,target_producer,FM,mimo,fable,mimo_batch_14,fable_batch_03,B
dev_t07_fm:mimo|NAMED|astra,dev_t07_fm,dev_t07,development,dev_t07_fm:mimo,mimo,fable,NAMED,astra,uninvolved_observer,FM,mimo,fable,mimo_batch_19,fable_batch_00,A
dev_t07_fm:mimo|NAMED|fable,dev_t07_fm,dev_t07,development,dev_t07_fm:mimo,mimo,fable,NAMED,fable,distractor_producer,FM,mimo,fable,mimo_batch_19,fable_batch_00,A
dev_t07_fm:mimo|NAMED|mimo,dev_t07_fm,dev_t07,development,dev_t07_fm:mimo,mimo,fable,NAMED,mimo,target_producer,FM,mimo,fable,mimo_batch_19,fable_batch_00,A
dev_t07_fm:mimo|SELF|mimo,dev_t07_fm,dev_t07,development,dev_t07_fm:mimo,mimo,fable,SELF,mimo,target_producer,FM,mimo,fable,mimo_batch_19,fable_batch_00,A
dev_t07_fm:fable|NAMED|astra,dev_t07_fm,dev_t07,development,dev_t07_fm:fable,fable,mimo,NAMED,astra,uninvolved_observer,FM,mimo,fable,mimo_batch_19,fable_batch_00,B
dev_t07_fm:fable|NAMED|fable,dev_t07_fm,dev_t07,development,dev_t07_fm:fable,fable,mimo,NAMED,fable,target_producer,FM,mimo,fable,mimo_batch_19,fable_batch_00,B
dev_t07_fm:fable|NAMED|mimo,dev_t07_fm,dev_t07,development,dev_t07_fm:fable,fable,mimo,NAMED,mimo,distractor_producer,FM,mimo,fable,mimo_batch_19,fable_batch_00,B
dev_t07_fm:fable|SELF|fable,dev_t07_fm,dev_t07,development,dev_t07_fm:fable,fable,mimo,SELF,fable,target_producer,FM,mimo,fable,mimo_batch_19,fable_batch_00,B
dev_t08_fm:mimo|NAMED|astra,dev_t08_fm,dev_t08,development,dev_t08_fm:mimo,mimo,fable,NAMED,astra,uninvolved_observer,FM,mimo,fable,mimo_batch_00,fable_batch_09,A
dev_t08_fm:mimo|NAMED|fable,dev_t08_fm,dev_t08,development,dev_t08_fm:mimo,mimo,fable,NAMED,fable,distractor_producer,FM,mimo,fable,mimo_batch_00,fable_batch_09,A
dev_t08_fm:mimo|NAMED|mimo,dev_t08_fm,dev_t08,development,dev_t08_fm:mimo,mimo,fable,NAMED,mimo,target_producer,FM,mimo,fable,mimo_batch_00,fable_batch_09,A
dev_t08_fm:mimo|SELF|mimo,dev_t08_fm,dev_t08,development,dev_t08_fm:mimo,mimo,fable,SELF,mimo,target_producer,FM,mimo,fable,mimo_batch_00,fable_batch_09,A
dev_t08_fm:fable|NAMED|astra,dev_t08_fm,dev_t08,development,dev_t08_fm:fable,fable,mimo,NAMED,astra,uninvolved_observer,FM,mimo,fable,mimo_batch_00,fable_batch_09,B
dev_t08_fm:fable|NAMED|fable,dev_t08_fm,dev_t08,development,dev_t08_fm:fable,fable,mimo,NAMED,fable,target_producer,FM,mimo,fable,mimo_batch_00,fable_batch_09,B
dev_t08_fm:fable|NAMED|mimo,dev_t08_fm,dev_t08,development,dev_t08_fm:fable,fable,mimo,NAMED,mimo,distractor_producer,FM,mimo,fable,mimo_batch_00,fable_batch_09,B
dev_t08_fm:fable|SELF|fable,dev_t08_fm,dev_t08,development,dev_t08_fm:fable,fable,mimo,SELF,fable,target_producer,FM,mimo,fable,mimo_batch_00,fable_batch_09,B
dev_t09_fm:fable|NAMED|astra,dev_t09_fm,dev_t09,development,dev_t09_fm:fable,fable,mimo,NAMED,astra,uninvolved_observer,FM,fable,mimo,fable_batch_10,mimo_batch_16,A
dev_t09_fm:fable|NAMED|fable,dev_t09_fm,dev_t09,development,dev_t09_fm:fable,fable,mimo,NAMED,fable,target_producer,FM,fable,mimo,fable_batch_10,mimo_batch_16,A
dev_t09_fm:fable|NAMED|mimo,dev_t09_fm,dev_t09,development,dev_t09_fm:fable,fable,mimo,NAMED,mimo,distractor_producer,FM,fable,mimo,fable_batch_10,mimo_batch_16,A
dev_t09_fm:fable|SELF|fable,dev_t09_fm,dev_t09,development,dev_t09_fm:fable,fable,mimo,SELF,fable,target_producer,FM,fable,mimo,fable_batch_10,mimo_batch_16,A
dev_t09_fm:mimo|NAMED|astra,dev_t09_fm,dev_t09,development,dev_t09_fm:mimo,mimo,fable,NAMED,astra,uninvolved_observer,FM,fable,mimo,fable_batch_10,mimo_batch_16,B
dev_t09_fm:mimo|NAMED|fable,dev_t09_fm,dev_t09,development,dev_t09_fm:mimo,mimo,fable,NAMED,fable,distractor_producer,FM,fable,mimo,fable_batch_10,mimo_batch_16,B
dev_t09_fm:mimo|NAMED|mimo,dev_t09_fm,dev_t09,development,dev_t09_fm:mimo,mimo,fable,NAMED,mimo,target_producer,FM,fable,mimo,fable_batch_10,mimo_batch_16,B
dev_t09_fm:mimo|SELF|mimo,dev_t09_fm,dev_t09,development,dev_t09_fm:mimo,mimo,fable,SELF,mimo,target_producer,FM,fable,mimo,fable_batch_10,mimo_batch_16,B
dev_t10_fm:fable|NAMED|astra,dev_t10_fm,dev_t10,development,dev_t10_fm:fable,fable,mimo,NAMED,astra,uninvolved_observer,FM,fable,mimo,fable_batch_07,mimo_batch_08,A
dev_t10_fm:fable|NAMED|fable,dev_t10_fm,dev_t10,development,dev_t10_fm:fable,fable,mimo,NAMED,fable,target_producer,FM,fable,mimo,fable_batch_07,mimo_batch_08,A
dev_t10_fm:fable|NAMED|mimo,dev_t10_fm,dev_t10,development,dev_t10_fm:fable,fable,mimo,NAMED,mimo,distractor_producer,FM,fable,mimo,fable_batch_07,mimo_batch_08,A
dev_t10_fm:fable|SELF|fable,dev_t10_fm,dev_t10,development,dev_t10_fm:fable,fable,mimo,SELF,fable,target_producer,FM,fable,mimo,fable_batch_07,mimo_batch_08,A
dev_t10_fm:mimo|NAMED|astra,dev_t10_fm,dev_t10,development,dev_t10_fm:mimo,mimo,fable,NAMED,astra,uninvolved_observer,FM,fable,mimo,fable_batch_07,mimo_batch_08,B
dev_t10_fm:mimo|NAMED|fable,dev_t10_fm,dev_t10,development,dev_t10_fm:mimo,mimo,fable,NAMED,fable,distractor_producer,FM,fable,mimo,fable_batch_07,mimo_batch_08,B
dev_t10_fm:mimo|NAMED|mimo,dev_t10_fm,dev_t10,development,dev_t10_fm:mimo,mimo,fable,NAMED,mimo,target_producer,FM,fable,mimo,fable_batch_07,mimo_batch_08,B
dev_t10_fm:mimo|SELF|mimo,dev_t10_fm,dev_t10,development,dev_t10_fm:mimo,mimo,fable,SELF,mimo,target_producer,FM,fable,mimo,fable_batch_07,mimo_batch_08,B
hold_t01_fm:fable|NAMED|astra,hold_t01_fm,hold_t01,holdout,hold_t01_fm:fable,fable,mimo,NAMED,astra,uninvolved_observer,FM,fable,mimo,fable_batch_08,mimo_batch_13,A
hold_t01_fm:fable|NAMED|fable,hold_t01_fm,hold_t01,holdout,hold_t01_fm:fable,fable,mimo,NAMED,fable,target_producer,FM,fable,mimo,fable_batch_08,mimo_batch_13,A
hold_t01_fm:fable|NAMED|mimo,hold_t01_fm,hold_t01,holdout,hold_t01_fm:fable,fable,mimo,NAMED,mimo,distractor_producer,FM,fable,mimo,fable_batch_08,mimo_batch_13,A
hold_t01_fm:fable|SELF|fable,hold_t01_fm,hold_t01,holdout,hold_t01_fm:fable,fable,mimo,SELF,fable,target_producer,FM,fable,mimo,fable_batch_08,mimo_batch_13,A
hold_t01_fm:mimo|NAMED|astra,hold_t01_fm,hold_t01,holdout,hold_t01_fm:mimo,mimo,fable,NAMED,astra,uninvolved_observer,FM,fable,mimo,fable_batch_08,mimo_batch_13,B
hold_t01_fm:mimo|NAMED|fable,hold_t01_fm,hold_t01,holdout,hold_t01_fm:mimo,mimo,fable,NAMED,fable,distractor_producer,FM,fable,mimo,fable_batch_08,mimo_batch_13,B
hold_t01_fm:mimo|NAMED|mimo,hold_t01_fm,hold_t01,holdout,hold_t01_fm:mimo,mimo,fable,NAMED,mimo,target_producer,FM,fable,mimo,fable_batch_08,mimo_batch_13,B
hold_t01_fm:mimo|SELF|mimo,hold_t01_fm,hold_t01,holdout,hold_t01_fm:mimo,mimo,fable,SELF,mimo,target_producer,FM,fable,mimo,fable_batch_08,mimo_batch_13,B
hold_t02_fm:mimo|NAMED|astra,hold_t02_fm,hold_t02,holdout,hold_t02_fm:mimo,mimo,fable,NAMED,astra,uninvolved_observer,FM,mimo,fable,mimo_batch_11,fable_batch_11,A
hold_t02_fm:mimo|NAMED|fable,hold_t02_fm,hold_t02,holdout,hold_t02_fm:mimo,mimo,fable,NAMED,fable,distractor_producer,FM,mimo,fable,mimo_batch_11,fable_batch_11,A
hold_t02_fm:mimo|NAMED|mimo,hold_t02_fm,hold_t02,holdout,hold_t02_fm:mimo,mimo,fable,NAMED,mimo,target_producer,FM,mimo,fable,mimo_batch_11,fable_batch_11,A
hold_t02_fm:mimo|SELF|mimo,hold_t02_fm,hold_t02,holdout,hold_t02_fm:mimo,mimo,fable,SELF,mimo,target_producer,FM,mimo,fable,mimo_batch_11,fable_batch_11,A
hold_t02_fm:fable|NAMED|astra,hold_t02_fm,hold_t02,holdout,hold_t02_fm:fable,fable,mimo,NAMED,astra,uninvolved_observer,FM,mimo,fable,mimo_batch_11,fable_batch_11,B
hold_t02_fm:fable|NAMED|fable,hold_t02_fm,hold_t02,holdout,hold_t02_fm:fable,fable,mimo,NAMED,fable,target_producer,FM,mimo,fable,mimo_batch_11,fable_batch_11,B
hold_t02_fm:fable|NAMED|mimo,hold_t02_fm,hold_t02,holdout,hold_t02_fm:fable,fable,mimo,NAMED,mimo,distractor_producer,FM,mimo,fable,mimo_batch_11,fable_batch_11,B
hold_t02_fm:fable|SELF|fable,hold_t02_fm,hold_t02,holdout,hold_t02_fm:fable,fable,mimo,SELF,fable,target_producer,FM,mimo,fable,mimo_batch_11,fable_batch_11,B
hold_t03_fm:mimo|NAMED|astra,hold_t03_fm,hold_t03,holdout,hold_t03_fm:mimo,mimo,fable,NAMED,astra,uninvolved_observer,FM,mimo,fable,mimo_batch_06,fable_batch_16,A
hold_t03_fm:mimo|NAMED|fable,hold_t03_fm,hold_t03,holdout,hold_t03_fm:mimo,mimo,fable,NAMED,fable,distractor_producer,FM,mimo,fable,mimo_batch_06,fable_batch_16,A
hold_t03_fm:mimo|NAMED|mimo,hold_t03_fm,hold_t03,holdout,hold_t03_fm:mimo,mimo,fable,NAMED,mimo,target_producer,FM,mimo,fable,mimo_batch_06,fable_batch_16,A
hold_t03_fm:mimo|SELF|mimo,hold_t03_fm,hold_t03,holdout,hold_t03_fm:mimo,mimo,fable,SELF,mimo,target_producer,FM,mimo,fable,mimo_batch_06,fable_batch_16,A
hold_t03_fm:fable|NAMED|astra,hold_t03_fm,hold_t03,holdout,hold_t03_fm:fable,fable,mimo,NAMED,astra,uninvolved_observer,FM,mimo,fable,mimo_batch_06,fable_batch_16,B
hold_t03_fm:fable|NAMED|fable,hold_t03_fm,hold_t03,holdout,hold_t03_fm:fable,fable,mimo,NAMED,fable,target_producer,FM,mimo,fable,mimo_batch_06,fable_batch_16,B
hold_t03_fm:fable|NAMED|mimo,hold_t03_fm,hold_t03,holdout,hold_t03_fm:fable,fable,mimo,NAMED,mimo,distractor_producer,FM,mimo,fable,mimo_batch_06,fable_batch_16,B
hold_t03_fm:fable|SELF|fable,hold_t03_fm,hold_t03,holdout,hold_t03_fm:fable,fable,mimo,SELF,fable,target_producer,FM,mimo,fable,mimo_batch_06,fable_batch_16,B
hold_t04_fm:fable|NAMED|astra,hold_t04_fm,hold_t04,holdout,hold_t04_fm:fable,fable,mimo,NAMED,astra,uninvolved_observer,FM,fable,mimo,fable_batch_13,mimo_batch_03,A
hold_t04_fm:fable|NAMED|fable,hold_t04_fm,hold_t04,holdout,hold_t04_fm:fable,fable,mimo,NAMED,fable,target_producer,FM,fable,mimo,fable_batch_13,mimo_batch_03,A
hold_t04_fm:fable|NAMED|mimo,hold_t04_fm,hold_t04,holdout,hold_t04_fm:fable,fable,mimo,NAMED,mimo,distractor_producer,FM,fable,mimo,fable_batch_13,mimo_batch_03,A
hold_t04_fm:fable|SELF|fable,hold_t04_fm,hold_t04,holdout,hold_t04_fm:fable,fable,mimo,SELF,fable,target_producer,FM,fable,mimo,fable_batch_13,mimo_batch_03,A
hold_t04_fm:mimo|NAMED|astra,hold_t04_fm,hold_t04,holdout,hold_t04_fm:mimo,mimo,fable,NAMED,astra,uninvolved_observer,FM,fable,mimo,fable_batch_13,mimo_batch_03,B
hold_t04_fm:mimo|NAMED|fable,hold_t04_fm,hold_t04,holdout,hold_t04_fm:mimo,mimo,fable,NAMED,fable,distractor_producer,FM,fable,mimo,fable_batch_13,mimo_batch_03,B
hold_t04_fm:mimo|NAMED|mimo,hold_t04_fm,hold_t04,holdout,hold_t04_fm:mimo,mimo,fable,NAMED,mimo,target_producer,FM,fable,mimo,fable_batch_13,mimo_batch_03,B
hold_t04_fm:mimo|SELF|mimo,hold_t04_fm,hold_t04,holdout,hold_t04_fm:mimo,mimo,fable,SELF,mimo,target_producer,FM,fable,mimo,fable_batch_13,mimo_batch_03,B
hold_t05_fm:fable|NAMED|astra,hold_t05_fm,hold_t05,holdout,hold_t05_fm:fable,fable,mimo,NAMED,astra,uninvolved_observer,FM,fable,mimo,fable_batch_17,mimo_batch_04,A
hold_t05_fm:fable|NAMED|fable,hold_t05_fm,hold_t05,holdout,hold_t05_fm:fable,fable,mimo,NAMED,fable,target_producer,FM,fable,mimo,fable_batch_17,mimo_batch_04,A
hold_t05_fm:fable|NAMED|mimo,hold_t05_fm,hold_t05,holdout,hold_t05_fm:fable,fable,mimo,NAMED,mimo,distractor_producer,FM,fable,mimo,fable_batch_17,mimo_batch_04,A
hold_t05_fm:fable|SELF|fable,hold_t05_fm,hold_t05,holdout,hold_t05_fm:fable,fable,mimo,SELF,fable,target_producer,FM,fable,mimo,fable_batch_17,mimo_batch_04,A
hold_t05_fm:mimo|NAMED|astra,hold_t05_fm,hold_t05,holdout,hold_t05_fm:mimo,mimo,fable,NAMED,astra,uninvolved_observer,FM,fable,mimo,fable_batch_17,mimo_batch_04,B
hold_t05_fm:mimo|NAMED|fable,hold_t05_fm,hold_t05,holdout,hold_t05_fm:mimo,mimo,fable,NAMED,fable,distractor_producer,FM,fable,mimo,fable_batch_17,mimo_batch_04,B
hold_t05_fm:mimo|NAMED|mimo,hold_t05_fm,hold_t05,holdout,hold_t05_fm:mimo,mimo,fable,NAMED,mimo,target_producer,FM,fable,mimo,fable_batch_17,mimo_batch_04,B
hold_t05_fm:mimo|SELF|mimo,hold_t05_fm,hold_t05,holdout,hold_t05_fm:mimo,mimo,fable,SELF,mimo,target_producer,FM,fable,mimo,fable_batch_17,mimo_batch_04,B
hold_t06_fm:fable|NAMED|astra,hold_t06_fm,hold_t06,holdout,hold_t06_fm:fable,fable,mimo,NAMED,astra,uninvolved_observer,FM,fable,mimo,fable_batch_02,mimo_batch_15,A
hold_t06_fm:fable|NAMED|fable,hold_t06_fm,hold_t06,holdout,hold_t06_fm:fable,fable,mimo,NAMED,fable,target_producer,FM,fable,mimo,fable_batch_02,mimo_batch_15,A
hold_t06_fm:fable|NAMED|mimo,hold_t06_fm,hold_t06,holdout,hold_t06_fm:fable,fable,mimo,NAMED,mimo,distractor_producer,FM,fable,mimo,fable_batch_02,mimo_batch_15,A
hold_t06_fm:fable|SELF|fable,hold_t06_fm,hold_t06,holdout,hold_t06_fm:fable,fable,mimo,SELF,fable,target_producer,FM,fable,mimo,fable_batch_02,mimo_batch_15,A
hold_t06_fm:mimo|NAMED|astra,hold_t06_fm,hold_t06,holdout,hold_t06_fm:mimo,mimo,fable,NAMED,astra,uninvolved_observer,FM,fable,mimo,fable_batch_02,mimo_batch_15,B
hold_t06_fm:mimo|NAMED|fable,hold_t06_fm,hold_t06,holdout,hold_t06_fm:mimo,mimo,fable,NAMED,fable,distractor_producer,FM,fable,mimo,fable_batch_02,mimo_batch_15,B
hold_t06_fm:mimo|NAMED|mimo,hold_t06_fm,hold_t06,holdout,hold_t06_fm:mimo,mimo,fable,NAMED,mimo,target_producer,FM,fable,mimo,fable_batch_02,mimo_batch_15,B
hold_t06_fm:mimo|SELF|mimo,hold_t06_fm,hold_t06,holdout,hold_t06_fm:mimo,mimo,fable,SELF,mimo,target_producer,FM,fable,mimo,fable_batch_02,mimo_batch_15,B
hold_t07_fm:mimo|NAMED|astra,hold_t07_fm,hold_t07,holdout,hold_t07_fm:mimo,mimo,fable,NAMED,astra,uninvolved_observer,FM,mimo,fable,mimo_batch_18,fable_batch_01,A
hold_t07_fm:mimo|NAMED|fable,hold_t07_fm,hold_t07,holdout,hold_t07_fm:mimo,mimo,fable,NAMED,fable,distractor_producer,FM,mimo,fable,mimo_batch_18,fable_batch_01,A
hold_t07_fm:mimo|NAMED|mimo,hold_t07_fm,hold_t07,holdout,hold_t07_fm:mimo,mimo,fable,NAMED,mimo,target_producer,FM,mimo,fable,mimo_batch_18,fable_batch_01,A
hold_t07_fm:mimo|SELF|mimo,hold_t07_fm,hold_t07,holdout,hold_t07_fm:mimo,mimo,fable,SELF,mimo,target_producer,FM,mimo,fable,mimo_batch_18,fable_batch_01,A
hold_t07_fm:fable|NAMED|astra,hold_t07_fm,hold_t07,holdout,hold_t07_fm:fable,fable,mimo,NAMED,astra,uninvolved_observer,FM,mimo,fable,mimo_batch_18,fable_batch_01,B
hold_t07_fm:fable|NAMED|fable,hold_t07_fm,hold_t07,holdout,hold_t07_fm:fable,fable,mimo,NAMED,fable,target_producer,FM,mimo,fable,mimo_batch_18,fable_batch_01,B
hold_t07_fm:fable|NAMED|mimo,hold_t07_fm,hold_t07,holdout,hold_t07_fm:fable,fable,mimo,NAMED,mimo,distractor_producer,FM,mimo,fable,mimo_batch_18,fable_batch_01,B
hold_t07_fm:fable|SELF|fable,hold_t07_fm,hold_t07,holdout,hold_t07_fm:fable,fable,mimo,SELF,fable,target_producer,FM,mimo,fable,mimo_batch_18,fable_batch_01,B
hold_t08_fm:mimo|NAMED|astra,hold_t08_fm,hold_t08,holdout,hold_t08_fm:mimo,mimo,fable,NAMED,astra,uninvolved_observer,FM,mimo,fable,mimo_batch_02,fable_batch_05,A
hold_t08_fm:mimo|NAMED|fable,hold_t08_fm,hold_t08,holdout,hold_t08_fm:mimo,mimo,fable,NAMED,fable,distractor_producer,FM,mimo,fable,mimo_batch_02,fable_batch_05,A
hold_t08_fm:mimo|NAMED|mimo,hold_t08_fm,hold_t08,holdout,hold_t08_fm:mimo,mimo,fable,NAMED,mimo,target_producer,FM,mimo,fable,mimo_batch_02,fable_batch_05,A
hold_t08_fm:mimo|SELF|mimo,hold_t08_fm,hold_t08,holdout,hold_t08_fm:mimo,mimo,fable,SELF,mimo,target_producer,FM,mimo,fable,mimo_batch_02,fable_batch_05,A
hold_t08_fm:fable|NAMED|astra,hold_t08_fm,hold_t08,holdout,hold_t08_fm:fable,fable,mimo,NAMED,astra,uninvolved_observer,FM,mimo,fable,mimo_batch_02,fable_batch_05,B
hold_t08_fm:fable|NAMED|fable,hold_t08_fm,hold_t08,holdout,hold_t08_fm:fable,fable,mimo,NAMED,fable,target_producer,FM,mimo,fable,mimo_batch_02,fable_batch_05,B
hold_t08_fm:fable|NAMED|mimo,hold_t08_fm,hold_t08,holdout,hold_t08_fm:fable,fable,mimo,NAMED,mimo,distractor_producer,FM,mimo,fable,mimo_batch_02,fable_batch_05,B
hold_t08_fm:fable|SELF|fable,hold_t08_fm,hold_t08,holdout,hold_t08_fm:fable,fable,mimo,SELF,fable,target_producer,FM,mimo,fable,mimo_batch_02,fable_batch_05,B
hold_t09_fm:mimo|NAMED|astra,hold_t09_fm,hold_t09,holdout,hold_t09_fm:mimo,mimo,fable,NAMED,astra,uninvolved_observer,FM,mimo,fable,mimo_batch_17,fable_batch_06,A
hold_t09_fm:mimo|NAMED|fable,hold_t09_fm,hold_t09,holdout,hold_t09_fm:mimo,mimo,fable,NAMED,fable,distractor_producer,FM,mimo,fable,mimo_batch_17,fable_batch_06,A
hold_t09_fm:mimo|NAMED|mimo,hold_t09_fm,hold_t09,holdout,hold_t09_fm:mimo,mimo,fable,NAMED,mimo,target_producer,FM,mimo,fable,mimo_batch_17,fable_batch_06,A
hold_t09_fm:mimo|SELF|mimo,hold_t09_fm,hold_t09,holdout,hold_t09_fm:mimo,mimo,fable,SELF,mimo,target_producer,FM,mimo,fable,mimo_batch_17,fable_batch_06,A
hold_t09_fm:fable|NAMED|astra,hold_t09_fm,hold_t09,holdout,hold_t09_fm:fable,fable,mimo,NAMED,astra,uninvolved_observer,FM,mimo,fable,mimo_batch_17,fable_batch_06,B
hold_t09_fm:fable|NAMED|fable,hold_t09_fm,hold_t09,holdout,hold_t09_fm:fable,fable,mimo,NAMED,fable,target_producer,FM,mimo,fable,mimo_batch_17,fable_batch_06,B
hold_t09_fm:fable|NAMED|mimo,hold_t09_fm,hold_t09,holdout,hold_t09_fm:fable,fable,mimo,NAMED,mimo,distractor_producer,FM,mimo,fable,mimo_batch_17,fable_batch_06,B
hold_t09_fm:fable|SELF|fable,hold_t09_fm,hold_t09,holdout,hold_t09_fm:fable,fable,mimo,SELF,fable,target_producer,FM,mimo,fable,mimo_batch_17,fable_batch_06,B
hold_t10_fm:fable|NAMED|astra,hold_t10_fm,hold_t10,holdout,hold_t10_fm:fable,fable,mimo,NAMED,astra,uninvolved_observer,FM,fable,mimo,fable_batch_04,mimo_batch_10,A
hold_t10_fm:fable|NAMED|fable,hold_t10_fm,hold_t10,holdout,hold_t10_fm:fable,fable,mimo,NAMED,fable,target_producer,FM,fable,mimo,fable_batch_04,mimo_batch_10,A
hold_t10_fm:fable|NAMED|mimo,hold_t10_fm,hold_t10,holdout,hold_t10_fm:fable,fable,mimo,NAMED,mimo,distractor_producer,FM,fable,mimo,fable_batch_04,mimo_batch_10,A
hold_t10_fm:fable|SELF|fable,hold_t10_fm,hold_t10,holdout,hold_t10_fm:fable,fable,mimo,SELF,fable,target_producer,FM,fable,mimo,fable_batch_04,mimo_batch_10,A
hold_t10_fm:mimo|NAMED|astra,hold_t10_fm,hold_t10,holdout,hold_t10_fm:mimo,mimo,fable,NAMED,astra,uninvolved_observer,FM,fable,mimo,fable_batch_04,mimo_batch_10,B
hold_t10_fm:mimo|NAMED|fable,hold_t10_fm,hold_t10,holdout,hold_t10_fm:mimo,mimo,fable,NAMED,fable,distractor_producer,FM,fable,mimo,fable_batch_04,mimo_batch_10,B
hold_t10_fm:mimo|NAMED|mimo,hold_t10_fm,hold_t10,holdout,hold_t10_fm:mimo,mimo,fable,NAMED,mimo,target_producer,FM,fable,mimo,fable_batch_04,mimo_batch_10,B
hold_t10_fm:mimo|SELF|mimo,hold_t10_fm,hold_t10,holdout,hold_t10_fm:mimo,mimo,fable,SELF,mimo,target_producer,FM,fable,mimo,fable_batch_04,mimo_batch_10,B
