pair_id,triplet_id,split,source_pair_type,source_label_A,source_label_B,sequence_A_id,sequence_B_id
dev_t01_af,dev_t01,development,AF,astra,fable,astra_independent_calls_11,fable_independent_calls_14
dev_t02_af,dev_t02,development,AF,fable,astra,fable_independent_calls_16,astra_independent_calls_03
dev_t03_af,dev_t03,development,AF,astra,fable,astra_independent_calls_15,fable_independent_calls_18
dev_t04_af,dev_t04,development,AF,astra,fable,astra_independent_calls_14,fable_independent_calls_17
dev_t05_af,dev_t05,development,AF,fable,astra,fable_independent_calls_19,astra_independent_calls_00
dev_t06_af,dev_t06,development,AF,astra,fable,astra_independent_calls_02,fable_independent_calls_05
dev_t07_af,dev_t07,development,AF,fable,astra,fable_independent_calls_00,astra_independent_calls_09
dev_t08_af,dev_t08,development,AF,fable,astra,fable_independent_calls_12,astra_independent_calls_13
dev_t09_af,dev_t09,development,AF,astra,fable,astra_independent_calls_12,fable_independent_calls_13
dev_t10_af,dev_t10,development,AF,fable,astra,fable_independent_calls_06,astra_independent_calls_05
hold_t01_af,hold_t01,holdout,AF,fable,astra,fable_independent_calls_08,astra_independent_calls_10
hold_t02_af,hold_t02,holdout,AF,fable,astra,fable_independent_calls_09,astra_independent_calls_06
hold_t03_af,hold_t03,holdout,AF,fable,astra,fable_independent_calls_11,astra_independent_calls_19
hold_t04_af,hold_t04,holdout,AF,fable,astra,fable_independent_calls_10,astra_independent_calls_18
hold_t05_af,hold_t05,holdout,AF,astra,fable,astra_independent_calls_01,fable_independent_calls_15
hold_t06_af,hold_t06,holdout,AF,astra,fable,astra_independent_calls_04,fable_independent_calls_02
hold_t07_af,hold_t07,holdout,AF,astra,fable,astra_independent_calls_08,fable_independent_calls_01
hold_t08_af,hold_t08,holdout,AF,fable,astra,fable_independent_calls_04,astra_independent_calls_17
hold_t09_af,hold_t09,holdout,AF,astra,fable,astra_independent_calls_16,fable_independent_calls_07
hold_t10_af,hold_t10,holdout,AF,astra,fable,astra_independent_calls_07,fable_independent_calls_03
dev_t01_am,dev_t01,development,AM,astra,mimo,astra_independent_calls_11,mimo_independent_calls_09
dev_t02_am,dev_t02,development,AM,astra,mimo,astra_independent_calls_03,mimo_independent_calls_07
dev_t03_am,dev_t03,development,AM,mimo,astra,mimo_independent_calls_04,astra_independent_calls_15
dev_t04_am,dev_t04,development,AM,mimo,astra,mimo_independent_calls_01,astra_independent_calls_14
dev_t05_am,dev_t05,development,AM,astra,mimo,astra_independent_calls_00,mimo_independent_calls_03
dev_t06_am,dev_t06,development,AM,astra,mimo,astra_independent_calls_02,mimo_independent_calls_10
dev_t07_am,dev_t07,development,AM,mimo,astra,mimo_independent_calls_17,astra_independent_calls_09
dev_t08_am,dev_t08,development,AM,mimo,astra,mimo_independent_calls_00,astra_independent_calls_13
dev_t09_am,dev_t09,development,AM,mimo,astra,mimo_independent_calls_14,astra_independent_calls_12
dev_t10_am,dev_t10,development,AM,astra,mimo,astra_independent_calls_05,mimo_independent_calls_06
hold_t01_am,hold_t01,holdout,AM,mimo,astra,mimo_independent_calls_15,astra_independent_calls_10
hold_t02_am,hold_t02,holdout,AM,astra,mimo,astra_independent_calls_06,mimo_independent_calls_13
hold_t03_am,hold_t03,holdout,AM,astra,mimo,astra_independent_calls_19,mimo_independent_calls_11
hold_t04_am,hold_t04,holdout,AM,astra,mimo,astra_independent_calls_18,mimo_independent_calls_05
hold_t05_am,hold_t05,holdout,AM,mimo,astra,mimo_independent_calls_08,astra_independent_calls_01
hold_t06_am,hold_t06,holdout,AM,mimo,astra,mimo_independent_calls_16,astra_independent_calls_04
hold_t07_am,hold_t07,holdout,AM,mimo,astra,mimo_independent_calls_19,astra_independent_calls_08
hold_t08_am,hold_t08,holdout,AM,astra,mimo,astra_independent_calls_17,mimo_independent_calls_02
hold_t09_am,hold_t09,holdout,AM,mimo,astra,mimo_independent_calls_18,astra_independent_calls_16
hold_t10_am,hold_t10,holdout,AM,astra,mimo,astra_independent_calls_07,mimo_independent_calls_12
dev_t01_fm,dev_t01,development,FM,mimo,fable,mimo_independent_calls_09,fable_independent_calls_14
dev_t02_fm,dev_t02,development,FM,fable,mimo,fable_independent_calls_16,mimo_independent_calls_07
dev_t03_fm,dev_t03,development,FM,mimo,fable,mimo_independent_calls_04,fable_independent_calls_18
dev_t04_fm,dev_t04,development,FM,fable,mimo,fable_independent_calls_17,mimo_independent_calls_01
dev_t05_fm,dev_t05,development,FM,mimo,fable,mimo_independent_calls_03,fable_independent_calls_19
dev_t06_fm,dev_t06,development,FM,mimo,fable,mimo_independent_calls_10,fable_independent_calls_05
dev_t07_fm,dev_t07,development,FM,fable,mimo,fable_independent_calls_00,mimo_independent_calls_17
dev_t08_fm,dev_t08,development,FM,mimo,fable,mimo_independent_calls_00,fable_independent_calls_12
dev_t09_fm,dev_t09,development,FM,fable,mimo,fable_independent_calls_13,mimo_independent_calls_14
dev_t10_fm,dev_t10,development,FM,fable,mimo,fable_independent_calls_06,mimo_independent_calls_06
hold_t01_fm,hold_t01,holdout,FM,mimo,fable,mimo_independent_calls_15,fable_independent_calls_08
hold_t02_fm,hold_t02,holdout,FM,fable,mimo,fable_independent_calls_09,mimo_independent_calls_13
hold_t03_fm,hold_t03,holdout,FM,fable,mimo,fable_independent_calls_11,mimo_independent_calls_11
hold_t04_fm,hold_t04,holdout,FM,fable,mimo,fable_independent_calls_10,mimo_independent_calls_05
hold_t05_fm,hold_t05,holdout,FM,mimo,fable,mimo_independent_calls_08,fable_independent_calls_15
hold_t06_fm,hold_t06,holdout,FM,mimo,fable,mimo_independent_calls_16,fable_independent_calls_02
hold_t07_fm,hold_t07,holdout,FM,mimo,fable,mimo_independent_calls_19,fable_independent_calls_01
hold_t08_fm,hold_t08,holdout,FM,fable,mimo,fable_independent_calls_04,mimo_independent_calls_02
hold_t09_fm,hold_t09,holdout,FM,mimo,fable,mimo_independent_calls_18,fable_independent_calls_07
hold_t10_fm,hold_t10,holdout,FM,fable,mimo,fable_independent_calls_03,mimo_independent_calls_12
