parent_id,source,prompt,fold,B_known,B_withheld,B_source_position,B_pooled_position,B_fair,posterior_true_source,exact_prefix_support
P353d5347fd46,astra,plain,0,0.04845871833238209,0.07748560197799174,0.2052686380674719,0.24823456275934414,0.25,0.707787725730025,7
P90a2ffa75d82,astra,plain,0,0.15140432227312692,0.1464834974966544,0.1766972094960433,0.19084983108889814,0.25,0.8704970654766186,13
P3cee08e40af9,astra,plain,0,0.22437844775561203,0.22041706516111437,0.27465639316951274,0.26728218180696317,0.25,0.9321435428940283,5
P37b587afbd9d,astra,plain,0,0.10256078485816093,0.10482868893859873,0.1603706788837984,0.17896774492109768,0.25,0.8704970654766186,13
P741b186c9337,astra,plain,0,0.19697319994220097,0.19602826901838005,0.27873802582257395,0.2677659308621408,0.25,0.9321435428940283,5
P1104b106adb3,astra,plain,0,0.15549645980841317,0.14510010184411945,0.2664931278633903,0.23263365572986566,0.25,0.40783936075927496,8
P9d378af1b052,astra,plain,0,0.2999757508445556,0.29552773879786653,0.2909829237817576,0.33927008808058373,0.25,0.8704970654766186,13
P2f2b9bcc749c,astra,plain,0,0.08221161292987425,0.09065689554908145,0.21751353602665557,0.21818165270643405,0.25,0.8380784772312496,9
P44ffded09499,astra,plain,0,0.08978217409412743,0.04468289463803238,0.23792169929196166,0.21978407145170994,0.25,0.40783936075927496,8
Pc511b1b0e170,astra,plain,0,0.22365972511453566,0.28323202720166035,0.30730945439400253,0.2509556511947183,0.25,0.40783936075927496,8
P68049025489c,astra,plain,0,0.08570054144106623,0.14102735845431424,0.21751353602665557,0.20741823622873187,0.25,0.40783936075927496,8
Pfa706b0f082b,astra,plain,0,0.0889658475635152,0.1118384899394717,0.23384006663890045,0.21930032239653233,0.25,0.40783936075927496,8
Pf28806f2fc83,fable,plain,0,0.0441935407772803,0.0443600595624586,0.07324031653477717,0.15880145618338037,0.25,0.9920331406289834,30
P74112d9e38b9,fable,plain,0,0.02202781154110957,0.04468289463803238,0.23242399000416492,0.21978407145170994,0.25,0.5779851535139376,12
P6c5437d9970f,fable,plain,0,0.6467445611854435,0.6430817280470678,0.5140566430653895,0.3273880019127833,0.25,0.9920331406289834,30
P6ff18ed232dd,fable,plain,0,0.059244561185443564,0.05939064438471141,0.11405664306538943,0.20233887114936677,0.25,0.9920331406289834,30
P20b43716a54d,fable,plain,0,0.02202781154110957,0.04468289463803238,0.23242399000416492,0.21978407145170994,0.25,0.5779851535139376,12
P1a1b3832c576,fable,plain,0,0.059244561185443564,0.05939064438471141,0.11405664306538943,0.20233887114936677,0.25,0.9920331406289834,30
P7500c3ebcb01,fable,plain,0,0.059244561185443564,0.05939064438471141,0.11405664306538943,0.20233887114936677,0.25,0.9920331406289834,30
P3edd46fda499,fable,plain,0,0.0441935407772803,0.0443600595624586,0.07324031653477717,0.15880145618338037,0.25,0.9920331406289834,30
Pfbbcc5873362,fable,plain,0,0.12123435710381092,0.12051558294493318,0.10589337775926697,0.17068354235118083,0.25,0.9920331406289834,30
P2f756b75a72d,fable,plain,0,0.24071451709935676,0.17702341589026194,0.4120158267388588,0.26691937001557997,0.25,0.0013744439879474113,1
Pe9908713c000,fable,plain,0,0.1488499689755119,0.14510010184411945,0.22017909204498126,0.23263365572986566,0.25,0.5779851535139376,12
P5bf41e3abddf,fable,plain,0,0.02202781154110957,0.04468289463803238,0.23242399000416492,0.21978407145170994,0.25,0.5779851535139376,12
P57b69a0b6f01,mimo,plain,0,0.24733333333333332,0.24417038236334637,0.24733333333333332,0.282248168201521,0.25,0.9156823264269622,0
P5a05bb9cc152,mimo,plain,0,0.25622222222222224,0.3303356834090194,0.25622222222222224,0.30697983864747713,0.25,0.3327020248388884,0
P3191595d9a8a,mimo,plain,0,0.25622222222222224,0.2609305958867386,0.25622222222222224,0.25663970259305535,0.25,0.2227034027943285,0
P2412fe57af40,mimo,plain,0,0.2384444444444444,0.23456672542945745,0.2384444444444444,0.2847273821093063,0.25,0.90449000614757,0
P08f3995557ce,mimo,plain,0,0.24733333333333332,0.24680337295274485,0.24733333333333332,0.25503728384777946,0.25,0.9772764891262995,0
Pd73b9f743877,mimo,plain,0,0.3253511111111111,0.31877064606746386,0.24733333333333332,0.3230644947321332,0.25,0.7365488744516594,3
Pa15d6fdc0a90,mimo,plain,0,0.24733333333333335,0.262733364808605,0.24733333333333335,0.2427923858885958,0.25,0.8304295357086234,0
Pc16b8556005a,mimo,plain,0,0.2480833333333333,0.4056768499357112,0.25622222222222224,0.3273880019127833,0.25,0.1619206352784852,2
Pc8906df62e65,mimo,plain,0,0.28405555555555556,0.3573507718547309,0.24288888888888888,0.29301158467922317,0.25,0.1295027954671576,2
P4b89578f9857,mimo,plain,0,0.23844444444444446,0.269166792167469,0.23844444444444446,0.2371083344902587,0.25,0.25549391068354055,0
Pf798720c536e,mimo,plain,0,0.27399999999999997,0.18669469197775582,0.27399999999999997,0.2299125672944915,0.25,0.16106103858667353,0
P090ec2464008,mimo,plain,0,0.2621111111111111,0.26195575874911403,0.26955555555555555,0.21618618785382632,0.25,0.9982236561876564,2
Pc6256aa7a513,astra,plain,1,0.16231199962978388,0.16258996817858776,0.20468554768846312,0.24812363000573606,0.25,0.9485905788994651,4
P288e6c0892bc,astra,plain,1,0.06371759162848814,0.08689335146851487,0.2291753436068305,0.25482283142543444,0.25,0.7319919335603794,6
P3e55f6da3d43,astra,plain,1,0.1896108103105188,0.2848308191073381,0.3434610578925448,0.3638586196537692,0.25,0.025004207206230217,1
P209b3489c639,astra,plain,1,0.12193226780508122,0.13083237997980296,0.15978758850478966,0.1845329763529706,0.25,0.8231600913317894,14
P7b4fb3cdcdcd,astra,plain,1,0.19119811189782038,0.2377731276649015,0.25774677217825903,0.2761478831852688,0.25,0.38557629599256377,1
P65ebe4bcd723,astra,plain,1,0.3393794252394836,0.24686808534482485,0.3393794252394836,0.2734120062257893,0.25,9.2332341209846e-05,0
P578947e37226,astra,plain,1,0.09515980767382427,0.07121807372919374,0.2087671803415244,0.18626323367329006,0.25,0.41106570803499937,11
P00651414d260,astra,plain,1,0.12421676153454579,0.12829247185189943,0.2903998334027489,0.2849322665038136,0.25,0.9485905788994651,4
Pf7f8377066d4,astra,plain,1,0.3050499175639342,0.368635731870646,0.3230528946272387,0.28204850430328116,0.25,0.41106570803499937,11
P1d1c0007c800,astra,plain,1,0.15686982275903558,0.15772966640493832,0.18835901707621822,0.23805264509003066,0.25,0.9485905788994651,4
P1356bf255c3f,astra,plain,1,0.16147308413161182,0.1593826906930858,0.17611411911703456,0.19460396126867602,0.25,0.8231600913317894,14
P06ae95ba1da9,astra,plain,1,0.06371759162848814,0.08689335146851487,0.2291753436068305,0.25482283142543444,0.25,0.7319919335603794,6
P415bda0a0a74,fable,plain,1,0.048222175945208015,0.04858975638773481,0.14437734277384423,0.21319313606903095,0.25,0.9911539471309715,28
Pf5f3c5c5057f,fable,plain,1,0.048222175945208015,0.04858975638773481,0.14437734277384423,0.21319313606903095,0.25,0.9911539471309715,28
P252fee1ee8a9,fable,plain,1,0.05801809431255496,0.05827329712121472,0.09131611828404831,0.16548535730535158,0.25,0.9911539471309715,28
P9b011090987c,fable,plain,1,0.3851936693044565,0.23414613410670024,0.3851936693044565,0.28576042385371003,0.25,0.07857228846412226,0
P44fdb73af786,fable,plain,1,0.13271197186357536,0.13197315242701385,0.11172428154935443,0.17555634222105698,0.25,0.9911539471309715,28
Pb9c7c0aa2d9a,fable,plain,1,0.3851936693044565,0.23414613410670024,0.3851936693044565,0.28576042385371003,0.25,0.07857228846412226,0
P6cbcf311d947,fable,plain,1,0.05801809431255496,0.05827329712121472,0.09131611828404831,0.16548535730535158,0.25,0.9911539471309715,28
Pea952d3974c3,fable,plain,1,0.05801809431255496,0.05827329712121472,0.09131611828404831,0.16548535730535158,0.25,0.9911539471309715,28
P0c9bae2e5c37,fable,plain,1,0.048222175945208015,0.04858975638773481,0.14437734277384423,0.21319313606903095,0.25,0.9911539471309715,28
P5915ac19a437,fable,plain,1,0.276866120597899,0.22804142785693995,0.4464181591003748,0.30363974949701084,0.25,0.004221760886477864,1
P686204291e03,fable,plain,1,0.05801809431255496,0.05827329712121472,0.09131611828404831,0.16548535730535158,0.25,0.9911539471309715,28
Paa7c605ef15d,fable,plain,1,0.05801809431255496,0.05827329712121472,0.09131611828404831,0.16548535730535158,0.25,0.9911539471309715,28
Pa0ad3c94e254,mimo,plain,1,0.2854127284183995,0.2854018345086039,0.26609168241965975,0.30779532477059857,0.25,0.9994832504310471,1
Pd23aff7052ec,mimo,plain,1,0.2786494433942449,0.21043568156562986,0.2573960302457467,0.29401242030446423,0.25,0.08154347638523457,1
P47cf70ad9a8e,mimo,plain,1,0.2518490075614367,0.2564408297787479,0.25522211720226845,0.2687979867049375,0.25,0.4728704728563738,2
P1163e509d7af,mimo,plain,1,0.2854127284183995,0.12411326783637433,0.2617438563327032,0.2600875460069192,0.25,0.04914178499801185,1
P854a44a7f3a8,mimo,plain,1,0.259569943289225,0.277030914822683,0.259569943289225,0.31786630968630397,0.25,0.7636843449822114,0
P1cee3527837c,mimo,plain,1,0.2293740810754043,0.2826431812606517,0.23348298676748583,0.25883052145796914,0.25,0.08154347638523457,1
Pf0c16e7b6abe,mimo,plain,1,0.259569943289225,0.2596547999842155,0.259569943289225,0.32058739812167814,0.25,0.9931742386489069,0
P9654dab47d00,mimo,plain,1,0.23783081285444232,0.2347879666967526,0.23783081285444232,0.2738852389971588,0.25,0.3848134338633923,0
P2105a3e8e556,mimo,plain,1,0.1860881379962193,0.18747472465740558,0.24217863894139885,0.24812363000573606,0.25,0.970774031907292,2
P9c16a5a8030d,mimo,plain,1,0.27696124763705104,0.27702384121868817,0.27696124763705104,0.3100579689587086,0.25,0.9976462101829084,0
P1e0ca55b3dbd,mimo,plain,1,0.3469577032136106,0.34464962150069084,0.2639177693761815,0.2009482381098473,0.25,0.970774031907292,2
P358e9842b443,astra,plain,2,0.14074734485630985,0.14223810481104016,0.2131820074968763,0.23287656105097287,0.25,0.9480334950665225,6
P8a9a2e5257bd,astra,plain,2,0.14112593060183257,0.14533897552759018,0.16012078300708038,0.22761184646948812,0.25,0.8676644842480531,14
P978a9bfd04aa,astra,plain,2,0.06338345417300614,0.07930240965195638,0.20093710953769262,0.23278782990634111,0.25,0.7244439432078611,5
Pedf412fb89ec,astra,plain,2,0.43292609560831136,0.3765488670937459,0.2662432319866722,0.23950181985014468,0.25,0.742327249308057,7
P15c83d04d2c4,astra,plain,2,0.14112593060183257,0.14533897552759018,0.16012078300708038,0.22761184646948812,0.25,0.8676644842480531,14
Pa188f4fe5dd0,astra,plain,2,0.02402485358991576,0.05393588673210646,0.2131820074968763,0.24158700174899117,0.25,0.7244439432078611,5
Pe1c996c5ae6b,astra,plain,2,0.05628210467860613,0.0830639290442068,0.22134527280299876,0.22280557613526747,0.25,0.742327249308057,7
P5adcdc428199,astra,plain,2,0.5316050285170295,0.45560561910724245,0.33971261974177425,0.32929773821749164,0.25,0.7244439432078611,5
P32013dceba1f,astra,plain,2,0.1239205886436207,0.04980890357828253,0.24175343606830485,0.20820930284334196,0.25,0.4045718807052335,10
P93b1938e56f7,astra,plain,2,0.1239205886436207,0.04980890357828253,0.24175343606830485,0.20820930284334196,0.25,0.4045718807052335,10
P7a9f3080d19a,astra,plain,2,0.21342496182146328,0.19568236326955396,0.2784881299458559,0.26044236998324144,0.25,0.742327249308057,7
Pbd6883fb3aed,astra,plain,2,0.06983895599055949,0.13487828976785443,0.21726364014993754,0.20349176365375307,0.25,0.4045718807052335,10
P8af80af20d50,fable,plain,2,0.03684047619873012,0.037290354596959514,0.08856726364014993,0.17064645161589448,0.25,0.9908586667595412,27
P7ebc3e00c8b2,fable,plain,2,0.07554561342603483,0.07578234438356805,0.1497917534360683,0.2170824173065186,0.25,0.9908586667595412,27
Pab74dca30323,fable,plain,2,0.07554561342603483,0.07578234438356805,0.1497917534360683,0.2170824173065186,0.25,0.9908586667595412,27
P9960327dd887,fable,plain,2,0.07554561342603483,0.07578234438356805,0.1497917534360683,0.2170824173065186,0.25,0.9908586667595412,27
Pd5e7ecad7415,fable,plain,2,0.07554561342603483,0.07578234438356805,0.1497917534360683,0.2170824173065186,0.25,0.9908586667595412,27
P838ec56c1267,fable,plain,2,0.29673284279698275,0.19520092307929043,0.25999583506872137,0.23950181985014468,0.25,0.14477880609853302,1
P2b6a7f90ed35,fable,plain,2,0.07554561342603483,0.07578234438356805,0.1497917534360683,0.2170824173065186,0.25,0.9908586667595412,27
P9257cb3172d9,fable,plain,2,0.03684047619873012,0.037290354596959514,0.08856726364014993,0.17064645161589448,0.25,0.9908586667595412,27
P95cc0534a1e3,fable,plain,2,0.07554561342603483,0.07578234438356805,0.1497917534360683,0.2170824173065186,0.25,0.9908586667595412,27
P710214e7e3f6,fable,plain,2,0.07554561342603483,0.07578234438356805,0.1497917534360683,0.2170824173065186,0.25,0.9908586667595412,27
P2ddf8249f4dd,fable,plain,2,0.03684047619873012,0.037290354596959514,0.08856726364014993,0.17064645161589448,0.25,0.9908586667595412,27
Pc7f88c242e51,fable,plain,2,0.018145553539543065,0.04980890357828253,0.19060807996668055,0.20820930284334196,0.25,0.5832793853909747,15
Pe8ea5268140b,mimo,plain,2,0.23783081285444235,0.2376374794805572,0.23783081285444235,0.21283811088829907,0.25,0.9949373550220317,0
P651c7d9897d3,mimo,plain,2,0.24652646502835535,0.24738039651597127,0.24652646502835535,0.25927407657892315,0.25,0.9847973122696498,0
Ped5db9109256,mimo,plain,2,0.2726134215500945,0.25880755538336053,0.2726134215500945,0.25164319814059133,0.25,0.8585019789624704,0
P82eadef0cebf,mimo,plain,2,0.22205293005671076,0.23982221951259927,0.23565689981096405,0.3522495276289084,0.25,0.7601339743587632,3
P0467e868fb3b,mimo,plain,2,0.2639177693761815,0.2606872045629881,0.2639177693761815,0.19976505557921892,0.25,0.941087564958117,0
Pc875055e766c,mimo,plain,2,0.2552221172022684,0.330633389898661,0.2552221172022684,0.34380528036478536,0.25,0.10483385873881,0
P6bf6866b4af0,mimo,plain,2,0.27043950850661624,0.2651647768117287,0.27043950850661624,0.17064645161589448,0.25,0.9642682864006233,0
P662812010e5b,mimo,plain,2,0.24652646502835535,0.24668490607181784,0.24652646502835535,0.33138292011633813,0.25,0.9913514450012066,0
P4367b64ac9f7,mimo,plain,2,0.26391776937618144,0.26238252123668315,0.26391776937618144,0.21337049775608966,0.25,0.9666591085269355,0
P96190cf4f1a7,mimo,plain,2,0.28989248582230626,0.14242675748258854,0.268265595463138,0.19305106563541533,0.25,0.13233499976503588,2
P283247376bd0,mimo,plain,2,0.3746750945179584,0.32967046787314913,0.24870037807183368,0.27768578909001457,0.25,0.3559457975914178,2
P92a12ef80580,astra,plain,3,0.07858460335404466,0.11971996561115908,0.22592669720949604,0.21990898496661887,0.25,0.6557532395460832,5
Pfd7c3408cd8e,astra,plain,3,0.2666312505843654,0.2837429146591469,0.23408996251561848,0.1963508660668851,0.25,0.6557532395460832,5
Pf080d2152ae8,astra,plain,3,0.1139453728599277,0.05240012685665156,0.23408996251561848,0.21050348363565172,0.25,0.550375827270476,11
P4d61a0ffa0be,astra,plain,3,0.07056174510620575,0.07735174690800935,0.1851103706788838,0.22863421418874252,0.25,0.8094365883310173,6
Pcc8972ed91c5,astra,plain,3,0.2618728643918552,0.25310576541318186,0.25857975843398584,0.23940025973739676,0.25,0.8762977375539677,15
Pe452fec0ae6d,astra,plain,3,0.04964337775926698,0.06923492682832717,0.2014369012911287,0.2426981006128774,0.25,0.8094365883310173,6
P7b351bd3953e,astra,plain,3,0.07858460335404466,0.11971996561115908,0.22592669720949604,0.21990898496661887,0.25,0.6557532395460832,5
P649f4c147174,astra,plain,3,0.1663982599842658,0.4132288252269894,0.3075593502707205,0.3507134806779469,0.25,0.01686192344430943,1
P3d8ba443f061,astra,plain,3,0.1589152667869869,0.2445124147708066,0.21776343190337358,0.26082883116596817,0.25,0.15471102370165932,1
P9da398c77a93,astra,plain,3,0.07858460335404466,0.11971996561115908,0.22592669720949604,0.21990898496661887,0.25,0.6557532395460832,5
P6111f38b4446,astra,plain,3,0.09753504067182892,0.13753501158727122,0.24225322782174094,0.23397287139075376,0.25,0.6557532395460832,5
Pf376ffc8e375,astra,plain,3,0.09856075747531232,0.11856260690840467,0.23408996251561848,0.21721747357945534,0.25,0.550375827270476,11
Pecc9f2cf830f,fable,plain,3,0.24934518024897034,0.18574211977086713,0.2227613494377343,0.1870045188323391,0.25,0.1211252666458666,1
Pf721fa6083f4,fable,plain,3,0.3986197880512749,0.2563245493057337,0.26765930862140774,0.2457741136267786,0.25,0.4373865383996379,10
Pd677f8cb8e21,fable,plain,3,0.12401598094219682,0.12330928566171115,0.10847563515202,0.17656382081400132,0.25,0.991572797874694,32
Pf9ed545235d1,fable,plain,3,0.059310098589255636,0.05961058249908757,0.10847563515202,0.20512046086132457,0.25,0.991572797874694,32
P48d8be118730,fable,plain,3,0.2656265907723634,0.18625810782722038,0.3697001249479384,0.2588471689358588,0.25,0.4373865383996379,10
P0fe6e46205a3,fable,plain,3,0.059310098589255636,0.05961058249908757,0.10847563515202,0.20512046086132457,0.25,0.991572797874694,32
P0456acf68fe0,fable,plain,3,0.011204822064880373,0.05240012685665156,0.24316951270304044,0.21050348363565172,0.25,0.4373865383996379,10
Pd38b1c275b70,fable,plain,3,0.011204822064880373,0.05240012685665156,0.24316951270304044,0.21050348363565172,0.25,0.4373865383996379,10
P9e3c39affb9b,fable,plain,3,0.04538452836116439,0.045619717548751625,0.07174094127446898,0.16249993438986646,0.25,0.991572797874694,32
Pa72bcb083cb9,fable,plain,3,0.059310098589255636,0.05961058249908757,0.10847563515202,0.20512046086132457,0.25,0.991572797874694,32
P34406f39fe3d,fable,plain,3,0.20508237308528857,0.173727264558154,0.40643481882548943,0.27291105535999366,0.25,0.4373865383996379,10
Pd875cf775e3a,fable,plain,3,0.011204822064880373,0.05240012685665156,0.24316951270304044,0.21050348363565172,0.25,0.4373865383996379,10
P1e1c37827bab,mimo,plain,3,0.22817769376181474,0.22251606450735273,0.25437145557655955,0.3071760657119605,0.25,0.7739653815273195,3
P03e4febc0c66,mimo,plain,3,0.22393667296786388,0.2174610048112104,0.22393667296786388,0.21948011776756537,0.25,0.8777744805938541,0
P562a9e6cd623,mimo,plain,3,0.16033199432892248,0.16035642029443103,0.25437145557655955,0.17656382081400132,0.25,0.9988305628369996,2
P52692f9d5c91,mimo,plain,3,0.25219754253308124,0.25712909206482465,0.25219754253308124,0.30373033959542695,0.25,0.9243811942658123,0
Pd689e861e1e8,mimo,plain,3,0.2456758034026465,0.24585474863051265,0.2456758034026465,0.28250880750432966,0.25,0.9949485889722475,0
Pa5dafbf8cb5d,mimo,plain,3,0.2891540642722117,0.28608758189022127,0.2891540642722117,0.27523285364452477,0.25,0.9243811942658123,0
Pd365e465fcee,mimo,plain,3,0.29469649233354334,0.3809827030866596,0.26524102079395084,0.3380101384714991,0.25,0.0694381450231162,1
Pd7738ee3bdea,mimo,plain,3,0.30437145557655954,0.2959659862265781,0.30437145557655954,0.2558155214942734,0.25,0.938874664325136,0
P58792d6456ba,mimo,plain,3,0.24565808128544422,0.17258834947689522,0.2891540642722117,0.2521036019438445,0.25,0.12370207286006969,2
Pf26ff4977054,mimo,plain,3,0.2507863894139887,0.24393555308522935,0.21958884688090735,0.28061587641885194,0.25,0.9305215427274667,3
P990d7cd26e95,mimo,plain,3,0.29566267590842255,0.29561640535382416,0.2739366729678639,0.344990321849198,0.25,0.9986044611110456,1
Pb9fb003a8403,astra,plain,4,0.13636115160349854,0.1385575227911747,0.21443148688046648,0.2506289966959611,0.25,0.954905022378215,6
Pf930a30f582e,astra,plain,4,0.07990379008746357,0.10680284909776938,0.16545189504373178,0.1865059561754051,0.25,0.7113086753499559,8
P1d2b160e5d9b,astra,plain,4,0.3284752186588922,0.3041988424209897,0.30830903790087466,0.3248378106563279,0.25,0.7113086753499559,8
Paac4aaf9b4d8,astra,plain,4,0.061263041225935476,0.08519631383188803,0.21034985422740524,0.21951394197842194,0.25,0.7652551954701031,9
P0e15315f227d,astra,plain,4,0.3284752186588922,0.3041988424209897,0.30830903790087466,0.3248378106563279,0.25,0.7113086753499559,8
P2ccf0081d0e9,astra,plain,4,0.30830903790087466,0.25034457555256173,0.30830903790087466,0.3248378106563279,0.25,0.03568506323346105,0
P9f48e13f1dbb,astra,plain,4,0.12316909620991252,0.13105093307353066,0.18177842565597668,0.2509987097985935,0.25,0.7113086753499559,8
Pb65f476ee0d4,astra,plain,4,0.08769560302255013,0.12335137080368797,0.19402332361516036,0.19604455422331996,0.25,0.5390150155233077,12
Pabead9ad7343,astra,plain,4,0.07990379008746357,0.10680284909776938,0.16545189504373178,0.1865059561754051,0.25,0.7113086753499559,8
Pcdeaa8dc528c,astra,plain,4,0.2370466472303207,0.2256089322321079,0.2511661807580175,0.2255032942410661,0.25,0.7113086753499559,8
P1146f5e61e6a,astra,plain,4,0.2684752186588921,0.2459560946962164,0.30830903790087466,0.31358374381219895,0.25,0.7113086753499559,8
P6cad5953d46b,astra,plain,4,0.27541399416909623,0.27398696719753685,0.24300291545189504,0.21834564857410368,0.25,0.7113086753499559,8
P31b993a7e9c8,fable,plain,4,0.03402773499207677,0.059907876891129044,0.2458350687213661,0.20629300142828888,0.25,0.4479792862645266,11
Pb2453238678d,fable,plain,4,0.13932616842767917,0.13917711570126662,0.12338608912952935,0.18350388578203036,0.25,0.9982155509010303,31
P6202f3bd876f,fable,plain,4,0.061094875910672364,0.06108240301275666,0.0825697625989171,0.16926253706863198,0.25,0.9982155509010303,31
Pcdeaf035f9e8,fable,plain,4,0.061094875910672364,0.06108240301275666,0.0825697625989171,0.16926253706863198,0.25,0.9982155509010303,31
P0d001bb828fd,fable,plain,4,0.061094875910672364,0.06108240301275666,0.0825697625989171,0.16926253706863198,0.25,0.9982155509010303,31
P4171caf1d3b3,fable,plain,4,0.0441499161085697,0.0442712170809461,0.10297792586422325,0.20735777516387005,0.25,0.9982155509010303,31
Pf2937a2ba853,fable,plain,4,0.061094875910672364,0.06108240301275666,0.0825697625989171,0.16926253706863198,0.25,0.9982155509010303,31
P47f8a472dace,fable,plain,4,0.03402773499207677,0.059907876891129044,0.2458350687213661,0.20629300142828888,0.25,0.4479792862645266,11
P8bfe7d7100fe,fable,plain,4,0.03402773499207677,0.059907876891129044,0.2458350687213661,0.20629300142828888,0.25,0.4479792862645266,11
P7206c3259175,fable,plain,4,0.3601207830070804,0.2716115472945977,0.3601207830070804,0.2927171362996287,0.25,0.0016899071954144425,0
P2300abcbd9e4,fable,plain,4,0.03402773499207677,0.059907876891129044,0.2458350687213661,0.20629300142828888,0.25,0.4479792862645266,11
P8cb85610fcb1,fable,plain,4,0.03402773499207677,0.059907876891129044,0.2458350687213661,0.20629300142828888,0.25,0.4479792862645266,11
P628d25b91b11,mimo,plain,4,0.2585302457466919,0.25732128686611755,0.2585302457466919,0.2516346163351212,0.25,0.9822409501753419,0
P68fbf7537faf,mimo,plain,4,0.45974125708884694,0.3142818960939971,0.284617202268431,0.2548880916382859,0.25,0.3976704649867717,2
P9ab6a04e55ca,mimo,plain,4,0.3978865784499055,0.34843482177569796,0.30418241965973536,0.23964112328572748,0.25,0.7650014651333128,3
P66d0c7004ae3,mimo,plain,4,0.30418241965973536,0.303139201012274,0.30418241965973536,0.24236221172110164,0.25,0.9923924009374505,0
P256e23f477cf,mimo,plain,4,0.2208431001890359,0.22193334313454707,0.26505198487712667,0.2007473048888035,0.25,0.8954386847705806,3
P8144873a2a68,mimo,plain,4,0.24766068052930054,0.23386640697585176,0.24766068052930054,0.2507325163646982,0.25,0.7331593187405511,0
Pd2ac8d8b8728,mimo,plain,4,0.23896502835538755,0.23956357533085107,0.23896502835538755,0.2872897479529857,0.25,0.9820180080151842,0
Pfc0bf4bd68aa,mimo,plain,4,0.21505198487712668,0.21505553835078084,0.21505198487712668,0.2874819987663545,0.25,0.9999492225708876,0
Pa9b4775dc8e1,mimo,plain,4,0.28679111531190926,0.22359833064904477,0.28679111531190926,0.24336783136026163,0.25,0.0006815608054877832,0
P240bcb379931,mimo,plain,4,0.20811082230623817,0.208097679806247,0.24331285444234405,0.2139090913425154,0.25,0.9987455519823988,2
P92105e9225a2,mimo,plain,4,0.21722589792060493,0.22333772860824935,0.21722589792060493,0.2841250037944527,0.25,0.9275041154463533,0
Pc54645167dd2,astra,fair,0,0.2659100374843815,0.25131418807316497,0.2659100374843815,0.23360190572118872,0.25,0.6503761603203554,0
P6ab0538c2d5d,astra,fair,0,0.12927213575975996,0.18698415696990595,0.15162432319866723,0.2275503184196014,0.25,0.4778226611134929,26
P95461ffe3eae,astra,fair,0,0.25410506039150355,0.2766460450986446,0.23733860891295294,0.23955428667356965,0.25,0.49186483234110845,2
P181d06bd7e8c,astra,fair,0,0.091808578908448,0.1421989820700425,0.1271345272802999,0.19597435470078056,0.25,0.4778226611134929,26
P93de9eda5332,astra,fair,0,0.091808578908448,0.1421989820700425,0.1271345272802999,0.19597435470078056,0.25,0.4778226611134929,26
P8a916c0e2369,astra,fair,0,0.091808578908448,0.1421989820700425,0.1271345272802999,0.19597435470078056,0.25,0.4778226611134929,26
P2eb7dc3ad4b6,astra,fair,0,0.13612344771311274,0.18878212060485022,0.147542690545606,0.21954294880508893,0.25,0.4778226611134929,26
Pd36971dd1895,astra,fair,0,0.147542690545606,0.17502872459325347,0.147542690545606,0.1993048535669937,0.25,0.6503761603203554,0
P0f45e9658e0b,astra,fair,0,0.10360683048729695,0.1168723049643938,0.2740733027905039,0.235231724315293,0.25,0.55606626360291,3
P6fa406223157,astra,fair,0,0.12523948354852144,0.13153226334745677,0.2781549354435652,0.24323909392980547,0.25,0.55606626360291,3
Pc6b3784f8f5f,astra,fair,0,0.31732111620158265,0.3107580264797264,0.29448146605581005,0.250169366038649,0.25,0.6491427853310772,3
P1bfb9c154b35,astra,fair,0,0.0986598908618008,0.14399694570498678,0.12305289462723865,0.18796698508626808,0.25,0.4778226611134929,26
P7390a4a294aa,fable,fair,0,0.17487831721230157,0.14839802762873366,0.18135850694444444,0.20004181501824086,0.25,0.5020502230305224,26
P410f6d3a7d14,fable,fair,0,0.1703396267361111,0.17292619372737966,0.31469184027777775,0.2716971438164268,0.25,0.09459983113233993,2
P8900c3f49090,fable,fair,0,0.12554796006944444,0.22018919610613005,0.32510850694444443,0.27970451343093927,0.25,0.09459983113233993,2
P4d9ccac6ecac,fable,fair,0,0.16014617435515874,0.12936238757537197,0.17510850694444444,0.19795848168490754,0.25,0.5020502230305224,26
P3fe619d987bd,fable,fair,0,0.10761641245039684,0.13556143313406313,0.13969184027777776,0.20202594200236784,0.25,0.5020502230305224,26
P5426a503703c,fable,fair,0,0.25821165054563494,0.2755660389585649,0.24802517361111112,0.24357922998422726,0.25,0.5020502230305224,26
P66f429accda6,fable,fair,0,0.10761641245039684,0.13556143313406313,0.13969184027777776,0.20202594200236784,0.25,0.5020502230305224,26
P39c067bf8af7,fable,fair,0,0.19005688864087303,0.16377615561418063,0.19385850694444443,0.21554635016563312,0.25,0.5020502230305224,26
P54d9e066f056,fable,fair,0,0.14169379340277777,0.21051840981006092,0.13969184027777776,0.20202594200236784,0.25,0.3701029626055867,2
P40e3113273f5,fable,fair,0,0.21952117435515875,0.13994225005952607,0.2063585069444444,0.1993048535669937,0.25,0.5020502230305224,26
P93e98cf435d9,fable,fair,0,0.2286840277777778,0.2295131918071458,0.32927517361111114,0.28789612340826354,0.25,0.9137593742798716,3
P0da56d8acbaa,fable,fair,0,0.22874736483134922,0.2993999445132195,0.2355251736111111,0.2598207265828667,0.25,0.5020502230305224,26
P4349f402ea6e,mimo,fair,0,0.20918367346938777,0.2976938433154008,0.20918367346938777,0.26257015968944264,0.25,0.13062376882663335,0
P7e8a7eee10f4,mimo,fair,0,0.21870748299319728,0.21877241968894542,0.21870748299319728,0.28473569256926123,0.25,0.9988660762829928,0
P1ed927053d09,mimo,fair,0,0.2663265306122449,0.2655818795277111,0.2663265306122449,0.19068807352164222,0.25,0.9953451791995315,0
Pa5f5e0757957,mimo,fair,0,0.2951530612244898,0.2549408908933583,0.2758503401360545,0.23686154290939734,0.25,0.02012711585598472,2
Pd9831b863612,mimo,fair,0,0.24727891156462584,0.24522934298529897,0.24727891156462584,0.26571641819284403,0.25,0.13062376882663335,0
P6257a1c31b05,astra,fair,1,0.0689281955989738,0.12552277265562858,0.11264056643065387,0.19230886970481692,0.25,0.4145471411524401,24
P5a7db47a64a7,astra,fair,1,0.09451689261624224,0.12583397134878782,0.1452936276551437,0.18960195360504367,0.25,0.4145471411524401,24
Pe439ff869c1c,astra,fair,1,0.13360637456286703,0.1954155916497231,0.15345689296126613,0.22863256584994165,0.25,0.4145471411524401,24
Pff0a07b106e5,astra,fair,1,0.13360637456286703,0.1954155916497231,0.15345689296126613,0.22863256584994165,0.25,0.4145471411524401,24
P8e37afb3ffd9,astra,fair,1,0.17867034568929613,0.13788943542679685,0.3493752603082049,0.2520736089338419,0.25,0.22072488259349868,2
Pa723bdaaaa3e,astra,fair,1,0.18300708038317368,0.24733256187312164,0.16978342357351103,0.2317929966889439,0.25,0.5774241718960887,2
P4f636d61a851,astra,fair,1,0.2412189365542135,0.24101998346174103,0.2350895460224906,0.2628871009973339,0.25,0.8860421925890783,1
Pa1c3d953a576,astra,fair,1,0.2808591218156143,0.1943096794180049,0.26774260724698046,0.21613256584994164,0.25,0.4145471411524401,24
P956639fbe909,astra,fair,1,0.2808591218156143,0.1943096794180049,0.26774260724698046,0.21613256584994164,0.25,0.4145471411524401,24
Pc4c722a0f756,astra,fair,1,0.13932861307788422,0.14422477992582988,0.2269262807163682,0.25838029827624553,0.25,0.9169798980990281,3
Pf4700ad7fa40,astra,fair,1,0.07724844677636783,0.13838214424769965,0.12080383173677633,0.19850218036241332,0.25,0.4145471411524401,24
Pfcd2bb688a25,astra,fair,1,0.09451689261624224,0.12583397134878782,0.1452936276551437,0.18960195360504367,0.25,0.4145471411524401,24
P4e25798ee42d,fable,fair,1,0.09635255601671007,0.13727623201598144,0.12875434027777777,0.18600218036241328,0.25,0.5360084793806427,30
Pc289e886ad1e,fable,fair,1,0.24194637345679015,0.14678619858469807,0.2558376736111111,0.23199140938735657,0.25,0.1849921766307062,1
Pfd3730c944e1,fable,fair,1,0.13645672268337675,0.1498244049148933,0.17042100694444445,0.19490240711978293,0.25,0.5360084793806427,30
P727e0354a188,fable,fair,1,0.21416859567901234,0.12447200058682509,0.21417100694444446,0.1990549014508487,0.25,0.1849921766307062,1
Pd72adaaee0a9,fable,fair,1,0.1480105583900227,0.14952893982658338,0.2975043402777778,0.24905490145084866,0.25,0.9355831518134061,5
P0f2103f2e541,fable,fair,1,0.13645672268337675,0.1498244049148933,0.17042100694444445,0.19490240711978293,0.25,0.5360084793806427,30
Pa8f2e3ad5c0b,fable,fair,1,0.10039151077097505,0.10699643685778182,0.3308376736111111,0.27105036630345636,0.25,0.9355831518134061,5
P7e4d28a50a28,fable,fair,1,0.2601546393500434,0.3128128869427168,0.24958767361111112,0.26891034362771943,0.25,0.5360084793806427,30
P82e6c29867de,fable,fair,1,0.35098674886621317,0.34093814781922777,0.15792100694444444,0.21613256584994164,0.25,0.9355831518134061,5
P103e77b089f1,fable,fair,1,0.2301534155328798,0.2276433691173488,0.18500434027777776,0.217450593060826,0.25,0.9355831518134061,5
Pa6abff022a35,fable,fair,1,0.1480105583900227,0.14952893982658338,0.2975043402777778,0.24905490145084866,0.25,0.9355831518134061,5
P40ccede27a37,fable,fair,1,0.2176534155328798,0.21412050394868726,0.19125434027777777,0.18960195360504367,0.25,0.9355831518134061,5
Pe2b497b25c55,mimo,fair,1,0.2826530612244898,0.2804317613853877,0.2826530612244898,0.26919379033973756,0.25,0.9585491793352066,0
P4ad91eb48eeb,mimo,fair,1,0.2636054421768707,0.34178095378017426,0.2636054421768707,0.2688111372785131,0.25,0.04577049359436703,0
Pcfc219876a6e,mimo,fair,1,0.19693877551020406,0.19693994302749343,0.19693877551020406,0.2652822257138872,0.25,0.9999838983373941,0
P4a74e0dde96c,mimo,fair,1,0.2731292517006803,0.2723180197915734,0.2731292517006803,0.22761215768667636,0.25,0.9929771322257178,0
P59d0ac1d73ed,mimo,fair,1,0.2445578231292517,0.2629142778511039,0.2445578231292517,0.30079809872976027,0.25,0.08156502060696982,0
P3bc2656b2f12,astra,fair,2,0.26626239067055396,0.2258073669389587,0.1835276967930029,0.2204876506654249,0.25,0.6810319467423752,3
Pdb7c0f18641c,astra,fair,2,0.36896865889212827,0.3237213042429172,0.32638483965014575,0.2640392379670122,0.25,0.7350291004385181,2
P7520683d6e43,astra,fair,2,0.05834402332361516,0.09313889496999642,0.28965014577259474,0.3083419590554476,0.25,0.7710659610394486,3
P0dd080e988d3,astra,fair,2,0.09202349958207856,0.14456820008105714,0.12230320699708455,0.18767869374932514,0.25,0.48577230553036255,25
P666e2107320b,astra,fair,2,0.08530126336248786,0.1215457442514023,0.26924198250728865,0.22544796812574236,0.25,0.5391861146203346,4
P20dc26cd8ad4,astra,fair,2,0.17554579739009066,0.13566793001651128,0.1998542274052478,0.1888266529329986,0.25,0.48577230553036255,25
Pa955de3b10b3,astra,fair,2,0.08831979587837487,0.12903745002749606,0.12230320699708455,0.1873810747017061,0.25,0.48577230553036255,25
Pa40acd382800,astra,fair,2,0.17924950109379437,0.15119868007007234,0.1998542274052478,0.18912427198061765,0.25,0.48577230553036255,25
Pd40152193acb,astra,fair,2,0.4450847240718745,0.2796644019329403,0.33862973760932946,0.2517518230010258,0.25,0.48577230553036255,25
Pe1e141a5c994,astra,fair,2,0.33454810495626824,0.24535280858328554,0.33454810495626824,0.2868000089420689,0.25,0.4445118090078622,0
P485e9b45a4af,astra,fair,2,0.11666446708018892,0.1322081970490719,0.15495626822157432,0.18745193637971064,0.25,0.48577230553036255,25
Pc66c3be79e86,astra,fair,2,0.08831979587837487,0.12903745002749606,0.12230320699708455,0.1873810747017061,0.25,0.48577230553036255,25
P192f0c2406ee,fable,fair,2,0.1398901668595679,0.1410873125884006,0.3100043402777778,0.26289127878333873,0.25,0.9804492128179078,10
P1eef0272552f,fable,fair,2,0.09694561137783873,0.14641369014783995,0.12875434027777777,0.1884156552005723,0.25,0.5038171484929514,25
P54748871becb,fable,fair,2,0.276883882982777,0.30097284305725674,0.2579210069444445,0.2772761994182594,0.25,0.5038171484929514,25
Pe03501e0f021,fable,fair,2,0.14385919162475233,0.15877369317982518,0.1620876736111111,0.18864241257018682,0.25,0.5038171484929514,25
P7ba2c0f1df76,fable,fair,2,0.24694561137783877,0.3085478561670096,0.25375434027777777,0.2767943400078285,0.25,0.5038171484929514,25
P95d368ec6071,fable,fair,2,0.16076736111111112,0.15197497497571827,0.24750434027777776,0.2547563581484181,0.25,0.30062582069562727,3
P9f6b90361d23,fable,fair,2,0.14385919162475233,0.15877369317982518,0.1620876736111111,0.18864241257018682,0.25,0.5038171484929514,25
P21c9e9372ca4,fable,fair,2,0.197562895328456,0.1322081970490719,0.18708767361111112,0.18745193637971064,0.25,0.5038171484929514,25
P244a9382fb2f,fable,fair,2,0.25167100694444444,0.25932798458757167,0.25167100694444444,0.2815420724341324,0.25,0.7794203854790696,0
P1492e345ffa0,fable,fair,2,0.197562895328456,0.1322081970490719,0.18708767361111112,0.18745193637971064,0.25,0.5038171484929514,25
P8a740d166d04,fable,fair,2,0.14385919162475233,0.15877369317982518,0.1620876736111111,0.18864241257018682,0.25,0.5038171484929514,25
P00d69572c774,fable,fair,2,0.14385919162475233,0.15877369317982518,0.1620876736111111,0.18864241257018682,0.25,0.5038171484929514,25
P57d5c077cb46,mimo,fair,2,0.3112244897959184,0.395847547254487,0.3112244897959184,0.2799831155180326,0.25,0.26147306252589064,0
Pc188c958d714,mimo,fair,2,0.3112244897959184,0.3083044571095597,0.3112244897959184,0.27812653955431377,0.25,0.949182329628158,0
P1b550483bf89,mimo,fair,2,0.30170068027210883,0.2996095228827278,0.30170068027210883,0.2812444533865133,0.25,0.9250889496502391,0
P12ed8c0b9b82,mimo,fair,2,0.2885865457294029,0.21764822904687464,0.32074829931972787,0.23342699306905298,0.25,0.010410545976686034,1
P89b54533bca1,mimo,fair,2,0.3171579743008314,0.3239324262866949,0.26360544217687076,0.25528073456565165,0.25,0.010410545976686034,1
P12808637aa17,astra,fair,3,0.15197750937109536,0.19793777621912628,0.15412328196584757,0.22212766466422168,0.25,0.4821167618955832,28
P014cec60451c,astra,fair,3,0.08340608079966681,0.1201250096090239,0.125551853394419,0.18046099799755502,0.25,0.4821167618955832,28
P4974af736eb2,astra,fair,3,0.4153477717617659,0.28074186939699275,0.4153477717617659,0.324976304120004,0.25,0.005821813076021589,0
P8bac92ce8ef4,astra,fair,3,0.2017053079735295,0.1809500782222406,0.10106205747605164,0.17368662158032147,0.25,0.5259644519935709,4
Pf4056cdfcf28,astra,fair,3,0.3541232819658476,0.2345624768689528,0.3541232819658476,0.275897505934063,0.25,0.0034241512956386094,0
P8887b3906707,astra,fair,3,0.15197750937109536,0.19793777621912628,0.15412328196584757,0.22212766466422168,0.25,0.4821167618955832,28
P2c46a9acae22,astra,fair,3,0.15197750937109536,0.19793777621912628,0.15412328196584757,0.22212766466422168,0.25,0.4821167618955832,28
Pf3e5f0f9cc0a,astra,fair,3,0.18138796334860474,0.14065934376427972,0.35412328196584764,0.26438956942612646,0.25,0.07727235928036649,2
P98d1047afb1a,astra,fair,3,0.08240837151187005,0.12326256989516424,0.3296334860474802,0.3137659866596865,0.25,0.6909574049975438,2
Pa99f77cec0a1,astra,fair,3,0.2275926697209496,0.2554927623993376,0.2275926697209496,0.23173650820163666,0.25,6.592637946578469e-05,0
P8a4517175280,astra,fair,3,0.4561640982923782,0.3632381144941873,0.4561640982923782,0.35405793677306524,0.25,0.09847721706235046,0
Pbe10ca052a70,astra,fair,3,0.1364900041649313,0.15057046317710915,0.33779675135360265,0.31440374176172736,0.25,0.6909574049975438,2
P2da36ec33621,fable,fair,3,0.18999093754128685,0.1201250096090239,0.19142795138888888,0.18046099799755502,0.25,0.46993557544868775,27
Pa25f8ff8195c,fable,fair,3,0.24892461547291092,0.24844974699760408,0.19142795138888888,0.18046099799755502,0.25,0.9915557597546257,9
P056d5858ac14,fable,fair,3,0.2698759950125512,0.3335035531313455,0.24976128472222223,0.282445124981682,0.25,0.46993557544868775,27
P8ab27ea37f5b,fable,fair,3,0.27705990305852823,0.3373886029254671,0.2539279513888889,0.2756707485644484,0.25,0.46993557544868775,27
Pd6ff3e447903,fable,fair,3,0.1977882518365473,0.1977469248327197,0.2601779513888889,0.2727654197662625,0.25,0.9915557597546257,9
P41d7737645f7,fable,fair,3,0.2698759950125512,0.3335035531313455,0.24976128472222223,0.282445124981682,0.25,0.46993557544868775,27
P83091968f534,fable,fair,3,0.3762424045138889,0.3469254942648285,0.3247612847222222,0.2620936510587796,0.25,0.8382191802621805,2
Pea489d686328,fable,fair,3,0.27705990305852823,0.3373886029254671,0.2539279513888889,0.2756707485644484,0.25,0.46993557544868775,27
Pa8f447ac53e1,fable,fair,3,0.16895073784722223,0.17939751763473552,0.4101779513888889,0.35405793677306524,0.25,0.8382191802621805,2
P7291fff573bb,fable,fair,3,0.18999093754128685,0.1201250096090239,0.19142795138888888,0.18046099799755502,0.25,0.46993557544868775,27
P2e6ca13b07a6,fable,fair,3,0.1935112847222222,0.21719799471750062,0.1935112847222222,0.21154092997034413,0.25,0.050980157265684625,0
Pd951da67dd8c,fable,fair,3,0.08884151225393051,0.13037372281294426,0.12476128472222221,0.1818215422152421,0.25,0.46993557544868775,27
Pddd78fb440f7,mimo,fair,3,0.24229024943310656,0.24230251406388942,0.24229024943310656,0.27273707509506073,0.25,0.9994616103056013,0
P52dea007e71a,mimo,fair,3,0.2422902494331066,0.2422239013250255,0.2422902494331066,0.23193492090004936,0.25,0.9990286532130496,0
P101467d8ffeb,mimo,fair,3,0.2041950113378685,0.23805733497182882,0.2041950113378685,0.26206530638757775,0.25,0.5984115290903458,0
P4cc42c0bedb4,mimo,fair,3,0.2803854875283447,0.2737271768640798,0.2803854875283447,0.28682437668236227,0.25,0.628943879024411,0
P105246426604,mimo,fair,3,0.22324263038548753,0.22302015268155168,0.22324263038548753,0.25227222248735093,0.25,0.9880434582597208,0
Ped67f237d3d9,astra,fair,4,0.09347276997638729,0.12665621907848107,0.13796334860474802,0.1755845043988873,0.25,0.4404116529484693,25
P74d5b90292e6,astra,fair,4,0.27321577829082416,0.20302814206021277,0.26449396084964605,0.22773869941022515,0.25,0.4404116529484693,25
P9863953a0560,astra,fair,4,0.08425130361206379,0.12776043534499332,0.11347355268638067,0.1742239601812002,0.25,0.4404116529484693,25
P3dc0ddf8ba0f,astra,fair,4,0.06543044193405925,0.11709436927615768,0.10939192003331943,0.17150287174582607,0.25,0.4404116529484693,25
P6af57c563dab,astra,fair,4,0.3740154565227452,0.32211666807374223,0.39102457309454397,0.31073189668913676,0.25,0.6823851439912619,1
P4d23088c6adb,astra,fair,4,0.10331112036651395,0.12201269804564638,0.2604123281965848,0.22955275836714129,0.25,0.5307149147062079,4
P6c4ed2a57084,astra,fair,4,0.17117496196429355,0.14221867642219282,0.1869429404414827,0.18556182866192583,0.25,0.4404116529484693,25
P11265cd2b39f,astra,fair,4,0.05791087047063724,0.0940491683955337,0.2889837567680133,0.3052897198183885,0.25,0.7515201541374028,3
Pd2fb86333742,astra,fair,4,0.1311144933323964,0.1870613357378232,0.14612661391087048,0.21866840462564469,0.25,0.4404116529484693,25
P4f0d1fedc91a,astra,fair,4,0.22326634735526865,0.25491645005098057,0.22367763431903373,0.23816953841249272,0.25,0.4179413840000992,2
Pb69539c355f6,astra,fair,4,0.21803815168462615,0.2015195768150227,0.21959600166597254,0.23000627310637028,0.25,0.4404116529484693,25
Pa8665223f8cb,astra,fair,4,0.14142107455226988,0.14212280998866056,0.23184089962515614,0.2517749805893635,0.25,0.6844483293023719,3
P5da8d8cf66ce,fable,fair,4,0.09970285529177655,0.14372724166738288,0.12038733860891296,0.18329425496578072,0.25,0.5036942456126869,28
Pf3dc0da5174d,fable,fair,4,0.09970285529177655,0.14372724166738288,0.12038733860891296,0.18329425496578072,0.25,0.5036942456126869,28
P0dd7b00c73d6,fable,fair,4,0.14160761719653847,0.13155261035335716,0.1489587671803415,0.18284074022655167,0.25,0.5036942456126869,28
P2f977b018bbc,fable,fair,4,0.15717590122572894,0.1577770058949961,0.25916284881299456,0.23454142049866053,0.25,0.9714366976286898,9
P73626babdf73,fable,fair,4,0.08954768846314035,0.14752894271777386,0.3122240733027905,0.29123076290228866,0.25,0.5090315945012414,3
P290a7bc4610f,fable,fair,4,0.2558933314822528,0.31582212217380257,0.26324448146605584,0.278985864943105,0.25,0.5036942456126869,28
Pac4a2dbc65f4,fable,fair,4,0.14789946337786253,0.14974348928294856,0.3081424406497293,0.26492690802700525,0.25,0.9714366976286898,9
P4e7c51b7f307,fable,fair,4,0.18405659678837522,0.1640213360723318,0.18569346105789253,0.18964346131498708,0.25,0.5036942456126869,28
P8b6d945e424a,fable,fair,4,0.21273136193252812,0.22078815845137667,0.4020199916701374,0.3538157969158941,0.25,0.8770018371482846,3
Pd9f690761e5e,fable,fair,4,0.20201999167013746,0.2706177607970474,0.20201999167013746,0.22909924362791229,0.25,7.085019495921307e-05,0
Pef6b3fa1ca37,fable,fair,4,0.2558933314822528,0.31582212217380257,0.26324448146605584,0.278985864943105,0.25,0.5036942456126869,28
Pfc06d7e8b518,mimo,fair,4,0.21507936507936506,0.22808675941050266,0.21507936507936506,0.3207092209521753,0.25,0.8852742150746242,0
Pcc1b5661153e,mimo,fair,4,0.2246031746031746,0.22454387365070855,0.2246031746031746,0.23544844997711856,0.25,0.9914314188963135,0
P539df13b98a4,mimo,fair,4,0.27222222222222225,0.27236878265530257,0.27222222222222225,0.31118541142836575,0.25,0.9980938327543296,0
P0deffab57875,mimo,fair,4,0.27222222222222225,0.272222649517686,0.27222222222222225,0.30710377877530454,0.25,0.9999921541073284,0
P5f754207a3ea,mimo,fair,4,0.2912698412698413,0.29126453509032346,0.2912698412698413,0.3107318966891367,0.25,0.22230533230358826,0
