slot_id,task,judge,parent_id,pair_id,condition,order,polarity,prompt,status,valid,parse_reason,strict_valid,wrapped,value,brier_loss,primary,cost_usd,finish_reason
fix:pair:fable:04,fixture_pair,fable,,,,,,,completed,False,multiple_or_no_numbers,False,False,,,False,0.00732,stop
fix:pair:fable:02,fixture_pair,fable,,,,,,,completed,False,multiple_or_no_numbers,False,False,,,False,0.00917,stop
fix:pair:fable:00,fixture_pair,fable,,,,,,,completed,False,multiple_or_no_numbers,False,False,,,False,0.02057,stop
fix:pair:fable:03,fixture_pair,fable,,,,,,,completed,False,multiple_or_no_numbers,False,False,,,False,0.01839,stop
fix:pair:fable:01,fixture_pair,fable,,,,,,,completed,False,multiple_or_no_numbers,False,False,,,False,0.01822,stop
fix:pair:fable:05,fixture_pair,fable,,,,,,,completed,False,multiple_or_no_numbers,False,False,,,False,0.02233,stop
fix:pair:fable:06,fixture_pair,fable,,,,,,,completed,False,multiple_or_no_numbers,False,False,,,False,0.02202,stop
fix:pair:fable:08,fixture_pair,fable,,,,,,,completed,False,multiple_or_no_numbers,False,False,,,False,0.01948,stop
fix:pair:fable:07,fixture_pair,fable,,,,,,,completed,False,multiple_or_no_numbers,False,False,,,False,0.02423,stop
fix:pair:fable:09,fixture_pair,fable,,,,,,,completed,False,multiple_or_no_numbers,False,False,,,False,0.02503,stop
fix:pair:mimo:04,fixture_pair,mimo,,,,,,,completed,False,truncated_length,False,False,,,False,0.003566565,length
fix:pair:mimo:08,fixture_pair,mimo,,,,,,,completed,False,truncated_length,False,False,,,False,0.003566565,length
fix:pair:mimo:09,fixture_pair,mimo,,,,,,,completed,False,truncated_length,False,False,,,False,0.003565695,length
completion:Pf55cf6e8ccb0:fable:withheld,completion,fable,Pf55cf6e8ccb0,,withheld,,H,plain,completed,False,ambiguous_or_missing_payload,False,False,,,True,0.00936,stop
pairs:PR03decbcc6867:swapped:fable,pairs,fable,,PR03decbcc6867,,swapped,SAME,plain,completed,False,multiple_or_no_numbers,False,False,,,True,0.00891,stop
pairs:PR23b60d50b0a9:designated:fable,pairs,fable,,PR23b60d50b0a9,,designated,SAME,fair,completed,False,multiple_or_no_numbers,False,False,,,True,0.00568,stop
pairs:PRbdde5302f996:swapped:fable,pairs,fable,,PRbdde5302f996,,swapped,SAME,plain,completed,False,multiple_or_no_numbers,False,False,,,True,0.00426,stop
pairs:PRe1edec1c89cb:swapped:fable,pairs,fable,,PRe1edec1c89cb,,swapped,SAME,plain,completed,False,multiple_or_no_numbers,False,False,,,True,0.00511,stop
pairs:PRd65166ca3eef:swapped:fable,pairs,fable,,PRd65166ca3eef,,swapped,SAME,plain,completed,False,multiple_or_no_numbers,False,False,,,True,0.00651,stop
pairs:PRb29b3c08adfb:designated:fable,pairs,fable,,PRb29b3c08adfb,,designated,SAME,fair,completed,False,multiple_or_no_numbers,False,False,,,True,0.00608,stop
pairs:PRd65166ca3eef:designated:fable,pairs,fable,,PRd65166ca3eef,,designated,SAME,plain,completed,False,multiple_or_no_numbers,False,False,,,True,0.00596,stop
pairs:PR08c2fc20441d:swapped:fable,pairs,fable,,PR08c2fc20441d,,swapped,SAME,plain,completed,False,multiple_or_no_numbers,False,False,,,True,0.00621,stop
pairs:PRe1edec1c89cb:designated:fable,pairs,fable,,PRe1edec1c89cb,,designated,SAME,plain,completed,False,multiple_or_no_numbers,False,False,,,True,0.00641,stop
pairs:PRe0573ab2bac6:swapped:fable,pairs,fable,,PRe0573ab2bac6,,swapped,SAME,plain,completed,False,multiple_or_no_numbers,False,False,,,True,0.00796,stop
pairs:PRce50e4c69b64:designated:fable,pairs,fable,,PRce50e4c69b64,,designated,SAME,plain,completed,False,multiple_or_no_numbers,False,False,,,True,0.00596,stop
pairs:PRf6c212137626:designated:fable,pairs,fable,,PRf6c212137626,,designated,SAME,plain,completed,False,multiple_or_no_numbers,False,False,,,True,0.00725,stop
pairs:PR93fc446dbd1a:designated:fable,pairs,fable,,PR93fc446dbd1a,,designated,SAME,plain,completed,False,multiple_or_no_numbers,False,False,,,True,0.00921,stop
pairs:PR34e580e44628:designated:fable,pairs,fable,,PR34e580e44628,,designated,SAME,fair,completed,False,multiple_or_no_numbers,False,False,,,True,0.00668,stop
pairs:PRbdde5302f996:designated:fable,pairs,fable,,PRbdde5302f996,,designated,SAME,plain,completed,False,multiple_or_no_numbers,False,False,,,True,0.00581,stop
pairs:PR23b60d50b0a9:swapped:fable,pairs,fable,,PR23b60d50b0a9,,swapped,SAME,fair,completed,False,multiple_or_no_numbers,False,False,,,True,0.00493,stop
pairs:PR88b219c13c0d:swapped:fable,pairs,fable,,PR88b219c13c0d,,swapped,SAME,fair,completed,False,multiple_or_no_numbers,False,False,,,True,0.00558,stop
pair_repeat:PR08c2fc20441d:designated:fable,pair_repeat,fable,,PR08c2fc20441d,,designated,SAME,plain,completed,False,multiple_or_no_numbers,False,False,,,False,0.00441,stop
pair_repeat:PRce50e4c69b64:designated:fable,pair_repeat,fable,,PRce50e4c69b64,,designated,SAME,plain,completed,False,multiple_or_no_numbers,False,False,,,False,0.00606,stop
pair_repeat:PR23b60d50b0a9:designated:fable,pair_repeat,fable,,PR23b60d50b0a9,,designated,SAME,fair,completed,False,multiple_or_no_numbers,False,False,,,False,0.00533,stop
pair_polarity:PR08c2fc20441d:designated:fable,pair_polarity,fable,,PR08c2fc20441d,,designated,DIFFERENT,plain,completed,False,multiple_or_no_numbers,False,False,,,False,0.00461,stop
fix:named:mimo:04,fixture_named,mimo,,,,,,,completed,False,ambiguous_or_missing_payload,False,False,,,False,0.0001305,stop
fix:named:mimo:05,fixture_named,mimo,,,,,,,completed,False,object_sum_not_one,False,True,,,False,0.000124845,stop
