trial_id,judge_label,wording_condition,target_label,procedure,replicate,feature
astra|NAMED|astra|batch|00,astra,NAMED,astra,batch,0,switch_rate
astra|NAMED|astra|batch|01,astra,NAMED,astra,batch,1,switch_rate
astra|NAMED|astra|batch|02,astra,NAMED,astra,batch,2,switch_rate
astra|NAMED|astra|batch|03,astra,NAMED,astra,batch,3,switch_rate
astra|NAMED|astra|batch|04,astra,NAMED,astra,batch,4,switch_rate
astra|NAMED|astra|batch|05,astra,NAMED,astra,batch,5,switch_rate
astra|NAMED|astra|batch|06,astra,NAMED,astra,batch,6,switch_rate
astra|NAMED|astra|batch|07,astra,NAMED,astra,batch,7,switch_rate
astra|NAMED|astra|batch|08,astra,NAMED,astra,batch,8,switch_rate
astra|NAMED|astra|batch|09,astra,NAMED,astra,batch,9,switch_rate
astra|SELF|astra|batch|00,astra,SELF,astra,batch,0,switch_rate
astra|SELF|astra|batch|01,astra,SELF,astra,batch,1,switch_rate
astra|SELF|astra|batch|02,astra,SELF,astra,batch,2,switch_rate
astra|SELF|astra|batch|03,astra,SELF,astra,batch,3,switch_rate
astra|SELF|astra|batch|04,astra,SELF,astra,batch,4,switch_rate
astra|SELF|astra|batch|05,astra,SELF,astra,batch,5,switch_rate
astra|SELF|astra|batch|06,astra,SELF,astra,batch,6,switch_rate
astra|SELF|astra|batch|07,astra,SELF,astra,batch,7,switch_rate
astra|SELF|astra|batch|08,astra,SELF,astra,batch,8,switch_rate
astra|SELF|astra|batch|09,astra,SELF,astra,batch,9,switch_rate
astra|NAMED|astra|history_conditioned|00,astra,NAMED,astra,history_conditioned,0,switch_rate
astra|NAMED|astra|history_conditioned|01,astra,NAMED,astra,history_conditioned,1,switch_rate
astra|NAMED|astra|history_conditioned|02,astra,NAMED,astra,history_conditioned,2,switch_rate
astra|NAMED|astra|history_conditioned|03,astra,NAMED,astra,history_conditioned,3,switch_rate
astra|NAMED|astra|history_conditioned|04,astra,NAMED,astra,history_conditioned,4,switch_rate
astra|NAMED|astra|history_conditioned|05,astra,NAMED,astra,history_conditioned,5,switch_rate
astra|NAMED|astra|history_conditioned|06,astra,NAMED,astra,history_conditioned,6,switch_rate
astra|NAMED|astra|history_conditioned|07,astra,NAMED,astra,history_conditioned,7,switch_rate
astra|NAMED|astra|history_conditioned|08,astra,NAMED,astra,history_conditioned,8,switch_rate
astra|NAMED|astra|history_conditioned|09,astra,NAMED,astra,history_conditioned,9,switch_rate
astra|SELF|astra|history_conditioned|00,astra,SELF,astra,history_conditioned,0,switch_rate
astra|SELF|astra|history_conditioned|01,astra,SELF,astra,history_conditioned,1,switch_rate
astra|SELF|astra|history_conditioned|02,astra,SELF,astra,history_conditioned,2,switch_rate
astra|SELF|astra|history_conditioned|03,astra,SELF,astra,history_conditioned,3,switch_rate
astra|SELF|astra|history_conditioned|04,astra,SELF,astra,history_conditioned,4,switch_rate
astra|SELF|astra|history_conditioned|05,astra,SELF,astra,history_conditioned,5,switch_rate
astra|SELF|astra|history_conditioned|06,astra,SELF,astra,history_conditioned,6,switch_rate
astra|SELF|astra|history_conditioned|07,astra,SELF,astra,history_conditioned,7,switch_rate
astra|SELF|astra|history_conditioned|08,astra,SELF,astra,history_conditioned,8,switch_rate
astra|SELF|astra|history_conditioned|09,astra,SELF,astra,history_conditioned,9,switch_rate
astra|NAMED|astra|independent_calls|00,astra,NAMED,astra,independent_calls,0,switch_rate
astra|NAMED|astra|independent_calls|01,astra,NAMED,astra,independent_calls,1,switch_rate
astra|NAMED|astra|independent_calls|02,astra,NAMED,astra,independent_calls,2,switch_rate
astra|NAMED|astra|independent_calls|03,astra,NAMED,astra,independent_calls,3,switch_rate
astra|NAMED|astra|independent_calls|04,astra,NAMED,astra,independent_calls,4,switch_rate
astra|NAMED|astra|independent_calls|05,astra,NAMED,astra,independent_calls,5,switch_rate
astra|NAMED|astra|independent_calls|06,astra,NAMED,astra,independent_calls,6,switch_rate
astra|NAMED|astra|independent_calls|07,astra,NAMED,astra,independent_calls,7,switch_rate
astra|NAMED|astra|independent_calls|08,astra,NAMED,astra,independent_calls,8,switch_rate
astra|NAMED|astra|independent_calls|09,astra,NAMED,astra,independent_calls,9,switch_rate
astra|SELF|astra|independent_calls|00,astra,SELF,astra,independent_calls,0,switch_rate
astra|SELF|astra|independent_calls|01,astra,SELF,astra,independent_calls,1,switch_rate
astra|SELF|astra|independent_calls|02,astra,SELF,astra,independent_calls,2,switch_rate
astra|SELF|astra|independent_calls|03,astra,SELF,astra,independent_calls,3,switch_rate
astra|SELF|astra|independent_calls|04,astra,SELF,astra,independent_calls,4,switch_rate
astra|SELF|astra|independent_calls|05,astra,SELF,astra,independent_calls,5,switch_rate
astra|SELF|astra|independent_calls|06,astra,SELF,astra,independent_calls,6,switch_rate
astra|SELF|astra|independent_calls|07,astra,SELF,astra,independent_calls,7,switch_rate
astra|SELF|astra|independent_calls|08,astra,SELF,astra,independent_calls,8,switch_rate
astra|SELF|astra|independent_calls|09,astra,SELF,astra,independent_calls,9,switch_rate
astra|NAMED|fable|batch|00,astra,NAMED,fable,batch,0,switch_rate
astra|NAMED|fable|batch|01,astra,NAMED,fable,batch,1,switch_rate
astra|NAMED|fable|batch|02,astra,NAMED,fable,batch,2,switch_rate
astra|NAMED|fable|batch|03,astra,NAMED,fable,batch,3,switch_rate
astra|NAMED|fable|batch|04,astra,NAMED,fable,batch,4,switch_rate
astra|NAMED|fable|batch|05,astra,NAMED,fable,batch,5,switch_rate
astra|NAMED|fable|batch|06,astra,NAMED,fable,batch,6,switch_rate
astra|NAMED|fable|batch|07,astra,NAMED,fable,batch,7,switch_rate
astra|NAMED|fable|batch|08,astra,NAMED,fable,batch,8,switch_rate
astra|NAMED|fable|batch|09,astra,NAMED,fable,batch,9,switch_rate
astra|NAMED|fable|history_conditioned|00,astra,NAMED,fable,history_conditioned,0,switch_rate
astra|NAMED|fable|history_conditioned|01,astra,NAMED,fable,history_conditioned,1,switch_rate
astra|NAMED|fable|history_conditioned|02,astra,NAMED,fable,history_conditioned,2,switch_rate
astra|NAMED|fable|history_conditioned|03,astra,NAMED,fable,history_conditioned,3,switch_rate
astra|NAMED|fable|history_conditioned|04,astra,NAMED,fable,history_conditioned,4,switch_rate
astra|NAMED|fable|history_conditioned|05,astra,NAMED,fable,history_conditioned,5,switch_rate
astra|NAMED|fable|history_conditioned|06,astra,NAMED,fable,history_conditioned,6,switch_rate
astra|NAMED|fable|history_conditioned|07,astra,NAMED,fable,history_conditioned,7,switch_rate
astra|NAMED|fable|history_conditioned|08,astra,NAMED,fable,history_conditioned,8,switch_rate
astra|NAMED|fable|history_conditioned|09,astra,NAMED,fable,history_conditioned,9,switch_rate
astra|NAMED|fable|independent_calls|00,astra,NAMED,fable,independent_calls,0,switch_rate
astra|NAMED|fable|independent_calls|01,astra,NAMED,fable,independent_calls,1,switch_rate
astra|NAMED|fable|independent_calls|02,astra,NAMED,fable,independent_calls,2,switch_rate
astra|NAMED|fable|independent_calls|03,astra,NAMED,fable,independent_calls,3,switch_rate
astra|NAMED|fable|independent_calls|04,astra,NAMED,fable,independent_calls,4,switch_rate
astra|NAMED|fable|independent_calls|05,astra,NAMED,fable,independent_calls,5,switch_rate
astra|NAMED|fable|independent_calls|06,astra,NAMED,fable,independent_calls,6,switch_rate
astra|NAMED|fable|independent_calls|07,astra,NAMED,fable,independent_calls,7,switch_rate
astra|NAMED|fable|independent_calls|08,astra,NAMED,fable,independent_calls,8,switch_rate
astra|NAMED|fable|independent_calls|09,astra,NAMED,fable,independent_calls,9,switch_rate
astra|NAMED|mimo|batch|00,astra,NAMED,mimo,batch,0,switch_rate
astra|NAMED|mimo|batch|01,astra,NAMED,mimo,batch,1,switch_rate
astra|NAMED|mimo|batch|02,astra,NAMED,mimo,batch,2,switch_rate
astra|NAMED|mimo|batch|03,astra,NAMED,mimo,batch,3,switch_rate
astra|NAMED|mimo|batch|04,astra,NAMED,mimo,batch,4,switch_rate
astra|NAMED|mimo|batch|05,astra,NAMED,mimo,batch,5,switch_rate
astra|NAMED|mimo|batch|06,astra,NAMED,mimo,batch,6,switch_rate
astra|NAMED|mimo|batch|07,astra,NAMED,mimo,batch,7,switch_rate
astra|NAMED|mimo|batch|08,astra,NAMED,mimo,batch,8,switch_rate
astra|NAMED|mimo|batch|09,astra,NAMED,mimo,batch,9,switch_rate
astra|NAMED|mimo|history_conditioned|00,astra,NAMED,mimo,history_conditioned,0,switch_rate
astra|NAMED|mimo|history_conditioned|01,astra,NAMED,mimo,history_conditioned,1,switch_rate
astra|NAMED|mimo|history_conditioned|02,astra,NAMED,mimo,history_conditioned,2,switch_rate
astra|NAMED|mimo|history_conditioned|03,astra,NAMED,mimo,history_conditioned,3,switch_rate
astra|NAMED|mimo|history_conditioned|04,astra,NAMED,mimo,history_conditioned,4,switch_rate
astra|NAMED|mimo|history_conditioned|05,astra,NAMED,mimo,history_conditioned,5,switch_rate
astra|NAMED|mimo|history_conditioned|06,astra,NAMED,mimo,history_conditioned,6,switch_rate
astra|NAMED|mimo|history_conditioned|07,astra,NAMED,mimo,history_conditioned,7,switch_rate
astra|NAMED|mimo|history_conditioned|08,astra,NAMED,mimo,history_conditioned,8,switch_rate
astra|NAMED|mimo|history_conditioned|09,astra,NAMED,mimo,history_conditioned,9,switch_rate
astra|NAMED|mimo|independent_calls|00,astra,NAMED,mimo,independent_calls,0,switch_rate
astra|NAMED|mimo|independent_calls|01,astra,NAMED,mimo,independent_calls,1,switch_rate
astra|NAMED|mimo|independent_calls|02,astra,NAMED,mimo,independent_calls,2,switch_rate
astra|NAMED|mimo|independent_calls|03,astra,NAMED,mimo,independent_calls,3,switch_rate
astra|NAMED|mimo|independent_calls|04,astra,NAMED,mimo,independent_calls,4,switch_rate
astra|NAMED|mimo|independent_calls|05,astra,NAMED,mimo,independent_calls,5,switch_rate
astra|NAMED|mimo|independent_calls|06,astra,NAMED,mimo,independent_calls,6,switch_rate
astra|NAMED|mimo|independent_calls|07,astra,NAMED,mimo,independent_calls,7,switch_rate
astra|NAMED|mimo|independent_calls|08,astra,NAMED,mimo,independent_calls,8,switch_rate
astra|NAMED|mimo|independent_calls|09,astra,NAMED,mimo,independent_calls,9,switch_rate
fable|NAMED|astra|batch|00,fable,NAMED,astra,batch,0,switch_rate
fable|NAMED|astra|batch|01,fable,NAMED,astra,batch,1,switch_rate
fable|NAMED|astra|batch|02,fable,NAMED,astra,batch,2,switch_rate
fable|NAMED|astra|batch|03,fable,NAMED,astra,batch,3,switch_rate
fable|NAMED|astra|batch|04,fable,NAMED,astra,batch,4,switch_rate
fable|NAMED|astra|batch|05,fable,NAMED,astra,batch,5,switch_rate
fable|NAMED|astra|batch|06,fable,NAMED,astra,batch,6,switch_rate
fable|NAMED|astra|batch|07,fable,NAMED,astra,batch,7,switch_rate
fable|NAMED|astra|batch|08,fable,NAMED,astra,batch,8,switch_rate
fable|NAMED|astra|batch|09,fable,NAMED,astra,batch,9,switch_rate
fable|NAMED|astra|history_conditioned|00,fable,NAMED,astra,history_conditioned,0,switch_rate
fable|NAMED|astra|history_conditioned|01,fable,NAMED,astra,history_conditioned,1,switch_rate
fable|NAMED|astra|history_conditioned|02,fable,NAMED,astra,history_conditioned,2,switch_rate
fable|NAMED|astra|history_conditioned|03,fable,NAMED,astra,history_conditioned,3,switch_rate
fable|NAMED|astra|history_conditioned|04,fable,NAMED,astra,history_conditioned,4,switch_rate
fable|NAMED|astra|history_conditioned|05,fable,NAMED,astra,history_conditioned,5,switch_rate
fable|NAMED|astra|history_conditioned|06,fable,NAMED,astra,history_conditioned,6,switch_rate
fable|NAMED|astra|history_conditioned|07,fable,NAMED,astra,history_conditioned,7,switch_rate
fable|NAMED|astra|history_conditioned|08,fable,NAMED,astra,history_conditioned,8,switch_rate
fable|NAMED|astra|history_conditioned|09,fable,NAMED,astra,history_conditioned,9,switch_rate
fable|NAMED|astra|independent_calls|00,fable,NAMED,astra,independent_calls,0,switch_rate
fable|NAMED|astra|independent_calls|01,fable,NAMED,astra,independent_calls,1,switch_rate
fable|NAMED|astra|independent_calls|02,fable,NAMED,astra,independent_calls,2,switch_rate
fable|NAMED|astra|independent_calls|03,fable,NAMED,astra,independent_calls,3,switch_rate
fable|NAMED|astra|independent_calls|04,fable,NAMED,astra,independent_calls,4,switch_rate
fable|NAMED|astra|independent_calls|05,fable,NAMED,astra,independent_calls,5,switch_rate
fable|NAMED|astra|independent_calls|06,fable,NAMED,astra,independent_calls,6,switch_rate
fable|NAMED|astra|independent_calls|07,fable,NAMED,astra,independent_calls,7,switch_rate
fable|NAMED|astra|independent_calls|08,fable,NAMED,astra,independent_calls,8,switch_rate
fable|NAMED|astra|independent_calls|09,fable,NAMED,astra,independent_calls,9,switch_rate
fable|NAMED|fable|batch|00,fable,NAMED,fable,batch,0,switch_rate
fable|NAMED|fable|batch|01,fable,NAMED,fable,batch,1,switch_rate
fable|NAMED|fable|batch|02,fable,NAMED,fable,batch,2,switch_rate
fable|NAMED|fable|batch|03,fable,NAMED,fable,batch,3,switch_rate
fable|NAMED|fable|batch|04,fable,NAMED,fable,batch,4,switch_rate
fable|NAMED|fable|batch|05,fable,NAMED,fable,batch,5,switch_rate
fable|NAMED|fable|batch|06,fable,NAMED,fable,batch,6,switch_rate
fable|NAMED|fable|batch|07,fable,NAMED,fable,batch,7,switch_rate
fable|NAMED|fable|batch|08,fable,NAMED,fable,batch,8,switch_rate
fable|NAMED|fable|batch|09,fable,NAMED,fable,batch,9,switch_rate
fable|SELF|fable|batch|00,fable,SELF,fable,batch,0,switch_rate
fable|SELF|fable|batch|01,fable,SELF,fable,batch,1,switch_rate
fable|SELF|fable|batch|02,fable,SELF,fable,batch,2,switch_rate
fable|SELF|fable|batch|03,fable,SELF,fable,batch,3,switch_rate
fable|SELF|fable|batch|04,fable,SELF,fable,batch,4,switch_rate
fable|SELF|fable|batch|05,fable,SELF,fable,batch,5,switch_rate
fable|SELF|fable|batch|06,fable,SELF,fable,batch,6,switch_rate
fable|SELF|fable|batch|07,fable,SELF,fable,batch,7,switch_rate
fable|SELF|fable|batch|08,fable,SELF,fable,batch,8,switch_rate
fable|SELF|fable|batch|09,fable,SELF,fable,batch,9,switch_rate
fable|NAMED|fable|history_conditioned|00,fable,NAMED,fable,history_conditioned,0,switch_rate
fable|NAMED|fable|history_conditioned|01,fable,NAMED,fable,history_conditioned,1,switch_rate
fable|NAMED|fable|history_conditioned|02,fable,NAMED,fable,history_conditioned,2,switch_rate
fable|NAMED|fable|history_conditioned|03,fable,NAMED,fable,history_conditioned,3,switch_rate
fable|NAMED|fable|history_conditioned|04,fable,NAMED,fable,history_conditioned,4,switch_rate
fable|NAMED|fable|history_conditioned|05,fable,NAMED,fable,history_conditioned,5,switch_rate
fable|NAMED|fable|history_conditioned|06,fable,NAMED,fable,history_conditioned,6,switch_rate
fable|NAMED|fable|history_conditioned|07,fable,NAMED,fable,history_conditioned,7,switch_rate
fable|NAMED|fable|history_conditioned|08,fable,NAMED,fable,history_conditioned,8,switch_rate
fable|NAMED|fable|history_conditioned|09,fable,NAMED,fable,history_conditioned,9,switch_rate
fable|SELF|fable|history_conditioned|00,fable,SELF,fable,history_conditioned,0,switch_rate
fable|SELF|fable|history_conditioned|01,fable,SELF,fable,history_conditioned,1,switch_rate
fable|SELF|fable|history_conditioned|02,fable,SELF,fable,history_conditioned,2,switch_rate
fable|SELF|fable|history_conditioned|03,fable,SELF,fable,history_conditioned,3,switch_rate
fable|SELF|fable|history_conditioned|04,fable,SELF,fable,history_conditioned,4,switch_rate
fable|SELF|fable|history_conditioned|05,fable,SELF,fable,history_conditioned,5,switch_rate
fable|SELF|fable|history_conditioned|06,fable,SELF,fable,history_conditioned,6,switch_rate
fable|SELF|fable|history_conditioned|07,fable,SELF,fable,history_conditioned,7,switch_rate
fable|SELF|fable|history_conditioned|08,fable,SELF,fable,history_conditioned,8,switch_rate
fable|SELF|fable|history_conditioned|09,fable,SELF,fable,history_conditioned,9,switch_rate
fable|NAMED|fable|independent_calls|00,fable,NAMED,fable,independent_calls,0,switch_rate
fable|NAMED|fable|independent_calls|01,fable,NAMED,fable,independent_calls,1,switch_rate
fable|NAMED|fable|independent_calls|02,fable,NAMED,fable,independent_calls,2,switch_rate
fable|NAMED|fable|independent_calls|03,fable,NAMED,fable,independent_calls,3,switch_rate
fable|NAMED|fable|independent_calls|04,fable,NAMED,fable,independent_calls,4,switch_rate
fable|NAMED|fable|independent_calls|05,fable,NAMED,fable,independent_calls,5,switch_rate
fable|NAMED|fable|independent_calls|06,fable,NAMED,fable,independent_calls,6,switch_rate
fable|NAMED|fable|independent_calls|07,fable,NAMED,fable,independent_calls,7,switch_rate
fable|NAMED|fable|independent_calls|08,fable,NAMED,fable,independent_calls,8,switch_rate
fable|NAMED|fable|independent_calls|09,fable,NAMED,fable,independent_calls,9,switch_rate
fable|SELF|fable|independent_calls|00,fable,SELF,fable,independent_calls,0,switch_rate
fable|SELF|fable|independent_calls|01,fable,SELF,fable,independent_calls,1,switch_rate
fable|SELF|fable|independent_calls|02,fable,SELF,fable,independent_calls,2,switch_rate
fable|SELF|fable|independent_calls|03,fable,SELF,fable,independent_calls,3,switch_rate
fable|SELF|fable|independent_calls|04,fable,SELF,fable,independent_calls,4,switch_rate
fable|SELF|fable|independent_calls|05,fable,SELF,fable,independent_calls,5,switch_rate
fable|SELF|fable|independent_calls|06,fable,SELF,fable,independent_calls,6,switch_rate
fable|SELF|fable|independent_calls|07,fable,SELF,fable,independent_calls,7,switch_rate
fable|SELF|fable|independent_calls|08,fable,SELF,fable,independent_calls,8,switch_rate
fable|SELF|fable|independent_calls|09,fable,SELF,fable,independent_calls,9,switch_rate
fable|NAMED|mimo|batch|00,fable,NAMED,mimo,batch,0,switch_rate
fable|NAMED|mimo|batch|01,fable,NAMED,mimo,batch,1,switch_rate
fable|NAMED|mimo|batch|02,fable,NAMED,mimo,batch,2,switch_rate
fable|NAMED|mimo|batch|03,fable,NAMED,mimo,batch,3,switch_rate
fable|NAMED|mimo|batch|04,fable,NAMED,mimo,batch,4,switch_rate
fable|NAMED|mimo|batch|05,fable,NAMED,mimo,batch,5,switch_rate
fable|NAMED|mimo|batch|06,fable,NAMED,mimo,batch,6,switch_rate
fable|NAMED|mimo|batch|07,fable,NAMED,mimo,batch,7,switch_rate
fable|NAMED|mimo|batch|08,fable,NAMED,mimo,batch,8,switch_rate
fable|NAMED|mimo|batch|09,fable,NAMED,mimo,batch,9,switch_rate
fable|NAMED|mimo|history_conditioned|00,fable,NAMED,mimo,history_conditioned,0,switch_rate
fable|NAMED|mimo|history_conditioned|01,fable,NAMED,mimo,history_conditioned,1,switch_rate
fable|NAMED|mimo|history_conditioned|02,fable,NAMED,mimo,history_conditioned,2,switch_rate
fable|NAMED|mimo|history_conditioned|03,fable,NAMED,mimo,history_conditioned,3,switch_rate
fable|NAMED|mimo|history_conditioned|04,fable,NAMED,mimo,history_conditioned,4,switch_rate
fable|NAMED|mimo|history_conditioned|05,fable,NAMED,mimo,history_conditioned,5,switch_rate
fable|NAMED|mimo|history_conditioned|06,fable,NAMED,mimo,history_conditioned,6,switch_rate
fable|NAMED|mimo|history_conditioned|07,fable,NAMED,mimo,history_conditioned,7,switch_rate
fable|NAMED|mimo|history_conditioned|08,fable,NAMED,mimo,history_conditioned,8,switch_rate
fable|NAMED|mimo|history_conditioned|09,fable,NAMED,mimo,history_conditioned,9,switch_rate
fable|NAMED|mimo|independent_calls|00,fable,NAMED,mimo,independent_calls,0,switch_rate
fable|NAMED|mimo|independent_calls|01,fable,NAMED,mimo,independent_calls,1,switch_rate
fable|NAMED|mimo|independent_calls|02,fable,NAMED,mimo,independent_calls,2,switch_rate
fable|NAMED|mimo|independent_calls|03,fable,NAMED,mimo,independent_calls,3,switch_rate
fable|NAMED|mimo|independent_calls|04,fable,NAMED,mimo,independent_calls,4,switch_rate
fable|NAMED|mimo|independent_calls|05,fable,NAMED,mimo,independent_calls,5,switch_rate
fable|NAMED|mimo|independent_calls|06,fable,NAMED,mimo,independent_calls,6,switch_rate
fable|NAMED|mimo|independent_calls|07,fable,NAMED,mimo,independent_calls,7,switch_rate
fable|NAMED|mimo|independent_calls|08,fable,NAMED,mimo,independent_calls,8,switch_rate
fable|NAMED|mimo|independent_calls|09,fable,NAMED,mimo,independent_calls,9,switch_rate
mimo|NAMED|astra|batch|00,mimo,NAMED,astra,batch,0,switch_rate
mimo|NAMED|astra|batch|01,mimo,NAMED,astra,batch,1,switch_rate
mimo|NAMED|astra|batch|02,mimo,NAMED,astra,batch,2,switch_rate
mimo|NAMED|astra|batch|03,mimo,NAMED,astra,batch,3,switch_rate
mimo|NAMED|astra|batch|04,mimo,NAMED,astra,batch,4,switch_rate
mimo|NAMED|astra|batch|05,mimo,NAMED,astra,batch,5,switch_rate
mimo|NAMED|astra|batch|06,mimo,NAMED,astra,batch,6,switch_rate
mimo|NAMED|astra|batch|07,mimo,NAMED,astra,batch,7,switch_rate
mimo|NAMED|astra|batch|08,mimo,NAMED,astra,batch,8,switch_rate
mimo|NAMED|astra|batch|09,mimo,NAMED,astra,batch,9,switch_rate
mimo|NAMED|astra|history_conditioned|00,mimo,NAMED,astra,history_conditioned,0,switch_rate
mimo|NAMED|astra|history_conditioned|01,mimo,NAMED,astra,history_conditioned,1,switch_rate
mimo|NAMED|astra|history_conditioned|02,mimo,NAMED,astra,history_conditioned,2,switch_rate
mimo|NAMED|astra|history_conditioned|03,mimo,NAMED,astra,history_conditioned,3,switch_rate
mimo|NAMED|astra|history_conditioned|04,mimo,NAMED,astra,history_conditioned,4,switch_rate
mimo|NAMED|astra|history_conditioned|05,mimo,NAMED,astra,history_conditioned,5,switch_rate
mimo|NAMED|astra|history_conditioned|06,mimo,NAMED,astra,history_conditioned,6,switch_rate
mimo|NAMED|astra|history_conditioned|07,mimo,NAMED,astra,history_conditioned,7,switch_rate
mimo|NAMED|astra|history_conditioned|08,mimo,NAMED,astra,history_conditioned,8,switch_rate
mimo|NAMED|astra|history_conditioned|09,mimo,NAMED,astra,history_conditioned,9,switch_rate
mimo|NAMED|astra|independent_calls|00,mimo,NAMED,astra,independent_calls,0,switch_rate
mimo|NAMED|astra|independent_calls|01,mimo,NAMED,astra,independent_calls,1,switch_rate
mimo|NAMED|astra|independent_calls|02,mimo,NAMED,astra,independent_calls,2,switch_rate
mimo|NAMED|astra|independent_calls|03,mimo,NAMED,astra,independent_calls,3,switch_rate
mimo|NAMED|astra|independent_calls|04,mimo,NAMED,astra,independent_calls,4,switch_rate
mimo|NAMED|astra|independent_calls|05,mimo,NAMED,astra,independent_calls,5,switch_rate
mimo|NAMED|astra|independent_calls|06,mimo,NAMED,astra,independent_calls,6,switch_rate
mimo|NAMED|astra|independent_calls|07,mimo,NAMED,astra,independent_calls,7,switch_rate
mimo|NAMED|astra|independent_calls|08,mimo,NAMED,astra,independent_calls,8,switch_rate
mimo|NAMED|astra|independent_calls|09,mimo,NAMED,astra,independent_calls,9,switch_rate
mimo|NAMED|fable|batch|00,mimo,NAMED,fable,batch,0,switch_rate
mimo|NAMED|fable|batch|01,mimo,NAMED,fable,batch,1,switch_rate
mimo|NAMED|fable|batch|02,mimo,NAMED,fable,batch,2,switch_rate
mimo|NAMED|fable|batch|03,mimo,NAMED,fable,batch,3,switch_rate
mimo|NAMED|fable|batch|04,mimo,NAMED,fable,batch,4,switch_rate
mimo|NAMED|fable|batch|05,mimo,NAMED,fable,batch,5,switch_rate
mimo|NAMED|fable|batch|06,mimo,NAMED,fable,batch,6,switch_rate
mimo|NAMED|fable|batch|07,mimo,NAMED,fable,batch,7,switch_rate
mimo|NAMED|fable|batch|08,mimo,NAMED,fable,batch,8,switch_rate
mimo|NAMED|fable|batch|09,mimo,NAMED,fable,batch,9,switch_rate
mimo|NAMED|fable|history_conditioned|00,mimo,NAMED,fable,history_conditioned,0,switch_rate
mimo|NAMED|fable|history_conditioned|01,mimo,NAMED,fable,history_conditioned,1,switch_rate
mimo|NAMED|fable|history_conditioned|02,mimo,NAMED,fable,history_conditioned,2,switch_rate
mimo|NAMED|fable|history_conditioned|03,mimo,NAMED,fable,history_conditioned,3,switch_rate
mimo|NAMED|fable|history_conditioned|04,mimo,NAMED,fable,history_conditioned,4,switch_rate
mimo|NAMED|fable|history_conditioned|05,mimo,NAMED,fable,history_conditioned,5,switch_rate
mimo|NAMED|fable|history_conditioned|06,mimo,NAMED,fable,history_conditioned,6,switch_rate
mimo|NAMED|fable|history_conditioned|07,mimo,NAMED,fable,history_conditioned,7,switch_rate
mimo|NAMED|fable|history_conditioned|08,mimo,NAMED,fable,history_conditioned,8,switch_rate
mimo|NAMED|fable|history_conditioned|09,mimo,NAMED,fable,history_conditioned,9,switch_rate
mimo|NAMED|fable|independent_calls|00,mimo,NAMED,fable,independent_calls,0,switch_rate
mimo|NAMED|fable|independent_calls|01,mimo,NAMED,fable,independent_calls,1,switch_rate
mimo|NAMED|fable|independent_calls|02,mimo,NAMED,fable,independent_calls,2,switch_rate
mimo|NAMED|fable|independent_calls|03,mimo,NAMED,fable,independent_calls,3,switch_rate
mimo|NAMED|fable|independent_calls|04,mimo,NAMED,fable,independent_calls,4,switch_rate
mimo|NAMED|fable|independent_calls|05,mimo,NAMED,fable,independent_calls,5,switch_rate
mimo|NAMED|fable|independent_calls|06,mimo,NAMED,fable,independent_calls,6,switch_rate
mimo|NAMED|fable|independent_calls|07,mimo,NAMED,fable,independent_calls,7,switch_rate
mimo|NAMED|fable|independent_calls|08,mimo,NAMED,fable,independent_calls,8,switch_rate
mimo|NAMED|fable|independent_calls|09,mimo,NAMED,fable,independent_calls,9,switch_rate
mimo|NAMED|mimo|batch|00,mimo,NAMED,mimo,batch,0,switch_rate
mimo|NAMED|mimo|batch|01,mimo,NAMED,mimo,batch,1,switch_rate
mimo|NAMED|mimo|batch|02,mimo,NAMED,mimo,batch,2,switch_rate
mimo|NAMED|mimo|batch|03,mimo,NAMED,mimo,batch,3,switch_rate
mimo|NAMED|mimo|batch|04,mimo,NAMED,mimo,batch,4,switch_rate
mimo|NAMED|mimo|batch|05,mimo,NAMED,mimo,batch,5,switch_rate
mimo|NAMED|mimo|batch|06,mimo,NAMED,mimo,batch,6,switch_rate
mimo|NAMED|mimo|batch|07,mimo,NAMED,mimo,batch,7,switch_rate
mimo|NAMED|mimo|batch|08,mimo,NAMED,mimo,batch,8,switch_rate
mimo|NAMED|mimo|batch|09,mimo,NAMED,mimo,batch,9,switch_rate
mimo|SELF|mimo|batch|00,mimo,SELF,mimo,batch,0,switch_rate
mimo|SELF|mimo|batch|01,mimo,SELF,mimo,batch,1,switch_rate
mimo|SELF|mimo|batch|02,mimo,SELF,mimo,batch,2,switch_rate
mimo|SELF|mimo|batch|03,mimo,SELF,mimo,batch,3,switch_rate
mimo|SELF|mimo|batch|04,mimo,SELF,mimo,batch,4,switch_rate
mimo|SELF|mimo|batch|05,mimo,SELF,mimo,batch,5,switch_rate
mimo|SELF|mimo|batch|06,mimo,SELF,mimo,batch,6,switch_rate
mimo|SELF|mimo|batch|07,mimo,SELF,mimo,batch,7,switch_rate
mimo|SELF|mimo|batch|08,mimo,SELF,mimo,batch,8,switch_rate
mimo|SELF|mimo|batch|09,mimo,SELF,mimo,batch,9,switch_rate
mimo|NAMED|mimo|history_conditioned|00,mimo,NAMED,mimo,history_conditioned,0,switch_rate
mimo|NAMED|mimo|history_conditioned|01,mimo,NAMED,mimo,history_conditioned,1,switch_rate
mimo|NAMED|mimo|history_conditioned|02,mimo,NAMED,mimo,history_conditioned,2,switch_rate
mimo|NAMED|mimo|history_conditioned|03,mimo,NAMED,mimo,history_conditioned,3,switch_rate
mimo|NAMED|mimo|history_conditioned|04,mimo,NAMED,mimo,history_conditioned,4,switch_rate
mimo|NAMED|mimo|history_conditioned|05,mimo,NAMED,mimo,history_conditioned,5,switch_rate
mimo|NAMED|mimo|history_conditioned|06,mimo,NAMED,mimo,history_conditioned,6,switch_rate
mimo|NAMED|mimo|history_conditioned|07,mimo,NAMED,mimo,history_conditioned,7,switch_rate
mimo|NAMED|mimo|history_conditioned|08,mimo,NAMED,mimo,history_conditioned,8,switch_rate
mimo|NAMED|mimo|history_conditioned|09,mimo,NAMED,mimo,history_conditioned,9,switch_rate
mimo|SELF|mimo|history_conditioned|00,mimo,SELF,mimo,history_conditioned,0,switch_rate
mimo|SELF|mimo|history_conditioned|01,mimo,SELF,mimo,history_conditioned,1,switch_rate
mimo|SELF|mimo|history_conditioned|02,mimo,SELF,mimo,history_conditioned,2,switch_rate
mimo|SELF|mimo|history_conditioned|03,mimo,SELF,mimo,history_conditioned,3,switch_rate
mimo|SELF|mimo|history_conditioned|04,mimo,SELF,mimo,history_conditioned,4,switch_rate
mimo|SELF|mimo|history_conditioned|05,mimo,SELF,mimo,history_conditioned,5,switch_rate
mimo|SELF|mimo|history_conditioned|06,mimo,SELF,mimo,history_conditioned,6,switch_rate
mimo|SELF|mimo|history_conditioned|07,mimo,SELF,mimo,history_conditioned,7,switch_rate
mimo|SELF|mimo|history_conditioned|08,mimo,SELF,mimo,history_conditioned,8,switch_rate
mimo|SELF|mimo|history_conditioned|09,mimo,SELF,mimo,history_conditioned,9,switch_rate
mimo|NAMED|mimo|independent_calls|00,mimo,NAMED,mimo,independent_calls,0,switch_rate
mimo|NAMED|mimo|independent_calls|01,mimo,NAMED,mimo,independent_calls,1,switch_rate
mimo|NAMED|mimo|independent_calls|02,mimo,NAMED,mimo,independent_calls,2,switch_rate
mimo|NAMED|mimo|independent_calls|03,mimo,NAMED,mimo,independent_calls,3,switch_rate
mimo|NAMED|mimo|independent_calls|04,mimo,NAMED,mimo,independent_calls,4,switch_rate
mimo|NAMED|mimo|independent_calls|05,mimo,NAMED,mimo,independent_calls,5,switch_rate
mimo|NAMED|mimo|independent_calls|06,mimo,NAMED,mimo,independent_calls,6,switch_rate
mimo|NAMED|mimo|independent_calls|07,mimo,NAMED,mimo,independent_calls,7,switch_rate
mimo|NAMED|mimo|independent_calls|08,mimo,NAMED,mimo,independent_calls,8,switch_rate
mimo|NAMED|mimo|independent_calls|09,mimo,NAMED,mimo,independent_calls,9,switch_rate
mimo|SELF|mimo|independent_calls|00,mimo,SELF,mimo,independent_calls,0,switch_rate
mimo|SELF|mimo|independent_calls|01,mimo,SELF,mimo,independent_calls,1,switch_rate
mimo|SELF|mimo|independent_calls|02,mimo,SELF,mimo,independent_calls,2,switch_rate
mimo|SELF|mimo|independent_calls|03,mimo,SELF,mimo,independent_calls,3,switch_rate
mimo|SELF|mimo|independent_calls|04,mimo,SELF,mimo,independent_calls,4,switch_rate
mimo|SELF|mimo|independent_calls|05,mimo,SELF,mimo,independent_calls,5,switch_rate
mimo|SELF|mimo|independent_calls|06,mimo,SELF,mimo,independent_calls,6,switch_rate
mimo|SELF|mimo|independent_calls|07,mimo,SELF,mimo,independent_calls,7,switch_rate
mimo|SELF|mimo|independent_calls|08,mimo,SELF,mimo,independent_calls,8,switch_rate
mimo|SELF|mimo|independent_calls|09,mimo,SELF,mimo,independent_calls,9,switch_rate
