split,target,stat,n_replicates,mean,ci_lo,ci_hi
development,astra,S,10000,0.1736,0.0,0.35
development,astra,O,10000,0.2228,0.025,0.425
development,astra,F,10000,-0.0493,-0.2,0.1
development,fable,S,10000,-0.1496,-0.275,-0.025
development,fable,O,10000,-0.1496,-0.275,-0.025
development,fable,F,10000,0.0,0.0,0.0
development,mimo,S,10000,0.101,-0.025,0.225
development,mimo,O,10000,-0.0506,-0.15,0.05
development,mimo,F,10000,0.1515,0.0,0.3
holdout,astra,S,10000,0.2505,0.1,0.4
holdout,astra,O,10000,0.2505,0.1,0.4
holdout,astra,F,10000,0.0,0.0,0.0
holdout,fable,S,10000,-0.224,-0.35,-0.1
holdout,fable,O,10000,-0.1741,-0.3,-0.05
holdout,fable,F,10000,-0.0499,-0.15,0.0
holdout,mimo,S,10000,0.0746,-0.05,0.2
holdout,mimo,O,10000,-0.0245,-0.15,0.1
holdout,mimo,F,10000,0.0992,0.0,0.25
