split,wording,judge,target,n,n_scored_truthful,accuracy_truthful,a_rate_truthful,n_scored_false_history,accuracy_false_history,a_rate_false_history,n_scored_false_batch,accuracy_false_batch,a_rate_false_batch,pct_consistent_across_stories,n_consistent_valid
development,NAMED,astra,astra,20,20,0.05,0.55,20,0.3,0.6,20,0.75,0.75,0.2,20
development,NAMED,astra,fable,20,20,0.55,0.85,20,0.25,0.75,20,0.05,0.55,0.5,20
development,NAMED,astra,mimo,20,20,0.5,1.0,20,0.55,0.75,20,0.6,0.9,0.75,20
development,NAMED,fable,astra,20,20,0.3,0.7,20,0.65,0.75,20,0.55,0.45,0.5,20
development,NAMED,fable,fable,20,20,0.8,0.7,20,0.25,0.75,20,0.0,0.5,0.3,20
development,NAMED,fable,mimo,20,20,0.45,0.85,20,0.45,0.65,20,0.5,0.8,0.6,20
development,NAMED,mimo,astra,20,20,0.5,1.0,20,0.5,1.0,20,0.5,1.0,1.0,20
development,NAMED,mimo,fable,20,20,0.5,0.9,20,0.6,0.9,20,0.25,0.65,0.5,20
development,NAMED,mimo,mimo,20,20,0.5,1.0,20,0.5,1.0,20,0.5,1.0,1.0,20
development,SELF,astra,astra,20,20,0.05,0.55,20,0.4,0.7,20,0.7,0.8,0.25,20
development,SELF,fable,fable,20,20,0.8,0.7,20,0.1,0.6,20,0.0,0.5,0.15,20
development,SELF,mimo,mimo,20,20,0.5,0.8,20,0.6,0.8,20,0.65,0.85,0.55,20
holdout,NAMED,astra,astra,20,20,0.0,0.5,20,0.35,0.65,20,0.8,0.7,0.35,20
holdout,NAMED,astra,fable,20,20,0.4,0.9,20,0.1,0.6,20,0.05,0.55,0.25,20
holdout,NAMED,astra,mimo,20,20,0.4,0.9,20,0.65,0.75,20,0.65,0.85,0.6,20
holdout,NAMED,fable,astra,20,20,0.25,0.65,20,0.75,0.55,20,0.6,0.5,0.2,20
holdout,NAMED,fable,fable,20,20,0.75,0.75,20,0.1,0.6,20,0.05,0.55,0.2,20
holdout,NAMED,fable,mimo,20,20,0.5,0.9,20,0.4,0.9,20,0.4,0.8,0.65,20
holdout,NAMED,mimo,astra,20,20,0.45,0.95,20,0.5,1.0,20,0.5,1.0,0.95,20
holdout,NAMED,mimo,fable,20,20,0.5,0.9,20,0.5,1.0,20,0.4,0.9,0.8,20
holdout,NAMED,mimo,mimo,20,20,0.55,0.95,20,0.5,1.0,20,0.5,1.0,0.95,20
holdout,SELF,astra,astra,20,20,0.05,0.55,20,0.4,0.8,20,0.8,0.7,0.35,20
holdout,SELF,fable,fable,20,20,0.9,0.6,20,0.05,0.55,20,0.0,0.5,0.15,20
holdout,SELF,mimo,mimo,20,20,0.6,0.9,20,0.55,0.95,20,0.6,0.9,0.75,20
