pair_id,triplet_id,split,target_label,wording_condition,judge_label,source_label_A,source_label_B,sequence_A_id,sequence_B_id,correct_answer,status_truthful,answer_truthful,correct_truthful,status_false_history,answer_false_history,correct_false_history,status_false_batch,answer_false_batch,correct_false_batch,answers_distinct,consistent_across_stories,n_correct_across_stories
dev_t01_af,dev_t01,development,astra,NAMED,astra,astra,fable,astra_independent_calls_11,fable_independent_calls_14,A,ok,B,False,ok,B,False,ok,A,False,2,0,0
dev_t01_af,dev_t01,development,astra,NAMED,fable,astra,fable,astra_independent_calls_11,fable_independent_calls_14,A,ok,A,True,ok,A,True,ok,B,True,2,0,3
dev_t01_af,dev_t01,development,astra,NAMED,mimo,astra,fable,astra_independent_calls_11,fable_independent_calls_14,A,ok,A,True,ok,A,True,ok,A,False,1,1,2
dev_t01_af,dev_t01,development,astra,SELF,astra,astra,fable,astra_independent_calls_11,fable_independent_calls_14,A,ok,A,True,ok,B,False,ok,A,False,2,0,1
dev_t01_af,dev_t01,development,fable,NAMED,astra,astra,fable,astra_independent_calls_11,fable_independent_calls_14,B,ok,A,False,ok,A,False,ok,B,False,2,0,0
dev_t01_af,dev_t01,development,fable,NAMED,fable,astra,fable,astra_independent_calls_11,fable_independent_calls_14,B,ok,B,True,ok,A,False,ok,B,False,2,0,1
dev_t01_af,dev_t01,development,fable,NAMED,mimo,astra,fable,astra_independent_calls_11,fable_independent_calls_14,B,ok,A,False,ok,A,False,ok,B,False,2,0,0
dev_t01_af,dev_t01,development,fable,SELF,fable,astra,fable,astra_independent_calls_11,fable_independent_calls_14,B,ok,B,True,ok,A,False,ok,B,False,2,0,1
dev_t01_am,dev_t01,development,astra,NAMED,astra,astra,mimo,astra_independent_calls_11,mimo_independent_calls_09,A,ok,B,False,ok,A,True,ok,A,True,2,0,2
dev_t01_am,dev_t01,development,astra,NAMED,fable,astra,mimo,astra_independent_calls_11,mimo_independent_calls_09,A,ok,B,False,ok,A,True,ok,A,True,2,0,2
dev_t01_am,dev_t01,development,astra,NAMED,mimo,astra,mimo,astra_independent_calls_11,mimo_independent_calls_09,A,ok,A,True,ok,A,True,ok,A,True,1,1,3
dev_t01_am,dev_t01,development,astra,SELF,astra,astra,mimo,astra_independent_calls_11,mimo_independent_calls_09,A,ok,B,False,ok,A,True,ok,A,True,2,0,2
dev_t01_am,dev_t01,development,mimo,NAMED,astra,astra,mimo,astra_independent_calls_11,mimo_independent_calls_09,B,ok,A,False,ok,B,True,ok,B,True,2,0,2
dev_t01_am,dev_t01,development,mimo,NAMED,fable,astra,mimo,astra_independent_calls_11,mimo_independent_calls_09,B,ok,A,False,ok,A,False,ok,A,False,1,1,0
dev_t01_am,dev_t01,development,mimo,NAMED,mimo,astra,mimo,astra_independent_calls_11,mimo_independent_calls_09,B,ok,A,False,ok,A,False,ok,A,False,1,1,0
dev_t01_am,dev_t01,development,mimo,SELF,mimo,astra,mimo,astra_independent_calls_11,mimo_independent_calls_09,B,ok,A,False,ok,A,False,ok,A,False,1,1,0
dev_t01_fm,dev_t01,development,fable,NAMED,astra,mimo,fable,mimo_independent_calls_09,fable_independent_calls_14,B,ok,A,False,ok,A,False,ok,B,False,2,0,0
dev_t01_fm,dev_t01,development,fable,NAMED,fable,mimo,fable,mimo_independent_calls_09,fable_independent_calls_14,B,ok,B,True,ok,A,False,ok,B,False,2,0,1
dev_t01_fm,dev_t01,development,fable,NAMED,mimo,mimo,fable,mimo_independent_calls_09,fable_independent_calls_14,B,ok,A,False,ok,A,False,ok,B,False,2,0,0
dev_t01_fm,dev_t01,development,fable,SELF,fable,mimo,fable,mimo_independent_calls_09,fable_independent_calls_14,B,ok,B,True,ok,A,False,ok,B,False,2,0,1
dev_t01_fm,dev_t01,development,mimo,NAMED,astra,mimo,fable,mimo_independent_calls_09,fable_independent_calls_14,A,ok,A,True,ok,A,True,ok,A,False,1,1,2
dev_t01_fm,dev_t01,development,mimo,NAMED,fable,mimo,fable,mimo_independent_calls_09,fable_independent_calls_14,A,ok,A,True,ok,A,True,ok,A,False,1,1,2
dev_t01_fm,dev_t01,development,mimo,NAMED,mimo,mimo,fable,mimo_independent_calls_09,fable_independent_calls_14,A,ok,A,True,ok,A,True,ok,A,False,1,1,2
dev_t01_fm,dev_t01,development,mimo,SELF,mimo,mimo,fable,mimo_independent_calls_09,fable_independent_calls_14,A,ok,A,True,ok,A,True,ok,B,True,2,0,3
dev_t02_af,dev_t02,development,astra,NAMED,astra,fable,astra,fable_independent_calls_16,astra_independent_calls_03,B,ok,A,False,ok,B,False,ok,A,False,2,0,0
dev_t02_af,dev_t02,development,astra,NAMED,fable,fable,astra,fable_independent_calls_16,astra_independent_calls_03,B,ok,A,False,ok,A,True,ok,B,True,2,0,2
dev_t02_af,dev_t02,development,astra,NAMED,mimo,fable,astra,fable_independent_calls_16,astra_independent_calls_03,B,ok,A,False,ok,A,True,ok,A,False,1,1,1
dev_t02_af,dev_t02,development,astra,SELF,astra,fable,astra,fable_independent_calls_16,astra_independent_calls_03,B,ok,A,False,ok,B,False,ok,A,False,2,0,0
dev_t02_af,dev_t02,development,fable,NAMED,astra,fable,astra,fable_independent_calls_16,astra_independent_calls_03,A,ok,A,True,ok,A,False,ok,A,True,1,1,2
dev_t02_af,dev_t02,development,fable,NAMED,fable,fable,astra,fable_independent_calls_16,astra_independent_calls_03,A,ok,A,True,ok,A,False,ok,B,False,2,0,1
dev_t02_af,dev_t02,development,fable,NAMED,mimo,fable,astra,fable_independent_calls_16,astra_independent_calls_03,A,ok,A,True,ok,B,True,ok,B,False,2,0,2
dev_t02_af,dev_t02,development,fable,SELF,fable,fable,astra,fable_independent_calls_16,astra_independent_calls_03,A,ok,A,True,ok,A,False,ok,B,False,2,0,1
dev_t02_am,dev_t02,development,astra,NAMED,astra,astra,mimo,astra_independent_calls_03,mimo_independent_calls_07,A,ok,B,False,ok,B,False,ok,A,True,2,0,1
dev_t02_am,dev_t02,development,astra,NAMED,fable,astra,mimo,astra_independent_calls_03,mimo_independent_calls_07,A,ok,A,True,ok,A,True,ok,A,True,1,1,3
dev_t02_am,dev_t02,development,astra,NAMED,mimo,astra,mimo,astra_independent_calls_03,mimo_independent_calls_07,A,ok,A,True,ok,A,True,ok,A,True,1,1,3
dev_t02_am,dev_t02,development,astra,SELF,astra,astra,mimo,astra_independent_calls_03,mimo_independent_calls_07,A,ok,B,False,ok,A,True,ok,A,True,2,0,2
dev_t02_am,dev_t02,development,mimo,NAMED,astra,astra,mimo,astra_independent_calls_03,mimo_independent_calls_07,B,ok,A,False,ok,B,True,ok,B,True,2,0,2
dev_t02_am,dev_t02,development,mimo,NAMED,fable,astra,mimo,astra_independent_calls_03,mimo_independent_calls_07,B,ok,A,False,ok,A,False,ok,A,False,1,1,0
dev_t02_am,dev_t02,development,mimo,NAMED,mimo,astra,mimo,astra_independent_calls_03,mimo_independent_calls_07,B,ok,A,False,ok,A,False,ok,A,False,1,1,0
dev_t02_am,dev_t02,development,mimo,SELF,mimo,astra,mimo,astra_independent_calls_03,mimo_independent_calls_07,B,ok,B,True,ok,A,False,ok,A,False,2,0,1
dev_t02_fm,dev_t02,development,fable,NAMED,astra,fable,mimo,fable_independent_calls_16,mimo_independent_calls_07,A,ok,A,True,ok,B,False,ok,B,False,2,0,1
dev_t02_fm,dev_t02,development,fable,NAMED,fable,fable,mimo,fable_independent_calls_16,mimo_independent_calls_07,A,ok,A,True,ok,B,False,ok,B,False,2,0,1
dev_t02_fm,dev_t02,development,fable,NAMED,mimo,fable,mimo,fable_independent_calls_16,mimo_independent_calls_07,A,ok,A,True,ok,A,True,ok,B,False,2,0,2
dev_t02_fm,dev_t02,development,fable,SELF,fable,fable,mimo,fable_independent_calls_16,mimo_independent_calls_07,A,ok,A,True,ok,B,False,ok,B,False,2,0,1
dev_t02_fm,dev_t02,development,mimo,NAMED,astra,fable,mimo,fable_independent_calls_16,mimo_independent_calls_07,B,ok,A,False,ok,A,False,ok,A,False,1,1,0
dev_t02_fm,dev_t02,development,mimo,NAMED,fable,fable,mimo,fable_independent_calls_16,mimo_independent_calls_07,B,ok,B,True,ok,B,True,ok,A,False,2,0,2
dev_t02_fm,dev_t02,development,mimo,NAMED,mimo,fable,mimo,fable_independent_calls_16,mimo_independent_calls_07,B,ok,A,False,ok,A,False,ok,A,False,1,1,0
dev_t02_fm,dev_t02,development,mimo,SELF,mimo,fable,mimo,fable_independent_calls_16,mimo_independent_calls_07,B,ok,A,False,ok,B,True,ok,B,True,2,0,2
dev_t03_af,dev_t03,development,astra,NAMED,astra,astra,fable,astra_independent_calls_15,fable_independent_calls_18,A,ok,A,True,ok,A,False,ok,A,True,1,1,2
dev_t03_af,dev_t03,development,astra,NAMED,fable,astra,fable,astra_independent_calls_15,fable_independent_calls_18,A,ok,B,False,ok,B,True,ok,B,False,1,1,1
dev_t03_af,dev_t03,development,astra,NAMED,mimo,astra,fable,astra_independent_calls_15,fable_independent_calls_18,A,ok,A,True,ok,A,False,ok,A,True,1,1,2
dev_t03_af,dev_t03,development,astra,SELF,astra,astra,fable,astra_independent_calls_15,fable_independent_calls_18,A,ok,B,False,ok,A,False,ok,A,True,2,0,1
dev_t03_af,dev_t03,development,fable,NAMED,astra,astra,fable,astra_independent_calls_15,fable_independent_calls_18,B,ok,A,False,ok,B,False,ok,A,False,2,0,0
dev_t03_af,dev_t03,development,fable,NAMED,fable,astra,fable,astra_independent_calls_15,fable_independent_calls_18,B,ok,B,True,ok,B,False,ok,A,False,2,0,1
dev_t03_af,dev_t03,development,fable,NAMED,mimo,astra,fable,astra_independent_calls_15,fable_independent_calls_18,B,ok,A,False,ok,A,True,ok,A,False,1,1,1
dev_t03_af,dev_t03,development,fable,SELF,fable,astra,fable,astra_independent_calls_15,fable_independent_calls_18,B,ok,A,False,ok,B,False,ok,A,False,2,0,0
dev_t03_am,dev_t03,development,astra,NAMED,astra,mimo,astra,mimo_independent_calls_04,astra_independent_calls_15,B,ok,A,False,ok,B,True,ok,A,False,2,0,1
dev_t03_am,dev_t03,development,astra,NAMED,fable,mimo,astra,mimo_independent_calls_04,astra_independent_calls_15,B,ok,A,False,ok,B,True,ok,B,True,2,0,2
dev_t03_am,dev_t03,development,astra,NAMED,mimo,mimo,astra,mimo_independent_calls_04,astra_independent_calls_15,B,ok,A,False,ok,A,False,ok,A,False,1,1,0
dev_t03_am,dev_t03,development,astra,SELF,astra,mimo,astra,mimo_independent_calls_04,astra_independent_calls_15,B,ok,A,False,ok,B,True,ok,B,True,2,0,2
dev_t03_am,dev_t03,development,mimo,NAMED,astra,mimo,astra,mimo_independent_calls_04,astra_independent_calls_15,A,ok,A,True,ok,A,True,ok,A,True,1,1,3
dev_t03_am,dev_t03,development,mimo,NAMED,fable,mimo,astra,mimo_independent_calls_04,astra_independent_calls_15,A,ok,A,True,ok,B,False,ok,A,True,2,0,2
dev_t03_am,dev_t03,development,mimo,NAMED,mimo,mimo,astra,mimo_independent_calls_04,astra_independent_calls_15,A,ok,A,True,ok,A,True,ok,A,True,1,1,3
dev_t03_am,dev_t03,development,mimo,SELF,mimo,mimo,astra,mimo_independent_calls_04,astra_independent_calls_15,A,ok,A,True,ok,A,True,ok,A,True,1,1,3
dev_t03_fm,dev_t03,development,fable,NAMED,astra,mimo,fable,mimo_independent_calls_04,fable_independent_calls_18,B,ok,A,False,ok,B,False,ok,A,False,2,0,0
dev_t03_fm,dev_t03,development,fable,NAMED,fable,mimo,fable,mimo_independent_calls_04,fable_independent_calls_18,B,ok,A,False,ok,A,True,ok,A,False,1,1,1
dev_t03_fm,dev_t03,development,fable,NAMED,mimo,mimo,fable,mimo_independent_calls_04,fable_independent_calls_18,B,ok,A,False,ok,A,True,ok,A,False,1,1,1
dev_t03_fm,dev_t03,development,fable,SELF,fable,mimo,fable,mimo_independent_calls_04,fable_independent_calls_18,B,ok,A,False,ok,A,True,ok,A,False,1,1,1
dev_t03_fm,dev_t03,development,mimo,NAMED,astra,mimo,fable,mimo_independent_calls_04,fable_independent_calls_18,A,ok,A,True,ok,A,False,ok,A,True,1,1,2
dev_t03_fm,dev_t03,development,mimo,NAMED,fable,mimo,fable,mimo_independent_calls_04,fable_independent_calls_18,A,ok,A,True,ok,A,False,ok,A,True,1,1,2
dev_t03_fm,dev_t03,development,mimo,NAMED,mimo,mimo,fable,mimo_independent_calls_04,fable_independent_calls_18,A,ok,A,True,ok,A,False,ok,A,True,1,1,2
dev_t03_fm,dev_t03,development,mimo,SELF,mimo,mimo,fable,mimo_independent_calls_04,fable_independent_calls_18,A,ok,B,False,ok,A,False,ok,A,True,2,0,1
dev_t04_af,dev_t04,development,astra,NAMED,astra,astra,fable,astra_independent_calls_14,fable_independent_calls_17,A,ok,B,False,ok,A,True,ok,A,False,2,0,1
dev_t04_af,dev_t04,development,astra,NAMED,fable,astra,fable,astra_independent_calls_14,fable_independent_calls_17,A,ok,A,True,ok,A,True,ok,A,False,1,1,2
dev_t04_af,dev_t04,development,astra,NAMED,mimo,astra,fable,astra_independent_calls_14,fable_independent_calls_17,A,ok,A,True,ok,A,True,ok,A,False,1,1,2
dev_t04_af,dev_t04,development,astra,SELF,astra,astra,fable,astra_independent_calls_14,fable_independent_calls_17,A,ok,B,False,ok,B,False,ok,A,False,2,0,0
dev_t04_af,dev_t04,development,fable,NAMED,astra,astra,fable,astra_independent_calls_14,fable_independent_calls_17,B,ok,A,False,ok,A,False,ok,B,False,2,0,0
dev_t04_af,dev_t04,development,fable,NAMED,fable,astra,fable,astra_independent_calls_14,fable_independent_calls_17,B,ok,B,True,ok,A,False,ok,B,False,2,0,1
dev_t04_af,dev_t04,development,fable,NAMED,mimo,astra,fable,astra_independent_calls_14,fable_independent_calls_17,B,ok,A,False,ok,A,False,ok,B,False,2,0,0
dev_t04_af,dev_t04,development,fable,SELF,fable,astra,fable,astra_independent_calls_14,fable_independent_calls_17,B,ok,B,True,ok,A,False,ok,B,False,2,0,1
dev_t04_am,dev_t04,development,astra,NAMED,astra,mimo,astra,mimo_independent_calls_01,astra_independent_calls_14,B,ok,A,False,ok,B,True,ok,B,True,2,0,2
dev_t04_am,dev_t04,development,astra,NAMED,fable,mimo,astra,mimo_independent_calls_01,astra_independent_calls_14,B,ok,A,False,ok,B,True,ok,B,True,2,0,2
dev_t04_am,dev_t04,development,astra,NAMED,mimo,mimo,astra,mimo_independent_calls_01,astra_independent_calls_14,B,ok,A,False,ok,A,False,ok,A,False,1,1,0
dev_t04_am,dev_t04,development,astra,SELF,astra,mimo,astra,mimo_independent_calls_01,astra_independent_calls_14,B,ok,A,False,ok,B,True,ok,B,True,2,0,2
dev_t04_am,dev_t04,development,mimo,NAMED,astra,mimo,astra,mimo_independent_calls_01,astra_independent_calls_14,A,ok,A,True,ok,A,True,ok,A,True,1,1,3
dev_t04_am,dev_t04,development,mimo,NAMED,fable,mimo,astra,mimo_independent_calls_01,astra_independent_calls_14,A,ok,B,False,ok,B,False,ok,B,False,1,1,0
dev_t04_am,dev_t04,development,mimo,NAMED,mimo,mimo,astra,mimo_independent_calls_01,astra_independent_calls_14,A,ok,A,True,ok,A,True,ok,A,True,1,1,3
dev_t04_am,dev_t04,development,mimo,SELF,mimo,mimo,astra,mimo_independent_calls_01,astra_independent_calls_14,A,ok,A,True,ok,A,True,ok,A,True,1,1,3
dev_t04_fm,dev_t04,development,fable,NAMED,astra,fable,mimo,fable_independent_calls_17,mimo_independent_calls_01,A,ok,A,True,ok,A,False,ok,B,False,2,0,1
dev_t04_fm,dev_t04,development,fable,NAMED,fable,fable,mimo,fable_independent_calls_17,mimo_independent_calls_01,A,ok,A,True,ok,A,False,ok,B,False,2,0,1
dev_t04_fm,dev_t04,development,fable,NAMED,mimo,fable,mimo,fable_independent_calls_17,mimo_independent_calls_01,A,ok,A,True,ok,A,False,ok,B,False,2,0,1
dev_t04_fm,dev_t04,development,fable,SELF,fable,fable,mimo,fable_independent_calls_17,mimo_independent_calls_01,A,ok,A,True,ok,A,False,ok,B,False,2,0,1
dev_t04_fm,dev_t04,development,mimo,NAMED,astra,fable,mimo,fable_independent_calls_17,mimo_independent_calls_01,B,ok,A,False,ok,B,False,ok,A,False,2,0,0
dev_t04_fm,dev_t04,development,mimo,NAMED,fable,fable,mimo,fable_independent_calls_17,mimo_independent_calls_01,B,ok,A,False,ok,A,True,ok,B,True,2,0,2
dev_t04_fm,dev_t04,development,mimo,NAMED,mimo,fable,mimo,fable_independent_calls_17,mimo_independent_calls_01,B,ok,A,False,ok,A,True,ok,A,False,1,1,1
dev_t04_fm,dev_t04,development,mimo,SELF,mimo,fable,mimo,fable_independent_calls_17,mimo_independent_calls_01,B,ok,B,True,ok,A,True,ok,B,True,2,0,3
dev_t05_af,dev_t05,development,astra,NAMED,astra,fable,astra,fable_independent_calls_19,astra_independent_calls_00,B,ok,A,False,ok,A,False,ok,A,True,1,1,1
dev_t05_af,dev_t05,development,astra,NAMED,fable,fable,astra,fable_independent_calls_19,astra_independent_calls_00,B,ok,B,True,ok,B,True,ok,B,False,1,1,2
dev_t05_af,dev_t05,development,astra,NAMED,mimo,fable,astra,fable_independent_calls_19,astra_independent_calls_00,B,ok,A,False,ok,A,False,ok,A,True,1,1,1
dev_t05_af,dev_t05,development,astra,SELF,astra,fable,astra,fable_independent_calls_19,astra_independent_calls_00,B,ok,A,False,ok,A,False,ok,A,True,1,1,1
dev_t05_af,dev_t05,development,fable,NAMED,astra,fable,astra,fable_independent_calls_19,astra_independent_calls_00,A,ok,A,True,ok,A,True,ok,A,False,1,1,2
dev_t05_af,dev_t05,development,fable,NAMED,fable,fable,astra,fable_independent_calls_19,astra_independent_calls_00,A,ok,A,True,ok,A,True,ok,A,False,1,1,2
dev_t05_af,dev_t05,development,fable,NAMED,mimo,fable,astra,fable_independent_calls_19,astra_independent_calls_00,A,ok,B,False,ok,A,True,ok,A,False,2,0,1
dev_t05_af,dev_t05,development,fable,SELF,fable,fable,astra,fable_independent_calls_19,astra_independent_calls_00,A,ok,A,True,ok,B,False,ok,A,False,2,0,1
dev_t05_am,dev_t05,development,astra,NAMED,astra,astra,mimo,astra_independent_calls_00,mimo_independent_calls_03,A,ok,B,False,ok,A,False,ok,B,True,2,0,1
dev_t05_am,dev_t05,development,astra,NAMED,fable,astra,mimo,astra_independent_calls_00,mimo_independent_calls_03,A,ok,B,False,ok,A,False,ok,B,True,2,0,1
dev_t05_am,dev_t05,development,astra,NAMED,mimo,astra,mimo,astra_independent_calls_00,mimo_independent_calls_03,A,ok,A,True,ok,A,False,ok,A,False,1,1,1
dev_t05_am,dev_t05,development,astra,SELF,astra,astra,mimo,astra_independent_calls_00,mimo_independent_calls_03,A,ok,B,False,ok,A,False,ok,B,True,2,0,1
dev_t05_am,dev_t05,development,mimo,NAMED,astra,astra,mimo,astra_independent_calls_00,mimo_independent_calls_03,B,ok,A,False,ok,B,False,ok,A,True,2,0,1
dev_t05_am,dev_t05,development,mimo,NAMED,fable,astra,mimo,astra_independent_calls_00,mimo_independent_calls_03,B,ok,A,False,ok,A,True,ok,A,True,1,1,2
dev_t05_am,dev_t05,development,mimo,NAMED,mimo,astra,mimo,astra_independent_calls_00,mimo_independent_calls_03,B,ok,A,False,ok,A,True,ok,A,True,1,1,2
dev_t05_am,dev_t05,development,mimo,SELF,mimo,astra,mimo,astra_independent_calls_00,mimo_independent_calls_03,B,ok,A,False,ok,A,True,ok,A,True,1,1,2
dev_t05_fm,dev_t05,development,fable,NAMED,astra,mimo,fable,mimo_independent_calls_03,fable_independent_calls_19,B,ok,A,False,ok,A,True,ok,A,False,1,1,1
dev_t05_fm,dev_t05,development,fable,NAMED,fable,mimo,fable,mimo_independent_calls_03,fable_independent_calls_19,B,ok,B,True,ok,B,False,ok,A,False,2,0,1
dev_t05_fm,dev_t05,development,fable,NAMED,mimo,mimo,fable,mimo_independent_calls_03,fable_independent_calls_19,B,ok,A,False,ok,A,True,ok,A,False,1,1,1
dev_t05_fm,dev_t05,development,fable,SELF,fable,mimo,fable,mimo_independent_calls_03,fable_independent_calls_19,B,ok,B,True,ok,B,False,ok,A,False,2,0,1
dev_t05_fm,dev_t05,development,mimo,NAMED,astra,mimo,fable,mimo_independent_calls_03,fable_independent_calls_19,A,ok,A,True,ok,A,False,ok,A,True,1,1,2
dev_t05_fm,dev_t05,development,mimo,NAMED,fable,mimo,fable,mimo_independent_calls_03,fable_independent_calls_19,A,ok,A,True,ok,B,True,ok,A,True,2,0,3
dev_t05_fm,dev_t05,development,mimo,NAMED,mimo,mimo,fable,mimo_independent_calls_03,fable_independent_calls_19,A,ok,A,True,ok,A,False,ok,A,True,1,1,2
dev_t05_fm,dev_t05,development,mimo,SELF,mimo,mimo,fable,mimo_independent_calls_03,fable_independent_calls_19,A,ok,A,True,ok,A,False,ok,A,True,1,1,2
dev_t06_af,dev_t06,development,astra,NAMED,astra,astra,fable,astra_independent_calls_02,fable_independent_calls_05,A,ok,B,False,ok,A,False,ok,A,True,2,0,1
dev_t06_af,dev_t06,development,astra,NAMED,fable,astra,fable,astra_independent_calls_02,fable_independent_calls_05,A,ok,A,True,ok,A,False,ok,B,False,2,0,1
dev_t06_af,dev_t06,development,astra,NAMED,mimo,astra,fable,astra_independent_calls_02,fable_independent_calls_05,A,ok,A,True,ok,A,False,ok,A,True,1,1,2
dev_t06_af,dev_t06,development,astra,SELF,astra,astra,fable,astra_independent_calls_02,fable_independent_calls_05,A,ok,B,False,ok,A,False,ok,A,True,2,0,1
dev_t06_af,dev_t06,development,fable,NAMED,astra,astra,fable,astra_independent_calls_02,fable_independent_calls_05,B,ok,A,False,ok,A,True,ok,A,False,1,1,1
dev_t06_af,dev_t06,development,fable,NAMED,fable,astra,fable,astra_independent_calls_02,fable_independent_calls_05,B,ok,A,False,ok,A,True,ok,A,False,1,1,1
dev_t06_af,dev_t06,development,fable,NAMED,mimo,astra,fable,astra_independent_calls_02,fable_independent_calls_05,B,ok,A,False,ok,A,True,ok,A,False,1,1,1
dev_t06_af,dev_t06,development,fable,SELF,fable,astra,fable,astra_independent_calls_02,fable_independent_calls_05,B,ok,A,False,ok,B,False,ok,A,False,2,0,0
dev_t06_am,dev_t06,development,astra,NAMED,astra,astra,mimo,astra_independent_calls_02,mimo_independent_calls_10,A,ok,B,False,ok,A,False,ok,A,True,2,0,1
dev_t06_am,dev_t06,development,astra,NAMED,fable,astra,mimo,astra_independent_calls_02,mimo_independent_calls_10,A,ok,B,False,ok,A,False,ok,A,True,2,0,1
dev_t06_am,dev_t06,development,astra,NAMED,mimo,astra,mimo,astra_independent_calls_02,mimo_independent_calls_10,A,ok,A,True,ok,A,False,ok,A,True,1,1,2
dev_t06_am,dev_t06,development,astra,SELF,astra,astra,mimo,astra_independent_calls_02,mimo_independent_calls_10,A,ok,B,False,ok,A,False,ok,A,True,2,0,1
dev_t06_am,dev_t06,development,mimo,NAMED,astra,astra,mimo,astra_independent_calls_02,mimo_independent_calls_10,B,ok,A,False,ok,A,True,ok,A,False,1,1,1
dev_t06_am,dev_t06,development,mimo,NAMED,fable,astra,mimo,astra_independent_calls_02,mimo_independent_calls_10,B,ok,A,False,ok,A,True,ok,A,False,1,1,1
dev_t06_am,dev_t06,development,mimo,NAMED,mimo,astra,mimo,astra_independent_calls_02,mimo_independent_calls_10,B,ok,A,False,ok,A,True,ok,A,False,1,1,1
dev_t06_am,dev_t06,development,mimo,SELF,mimo,astra,mimo,astra_independent_calls_02,mimo_independent_calls_10,B,ok,A,False,ok,A,True,ok,A,False,1,1,1
dev_t06_fm,dev_t06,development,fable,NAMED,astra,mimo,fable,mimo_independent_calls_10,fable_independent_calls_05,B,ok,B,True,ok,B,False,ok,B,False,1,1,1
dev_t06_fm,dev_t06,development,fable,NAMED,fable,mimo,fable,mimo_independent_calls_10,fable_independent_calls_05,B,ok,A,False,ok,B,False,ok,B,False,2,0,0
dev_t06_fm,dev_t06,development,fable,NAMED,mimo,mimo,fable,mimo_independent_calls_10,fable_independent_calls_05,B,ok,B,True,ok,A,True,ok,A,True,2,0,3
dev_t06_fm,dev_t06,development,fable,SELF,fable,mimo,fable,mimo_independent_calls_10,fable_independent_calls_05,B,ok,A,False,ok,B,False,ok,B,False,2,0,0
dev_t06_fm,dev_t06,development,mimo,NAMED,astra,mimo,fable,mimo_independent_calls_10,fable_independent_calls_05,A,ok,A,True,ok,A,False,ok,A,False,1,1,1
dev_t06_fm,dev_t06,development,mimo,NAMED,fable,mimo,fable,mimo_independent_calls_10,fable_independent_calls_05,A,ok,B,False,ok,A,False,ok,A,False,2,0,0
dev_t06_fm,dev_t06,development,mimo,NAMED,mimo,mimo,fable,mimo_independent_calls_10,fable_independent_calls_05,A,ok,A,True,ok,A,False,ok,A,False,1,1,1
dev_t06_fm,dev_t06,development,mimo,SELF,mimo,mimo,fable,mimo_independent_calls_10,fable_independent_calls_05,A,ok,B,False,ok,A,False,ok,A,False,2,0,0
dev_t07_af,dev_t07,development,astra,NAMED,astra,fable,astra,fable_independent_calls_00,astra_independent_calls_09,B,ok,A,False,ok,A,False,ok,B,True,2,0,1
dev_t07_af,dev_t07,development,astra,NAMED,fable,fable,astra,fable_independent_calls_00,astra_independent_calls_09,B,ok,A,False,ok,A,False,ok,A,False,1,1,0
dev_t07_af,dev_t07,development,astra,NAMED,mimo,fable,astra,fable_independent_calls_00,astra_independent_calls_09,B,ok,A,False,ok,A,False,ok,A,False,1,1,0
dev_t07_af,dev_t07,development,astra,SELF,astra,fable,astra,fable_independent_calls_00,astra_independent_calls_09,B,ok,A,False,ok,A,False,ok,A,False,1,1,0
dev_t07_af,dev_t07,development,fable,NAMED,astra,fable,astra,fable_independent_calls_00,astra_independent_calls_09,A,ok,B,False,ok,B,False,ok,B,False,1,1,0
dev_t07_af,dev_t07,development,fable,NAMED,fable,fable,astra,fable_independent_calls_00,astra_independent_calls_09,A,ok,A,True,ok,A,True,ok,B,False,2,0,2
dev_t07_af,dev_t07,development,fable,NAMED,mimo,fable,astra,fable_independent_calls_00,astra_independent_calls_09,A,ok,A,True,ok,A,True,ok,A,True,1,1,3
dev_t07_af,dev_t07,development,fable,SELF,fable,fable,astra,fable_independent_calls_00,astra_independent_calls_09,A,ok,A,True,ok,B,False,ok,B,False,2,0,1
dev_t07_am,dev_t07,development,astra,NAMED,astra,mimo,astra,mimo_independent_calls_17,astra_independent_calls_09,B,ok,A,False,ok,A,False,ok,A,True,1,1,1
dev_t07_am,dev_t07,development,astra,NAMED,fable,mimo,astra,mimo_independent_calls_17,astra_independent_calls_09,B,ok,A,False,ok,A,False,ok,A,True,1,1,1
dev_t07_am,dev_t07,development,astra,NAMED,mimo,mimo,astra,mimo_independent_calls_17,astra_independent_calls_09,B,ok,A,False,ok,A,False,ok,A,True,1,1,1
dev_t07_am,dev_t07,development,astra,SELF,astra,mimo,astra,mimo_independent_calls_17,astra_independent_calls_09,B,ok,A,False,ok,A,False,ok,A,True,1,1,1
dev_t07_am,dev_t07,development,mimo,NAMED,astra,mimo,astra,mimo_independent_calls_17,astra_independent_calls_09,A,ok,A,True,ok,A,True,ok,A,False,1,1,2
dev_t07_am,dev_t07,development,mimo,NAMED,fable,mimo,astra,mimo_independent_calls_17,astra_independent_calls_09,A,ok,A,True,ok,A,True,ok,A,False,1,1,2
dev_t07_am,dev_t07,development,mimo,NAMED,mimo,mimo,astra,mimo_independent_calls_17,astra_independent_calls_09,A,ok,A,True,ok,A,True,ok,A,False,1,1,2
dev_t07_am,dev_t07,development,mimo,SELF,mimo,mimo,astra,mimo_independent_calls_17,astra_independent_calls_09,A,ok,A,True,ok,A,True,ok,A,False,1,1,2
dev_t07_fm,dev_t07,development,fable,NAMED,astra,fable,mimo,fable_independent_calls_00,mimo_independent_calls_17,A,ok,A,True,ok,A,False,ok,A,False,1,1,1
dev_t07_fm,dev_t07,development,fable,NAMED,fable,fable,mimo,fable_independent_calls_00,mimo_independent_calls_17,A,ok,A,True,ok,A,False,ok,A,False,1,1,1
dev_t07_fm,dev_t07,development,fable,NAMED,mimo,fable,mimo,fable_independent_calls_00,mimo_independent_calls_17,A,ok,A,True,ok,A,False,ok,B,True,2,0,2
dev_t07_fm,dev_t07,development,fable,SELF,fable,fable,mimo,fable_independent_calls_00,mimo_independent_calls_17,A,ok,A,True,ok,A,False,ok,A,False,1,1,1
dev_t07_fm,dev_t07,development,mimo,NAMED,astra,fable,mimo,fable_independent_calls_00,mimo_independent_calls_17,B,ok,A,False,ok,A,True,ok,A,True,1,1,2
dev_t07_fm,dev_t07,development,mimo,NAMED,fable,fable,mimo,fable_independent_calls_00,mimo_independent_calls_17,B,ok,A,False,ok,A,True,ok,A,True,1,1,2
dev_t07_fm,dev_t07,development,mimo,NAMED,mimo,fable,mimo,fable_independent_calls_00,mimo_independent_calls_17,B,ok,A,False,ok,A,True,ok,A,True,1,1,2
dev_t07_fm,dev_t07,development,mimo,SELF,mimo,fable,mimo,fable_independent_calls_00,mimo_independent_calls_17,B,ok,A,False,ok,A,True,ok,A,True,1,1,2
dev_t08_af,dev_t08,development,astra,NAMED,astra,fable,astra,fable_independent_calls_12,astra_independent_calls_13,B,ok,A,False,ok,A,False,ok,A,True,1,1,1
dev_t08_af,dev_t08,development,astra,NAMED,fable,fable,astra,fable_independent_calls_12,astra_independent_calls_13,B,ok,A,False,ok,A,False,ok,B,False,2,0,0
dev_t08_af,dev_t08,development,astra,NAMED,mimo,fable,astra,fable_independent_calls_12,astra_independent_calls_13,B,ok,A,False,ok,A,False,ok,A,True,1,1,1
dev_t08_af,dev_t08,development,astra,SELF,astra,fable,astra,fable_independent_calls_12,astra_independent_calls_13,B,ok,A,False,ok,A,False,ok,A,True,1,1,1
dev_t08_af,dev_t08,development,fable,NAMED,astra,fable,astra,fable_independent_calls_12,astra_independent_calls_13,A,ok,A,True,ok,A,True,ok,A,False,1,1,2
dev_t08_af,dev_t08,development,fable,NAMED,fable,fable,astra,fable_independent_calls_12,astra_independent_calls_13,A,ok,A,True,ok,B,False,ok,A,False,2,0,1
dev_t08_af,dev_t08,development,fable,NAMED,mimo,fable,astra,fable_independent_calls_12,astra_independent_calls_13,A,ok,A,True,ok,A,True,ok,A,False,1,1,2
dev_t08_af,dev_t08,development,fable,SELF,fable,fable,astra,fable_independent_calls_12,astra_independent_calls_13,A,ok,A,True,ok,B,False,ok,A,False,2,0,1
dev_t08_am,dev_t08,development,astra,NAMED,astra,mimo,astra,mimo_independent_calls_00,astra_independent_calls_13,B,ok,A,False,ok,A,True,ok,B,True,2,0,2
dev_t08_am,dev_t08,development,astra,NAMED,fable,mimo,astra,mimo_independent_calls_00,astra_independent_calls_13,B,ok,A,False,ok,A,True,ok,B,True,2,0,2
dev_t08_am,dev_t08,development,astra,NAMED,mimo,mimo,astra,mimo_independent_calls_00,astra_independent_calls_13,B,ok,A,False,ok,A,True,ok,A,False,1,1,1
dev_t08_am,dev_t08,development,astra,SELF,astra,mimo,astra,mimo_independent_calls_00,astra_independent_calls_13,B,ok,A,False,ok,A,True,ok,B,True,2,0,2
dev_t08_am,dev_t08,development,mimo,NAMED,astra,mimo,astra,mimo_independent_calls_00,astra_independent_calls_13,A,ok,A,True,ok,B,True,ok,A,True,2,0,3
dev_t08_am,dev_t08,development,mimo,NAMED,fable,mimo,astra,mimo_independent_calls_00,astra_independent_calls_13,A,ok,A,True,ok,A,False,ok,A,True,1,1,2
dev_t08_am,dev_t08,development,mimo,NAMED,mimo,mimo,astra,mimo_independent_calls_00,astra_independent_calls_13,A,ok,A,True,ok,A,False,ok,A,True,1,1,2
dev_t08_am,dev_t08,development,mimo,SELF,mimo,mimo,astra,mimo_independent_calls_00,astra_independent_calls_13,A,ok,A,True,ok,A,False,ok,A,True,1,1,2
dev_t08_fm,dev_t08,development,fable,NAMED,astra,mimo,fable,mimo_independent_calls_00,fable_independent_calls_12,B,ok,B,True,ok,A,True,ok,A,False,2,0,2
dev_t08_fm,dev_t08,development,fable,NAMED,fable,mimo,fable,mimo_independent_calls_00,fable_independent_calls_12,B,ok,A,False,ok,A,True,ok,A,False,1,1,1
dev_t08_fm,dev_t08,development,fable,NAMED,mimo,mimo,fable,mimo_independent_calls_00,fable_independent_calls_12,B,ok,A,False,ok,A,True,ok,A,False,1,1,1
dev_t08_fm,dev_t08,development,fable,SELF,fable,mimo,fable,mimo_independent_calls_00,fable_independent_calls_12,B,ok,B,True,ok,A,True,ok,A,False,2,0,2
dev_t08_fm,dev_t08,development,mimo,NAMED,astra,mimo,fable,mimo_independent_calls_00,fable_independent_calls_12,A,ok,A,True,ok,A,False,ok,A,True,1,1,2
dev_t08_fm,dev_t08,development,mimo,NAMED,fable,mimo,fable,mimo_independent_calls_00,fable_independent_calls_12,A,ok,A,True,ok,B,True,ok,A,True,2,0,3
dev_t08_fm,dev_t08,development,mimo,NAMED,mimo,mimo,fable,mimo_independent_calls_00,fable_independent_calls_12,A,ok,A,True,ok,A,False,ok,A,True,1,1,2
dev_t08_fm,dev_t08,development,mimo,SELF,mimo,mimo,fable,mimo_independent_calls_00,fable_independent_calls_12,A,ok,A,True,ok,A,False,ok,A,True,1,1,2
dev_t09_af,dev_t09,development,astra,NAMED,astra,astra,fable,astra_independent_calls_12,fable_independent_calls_13,A,ok,B,False,ok,B,False,ok,A,True,2,0,1
dev_t09_af,dev_t09,development,astra,NAMED,fable,astra,fable,astra_independent_calls_12,fable_independent_calls_13,A,ok,B,False,ok,B,False,ok,B,False,1,1,0
dev_t09_af,dev_t09,development,astra,NAMED,mimo,astra,fable,astra_independent_calls_12,fable_independent_calls_13,A,ok,A,True,ok,A,True,ok,A,True,1,1,3
dev_t09_af,dev_t09,development,astra,SELF,astra,astra,fable,astra_independent_calls_12,fable_independent_calls_13,A,ok,B,False,ok,A,True,ok,A,True,2,0,2
dev_t09_af,dev_t09,development,fable,NAMED,astra,astra,fable,astra_independent_calls_12,fable_independent_calls_13,B,ok,A,False,ok,A,False,ok,A,False,1,1,0
dev_t09_af,dev_t09,development,fable,NAMED,fable,astra,fable,astra_independent_calls_12,fable_independent_calls_13,B,ok,B,True,ok,A,False,ok,A,False,2,0,1
dev_t09_af,dev_t09,development,fable,NAMED,mimo,astra,fable,astra_independent_calls_12,fable_independent_calls_13,B,ok,A,False,ok,A,False,ok,A,False,1,1,0
dev_t09_af,dev_t09,development,fable,SELF,fable,astra,fable,astra_independent_calls_12,fable_independent_calls_13,B,ok,B,True,ok,A,False,ok,A,False,2,0,1
dev_t09_am,dev_t09,development,astra,NAMED,astra,mimo,astra,mimo_independent_calls_14,astra_independent_calls_12,B,ok,A,False,ok,B,False,ok,B,True,2,0,1
dev_t09_am,dev_t09,development,astra,NAMED,fable,mimo,astra,mimo_independent_calls_14,astra_independent_calls_12,B,ok,A,False,ok,A,True,ok,A,False,1,1,1
dev_t09_am,dev_t09,development,astra,NAMED,mimo,mimo,astra,mimo_independent_calls_14,astra_independent_calls_12,B,ok,A,False,ok,A,True,ok,A,False,1,1,1
dev_t09_am,dev_t09,development,astra,SELF,astra,mimo,astra,mimo_independent_calls_14,astra_independent_calls_12,B,ok,A,False,ok,A,True,ok,A,False,1,1,1
dev_t09_am,dev_t09,development,mimo,NAMED,astra,mimo,astra,mimo_independent_calls_14,astra_independent_calls_12,A,ok,A,True,ok,A,False,ok,A,True,1,1,2
dev_t09_am,dev_t09,development,mimo,NAMED,fable,mimo,astra,mimo_independent_calls_14,astra_independent_calls_12,A,ok,A,True,ok,A,False,ok,A,True,1,1,2
dev_t09_am,dev_t09,development,mimo,NAMED,mimo,mimo,astra,mimo_independent_calls_14,astra_independent_calls_12,A,ok,A,True,ok,A,False,ok,A,True,1,1,2
dev_t09_am,dev_t09,development,mimo,SELF,mimo,mimo,astra,mimo_independent_calls_14,astra_independent_calls_12,A,ok,A,True,ok,B,True,ok,A,True,2,0,3
dev_t09_fm,dev_t09,development,fable,NAMED,astra,fable,mimo,fable_independent_calls_13,mimo_independent_calls_14,A,ok,A,True,ok,A,False,ok,A,False,1,1,1
dev_t09_fm,dev_t09,development,fable,NAMED,fable,fable,mimo,fable_independent_calls_13,mimo_independent_calls_14,A,ok,A,True,ok,A,False,ok,A,False,1,1,1
dev_t09_fm,dev_t09,development,fable,NAMED,mimo,fable,mimo,fable_independent_calls_13,mimo_independent_calls_14,A,ok,A,True,ok,A,False,ok,A,False,1,1,1
dev_t09_fm,dev_t09,development,fable,SELF,fable,fable,mimo,fable_independent_calls_13,mimo_independent_calls_14,A,ok,A,True,ok,A,False,ok,A,False,1,1,1
dev_t09_fm,dev_t09,development,mimo,NAMED,astra,fable,mimo,fable_independent_calls_13,mimo_independent_calls_14,B,ok,A,False,ok,A,True,ok,A,True,1,1,2
dev_t09_fm,dev_t09,development,mimo,NAMED,fable,fable,mimo,fable_independent_calls_13,mimo_independent_calls_14,B,ok,A,False,ok,B,False,ok,B,False,2,0,0
dev_t09_fm,dev_t09,development,mimo,NAMED,mimo,fable,mimo,fable_independent_calls_13,mimo_independent_calls_14,B,ok,A,False,ok,A,True,ok,A,True,1,1,2
dev_t09_fm,dev_t09,development,mimo,SELF,mimo,fable,mimo,fable_independent_calls_13,mimo_independent_calls_14,B,ok,A,False,ok,B,False,ok,A,True,2,0,1
dev_t10_af,dev_t10,development,astra,NAMED,astra,fable,astra,fable_independent_calls_06,astra_independent_calls_05,B,ok,A,False,ok,B,False,ok,A,False,2,0,0
dev_t10_af,dev_t10,development,astra,NAMED,fable,fable,astra,fable_independent_calls_06,astra_independent_calls_05,B,ok,A,False,ok,A,True,ok,A,False,1,1,1
dev_t10_af,dev_t10,development,astra,NAMED,mimo,fable,astra,fable_independent_calls_06,astra_independent_calls_05,B,ok,A,False,ok,A,True,ok,A,False,1,1,1
dev_t10_af,dev_t10,development,astra,SELF,astra,fable,astra,fable_independent_calls_06,astra_independent_calls_05,B,ok,A,False,ok,B,False,ok,A,False,2,0,0
dev_t10_af,dev_t10,development,fable,NAMED,astra,fable,astra,fable_independent_calls_06,astra_independent_calls_05,A,ok,A,True,ok,A,False,ok,B,False,2,0,1
dev_t10_af,dev_t10,development,fable,NAMED,fable,fable,astra,fable_independent_calls_06,astra_independent_calls_05,A,ok,A,True,ok,A,False,ok,B,False,2,0,1
dev_t10_af,dev_t10,development,fable,NAMED,mimo,fable,astra,fable_independent_calls_06,astra_independent_calls_05,A,ok,A,True,ok,B,True,ok,A,True,2,0,3
dev_t10_af,dev_t10,development,fable,SELF,fable,fable,astra,fable_independent_calls_06,astra_independent_calls_05,A,ok,A,True,ok,A,False,ok,B,False,2,0,1
dev_t10_am,dev_t10,development,astra,NAMED,astra,astra,mimo,astra_independent_calls_05,mimo_independent_calls_06,A,ok,B,False,ok,A,True,ok,A,True,2,0,2
dev_t10_am,dev_t10,development,astra,NAMED,fable,astra,mimo,astra_independent_calls_05,mimo_independent_calls_06,A,ok,A,True,ok,A,True,ok,A,True,1,1,3
dev_t10_am,dev_t10,development,astra,NAMED,mimo,astra,mimo,astra_independent_calls_05,mimo_independent_calls_06,A,ok,A,True,ok,A,True,ok,A,True,1,1,3
dev_t10_am,dev_t10,development,astra,SELF,astra,astra,mimo,astra_independent_calls_05,mimo_independent_calls_06,A,ok,B,False,ok,A,True,ok,A,True,2,0,2
dev_t10_am,dev_t10,development,mimo,NAMED,astra,astra,mimo,astra_independent_calls_05,mimo_independent_calls_06,B,ok,A,False,ok,A,False,ok,A,False,1,1,0
dev_t10_am,dev_t10,development,mimo,NAMED,fable,astra,mimo,astra_independent_calls_05,mimo_independent_calls_06,B,ok,A,False,ok,A,False,ok,A,False,1,1,0
dev_t10_am,dev_t10,development,mimo,NAMED,mimo,astra,mimo,astra_independent_calls_05,mimo_independent_calls_06,B,ok,A,False,ok,A,False,ok,A,False,1,1,0
dev_t10_am,dev_t10,development,mimo,SELF,mimo,astra,mimo,astra_independent_calls_05,mimo_independent_calls_06,B,ok,A,False,ok,B,True,ok,A,False,2,0,1
dev_t10_fm,dev_t10,development,fable,NAMED,astra,fable,mimo,fable_independent_calls_06,mimo_independent_calls_06,A,ok,A,True,ok,A,False,ok,B,False,2,0,1
dev_t10_fm,dev_t10,development,fable,NAMED,fable,fable,mimo,fable_independent_calls_06,mimo_independent_calls_06,A,ok,A,True,ok,A,False,ok,B,False,2,0,1
dev_t10_fm,dev_t10,development,fable,NAMED,mimo,fable,mimo,fable_independent_calls_06,mimo_independent_calls_06,A,ok,A,True,ok,A,False,ok,A,True,1,1,2
dev_t10_fm,dev_t10,development,fable,SELF,fable,fable,mimo,fable_independent_calls_06,mimo_independent_calls_06,A,ok,A,True,ok,A,False,ok,B,False,2,0,1
dev_t10_fm,dev_t10,development,mimo,NAMED,astra,fable,mimo,fable_independent_calls_06,mimo_independent_calls_06,B,ok,A,False,ok,A,True,ok,A,False,1,1,1
dev_t10_fm,dev_t10,development,mimo,NAMED,fable,fable,mimo,fable_independent_calls_06,mimo_independent_calls_06,B,ok,A,False,ok,B,False,ok,B,True,2,0,1
dev_t10_fm,dev_t10,development,mimo,NAMED,mimo,fable,mimo,fable_independent_calls_06,mimo_independent_calls_06,B,ok,A,False,ok,A,True,ok,A,False,1,1,1
dev_t10_fm,dev_t10,development,mimo,SELF,mimo,fable,mimo,fable_independent_calls_06,mimo_independent_calls_06,B,ok,A,False,ok,A,True,ok,A,False,1,1,1
hold_t01_af,hold_t01,holdout,astra,NAMED,astra,fable,astra,fable_independent_calls_08,astra_independent_calls_10,B,ok,A,False,ok,A,False,ok,A,True,1,1,1
hold_t01_af,hold_t01,holdout,astra,NAMED,fable,fable,astra,fable_independent_calls_08,astra_independent_calls_10,B,ok,A,False,ok,A,False,ok,B,False,2,0,0
hold_t01_af,hold_t01,holdout,astra,NAMED,mimo,fable,astra,fable_independent_calls_08,astra_independent_calls_10,B,ok,A,False,ok,A,False,ok,A,True,1,1,1
hold_t01_af,hold_t01,holdout,astra,SELF,astra,fable,astra,fable_independent_calls_08,astra_independent_calls_10,B,ok,A,False,ok,A,False,ok,A,True,1,1,1
hold_t01_af,hold_t01,holdout,fable,NAMED,astra,fable,astra,fable_independent_calls_08,astra_independent_calls_10,A,ok,A,True,ok,B,False,ok,A,False,2,0,1
hold_t01_af,hold_t01,holdout,fable,NAMED,fable,fable,astra,fable_independent_calls_08,astra_independent_calls_10,A,ok,A,True,ok,B,False,ok,A,False,2,0,1
hold_t01_af,hold_t01,holdout,fable,NAMED,mimo,fable,astra,fable_independent_calls_08,astra_independent_calls_10,A,ok,A,True,ok,A,True,ok,A,False,1,1,2
hold_t01_af,hold_t01,holdout,fable,SELF,fable,fable,astra,fable_independent_calls_08,astra_independent_calls_10,A,ok,A,True,ok,B,False,ok,A,False,2,0,1
hold_t01_am,hold_t01,holdout,astra,NAMED,astra,mimo,astra,mimo_independent_calls_15,astra_independent_calls_10,B,ok,A,False,ok,A,False,ok,A,True,1,1,1
hold_t01_am,hold_t01,holdout,astra,NAMED,fable,mimo,astra,mimo_independent_calls_15,astra_independent_calls_10,B,ok,A,False,ok,A,False,ok,A,True,1,1,1
hold_t01_am,hold_t01,holdout,astra,NAMED,mimo,mimo,astra,mimo_independent_calls_15,astra_independent_calls_10,B,ok,A,False,ok,A,False,ok,A,True,1,1,1
hold_t01_am,hold_t01,holdout,astra,SELF,astra,mimo,astra,mimo_independent_calls_15,astra_independent_calls_10,B,ok,A,False,ok,A,False,ok,A,True,1,1,1
hold_t01_am,hold_t01,holdout,mimo,NAMED,astra,mimo,astra,mimo_independent_calls_15,astra_independent_calls_10,A,ok,A,True,ok,B,False,ok,A,False,2,0,1
hold_t01_am,hold_t01,holdout,mimo,NAMED,fable,mimo,astra,mimo_independent_calls_15,astra_independent_calls_10,A,ok,A,True,ok,A,True,ok,A,False,1,1,2
hold_t01_am,hold_t01,holdout,mimo,NAMED,mimo,mimo,astra,mimo_independent_calls_15,astra_independent_calls_10,A,ok,A,True,ok,A,True,ok,A,False,1,1,2
hold_t01_am,hold_t01,holdout,mimo,SELF,mimo,mimo,astra,mimo_independent_calls_15,astra_independent_calls_10,A,ok,A,True,ok,A,True,ok,A,False,1,1,2
hold_t01_fm,hold_t01,holdout,fable,NAMED,astra,mimo,fable,mimo_independent_calls_15,fable_independent_calls_08,B,ok,A,False,ok,A,False,ok,A,False,1,1,0
hold_t01_fm,hold_t01,holdout,fable,NAMED,fable,mimo,fable,mimo_independent_calls_15,fable_independent_calls_08,B,ok,A,False,ok,A,False,ok,A,False,1,1,0
hold_t01_fm,hold_t01,holdout,fable,NAMED,mimo,mimo,fable,mimo_independent_calls_15,fable_independent_calls_08,B,ok,A,False,ok,A,False,ok,A,False,1,1,0
hold_t01_fm,hold_t01,holdout,fable,SELF,fable,mimo,fable,mimo_independent_calls_15,fable_independent_calls_08,B,ok,B,True,ok,A,False,ok,A,False,2,0,1
hold_t01_fm,hold_t01,holdout,mimo,NAMED,astra,mimo,fable,mimo_independent_calls_15,fable_independent_calls_08,A,ok,A,True,ok,A,True,ok,A,True,1,1,3
hold_t01_fm,hold_t01,holdout,mimo,NAMED,fable,mimo,fable,mimo_independent_calls_15,fable_independent_calls_08,A,ok,A,True,ok,A,True,ok,B,False,2,0,2
hold_t01_fm,hold_t01,holdout,mimo,NAMED,mimo,mimo,fable,mimo_independent_calls_15,fable_independent_calls_08,A,ok,A,True,ok,A,True,ok,A,True,1,1,3
hold_t01_fm,hold_t01,holdout,mimo,SELF,mimo,mimo,fable,mimo_independent_calls_15,fable_independent_calls_08,A,ok,A,True,ok,A,True,ok,A,True,1,1,3
hold_t02_af,hold_t02,holdout,astra,NAMED,astra,fable,astra,fable_independent_calls_09,astra_independent_calls_06,B,ok,A,False,ok,A,False,ok,A,True,1,1,1
hold_t02_af,hold_t02,holdout,astra,NAMED,fable,fable,astra,fable_independent_calls_09,astra_independent_calls_06,B,ok,A,False,ok,B,True,ok,B,False,2,0,1
hold_t02_af,hold_t02,holdout,astra,NAMED,mimo,fable,astra,fable_independent_calls_09,astra_independent_calls_06,B,ok,A,False,ok,A,False,ok,A,True,1,1,1
hold_t02_af,hold_t02,holdout,astra,SELF,astra,fable,astra,fable_independent_calls_09,astra_independent_calls_06,B,ok,A,False,ok,A,False,ok,A,True,1,1,1
hold_t02_af,hold_t02,holdout,fable,NAMED,astra,fable,astra,fable_independent_calls_09,astra_independent_calls_06,A,ok,A,True,ok,B,False,ok,A,False,2,0,1
hold_t02_af,hold_t02,holdout,fable,NAMED,fable,fable,astra,fable_independent_calls_09,astra_independent_calls_06,A,ok,A,True,ok,B,False,ok,A,False,2,0,1
hold_t02_af,hold_t02,holdout,fable,NAMED,mimo,fable,astra,fable_independent_calls_09,astra_independent_calls_06,A,ok,A,True,ok,A,True,ok,A,False,1,1,2
hold_t02_af,hold_t02,holdout,fable,SELF,fable,fable,astra,fable_independent_calls_09,astra_independent_calls_06,A,ok,A,True,ok,B,False,ok,A,False,2,0,1
hold_t02_am,hold_t02,holdout,astra,NAMED,astra,astra,mimo,astra_independent_calls_06,mimo_independent_calls_13,A,ok,B,False,ok,B,True,ok,A,True,2,0,2
hold_t02_am,hold_t02,holdout,astra,NAMED,fable,astra,mimo,astra_independent_calls_06,mimo_independent_calls_13,A,ok,B,False,ok,B,True,ok,A,True,2,0,2
hold_t02_am,hold_t02,holdout,astra,NAMED,mimo,astra,mimo,astra_independent_calls_06,mimo_independent_calls_13,A,ok,A,True,ok,A,False,ok,A,True,1,1,2
hold_t02_am,hold_t02,holdout,astra,SELF,astra,astra,mimo,astra_independent_calls_06,mimo_independent_calls_13,A,ok,B,False,ok,A,False,ok,A,True,2,0,1
hold_t02_am,hold_t02,holdout,mimo,NAMED,astra,astra,mimo,astra_independent_calls_06,mimo_independent_calls_13,B,ok,A,False,ok,A,True,ok,B,True,2,0,2
hold_t02_am,hold_t02,holdout,mimo,NAMED,fable,astra,mimo,astra_independent_calls_06,mimo_independent_calls_13,B,ok,A,False,ok,A,True,ok,A,False,1,1,1
hold_t02_am,hold_t02,holdout,mimo,NAMED,mimo,astra,mimo,astra_independent_calls_06,mimo_independent_calls_13,B,ok,B,True,ok,A,True,ok,A,False,2,0,2
hold_t02_am,hold_t02,holdout,mimo,SELF,mimo,astra,mimo,astra_independent_calls_06,mimo_independent_calls_13,B,ok,B,True,ok,A,True,ok,A,False,2,0,2
hold_t02_fm,hold_t02,holdout,fable,NAMED,astra,fable,mimo,fable_independent_calls_09,mimo_independent_calls_13,A,ok,A,True,ok,A,False,ok,B,False,2,0,1
hold_t02_fm,hold_t02,holdout,fable,NAMED,fable,fable,mimo,fable_independent_calls_09,mimo_independent_calls_13,A,ok,A,True,ok,A,False,ok,B,False,2,0,1
hold_t02_fm,hold_t02,holdout,fable,NAMED,mimo,fable,mimo,fable_independent_calls_09,mimo_independent_calls_13,A,ok,A,True,ok,A,False,ok,A,True,1,1,2
hold_t02_fm,hold_t02,holdout,fable,SELF,fable,fable,mimo,fable_independent_calls_09,mimo_independent_calls_13,A,ok,A,True,ok,A,False,ok,B,False,2,0,1
hold_t02_fm,hold_t02,holdout,mimo,NAMED,astra,fable,mimo,fable_independent_calls_09,mimo_independent_calls_13,B,ok,A,False,ok,A,True,ok,A,False,1,1,1
hold_t02_fm,hold_t02,holdout,mimo,NAMED,fable,fable,mimo,fable_independent_calls_09,mimo_independent_calls_13,B,ok,A,False,ok,A,True,ok,A,False,1,1,1
hold_t02_fm,hold_t02,holdout,mimo,NAMED,mimo,fable,mimo,fable_independent_calls_09,mimo_independent_calls_13,B,ok,A,False,ok,A,True,ok,A,False,1,1,1
hold_t02_fm,hold_t02,holdout,mimo,SELF,mimo,fable,mimo,fable_independent_calls_09,mimo_independent_calls_13,B,ok,B,True,ok,A,True,ok,A,False,2,0,2
hold_t03_af,hold_t03,holdout,astra,NAMED,astra,fable,astra,fable_independent_calls_11,astra_independent_calls_19,B,ok,A,False,ok,B,False,ok,B,True,2,0,1
hold_t03_af,hold_t03,holdout,astra,NAMED,fable,fable,astra,fable_independent_calls_11,astra_independent_calls_19,B,ok,A,False,ok,A,True,ok,A,False,1,1,1
hold_t03_af,hold_t03,holdout,astra,NAMED,mimo,fable,astra,fable_independent_calls_11,astra_independent_calls_19,B,ok,A,False,ok,A,True,ok,A,False,1,1,1
hold_t03_af,hold_t03,holdout,astra,SELF,astra,fable,astra,fable_independent_calls_11,astra_independent_calls_19,B,ok,A,False,ok,A,True,ok,B,True,2,0,2
hold_t03_af,hold_t03,holdout,fable,NAMED,astra,fable,astra,fable_independent_calls_11,astra_independent_calls_19,A,ok,A,True,ok,A,False,ok,B,False,2,0,1
hold_t03_af,hold_t03,holdout,fable,NAMED,fable,fable,astra,fable_independent_calls_11,astra_independent_calls_19,A,ok,A,True,ok,A,False,ok,B,False,2,0,1
hold_t03_af,hold_t03,holdout,fable,NAMED,mimo,fable,astra,fable_independent_calls_11,astra_independent_calls_19,A,ok,A,True,ok,A,False,ok,A,True,1,1,2
hold_t03_af,hold_t03,holdout,fable,SELF,fable,fable,astra,fable_independent_calls_11,astra_independent_calls_19,A,ok,A,True,ok,A,False,ok,B,False,2,0,1
hold_t03_am,hold_t03,holdout,astra,NAMED,astra,astra,mimo,astra_independent_calls_19,mimo_independent_calls_11,A,ok,B,False,ok,A,True,ok,B,True,2,0,2
hold_t03_am,hold_t03,holdout,astra,NAMED,fable,astra,mimo,astra_independent_calls_19,mimo_independent_calls_11,A,ok,B,False,ok,A,True,ok,B,True,2,0,2
hold_t03_am,hold_t03,holdout,astra,NAMED,mimo,astra,mimo,astra_independent_calls_19,mimo_independent_calls_11,A,ok,A,True,ok,A,True,ok,A,False,1,1,2
hold_t03_am,hold_t03,holdout,astra,SELF,astra,astra,mimo,astra_independent_calls_19,mimo_independent_calls_11,A,ok,B,False,ok,A,True,ok,B,True,2,0,2
hold_t03_am,hold_t03,holdout,mimo,NAMED,astra,astra,mimo,astra_independent_calls_19,mimo_independent_calls_11,B,ok,A,False,ok,A,False,ok,A,True,1,1,1
hold_t03_am,hold_t03,holdout,mimo,NAMED,fable,astra,mimo,astra_independent_calls_19,mimo_independent_calls_11,B,ok,A,False,ok,A,False,ok,A,True,1,1,1
hold_t03_am,hold_t03,holdout,mimo,NAMED,mimo,astra,mimo,astra_independent_calls_19,mimo_independent_calls_11,B,ok,A,False,ok,A,False,ok,A,True,1,1,1
hold_t03_am,hold_t03,holdout,mimo,SELF,mimo,astra,mimo,astra_independent_calls_19,mimo_independent_calls_11,B,ok,A,False,ok,A,False,ok,A,True,1,1,1
hold_t03_fm,hold_t03,holdout,fable,NAMED,astra,fable,mimo,fable_independent_calls_11,mimo_independent_calls_11,A,ok,A,True,ok,A,False,ok,A,False,1,1,1
hold_t03_fm,hold_t03,holdout,fable,NAMED,fable,fable,mimo,fable_independent_calls_11,mimo_independent_calls_11,A,ok,A,True,ok,A,False,ok,A,False,1,1,1
hold_t03_fm,hold_t03,holdout,fable,NAMED,mimo,fable,mimo,fable_independent_calls_11,mimo_independent_calls_11,A,ok,A,True,ok,A,False,ok,A,False,1,1,1
hold_t03_fm,hold_t03,holdout,fable,SELF,fable,fable,mimo,fable_independent_calls_11,mimo_independent_calls_11,A,ok,A,True,ok,A,False,ok,A,False,1,1,1
hold_t03_fm,hold_t03,holdout,mimo,NAMED,astra,fable,mimo,fable_independent_calls_11,mimo_independent_calls_11,B,ok,A,False,ok,A,True,ok,A,True,1,1,2
hold_t03_fm,hold_t03,holdout,mimo,NAMED,fable,fable,mimo,fable_independent_calls_11,mimo_independent_calls_11,B,ok,A,False,ok,A,True,ok,A,True,1,1,2
hold_t03_fm,hold_t03,holdout,mimo,NAMED,mimo,fable,mimo,fable_independent_calls_11,mimo_independent_calls_11,B,ok,A,False,ok,A,True,ok,A,True,1,1,2
hold_t03_fm,hold_t03,holdout,mimo,SELF,mimo,fable,mimo,fable_independent_calls_11,mimo_independent_calls_11,B,ok,A,False,ok,A,True,ok,A,True,1,1,2
hold_t04_af,hold_t04,holdout,astra,NAMED,astra,fable,astra,fable_independent_calls_10,astra_independent_calls_18,B,ok,A,False,ok,A,False,ok,A,True,1,1,1
hold_t04_af,hold_t04,holdout,astra,NAMED,fable,fable,astra,fable_independent_calls_10,astra_independent_calls_18,B,ok,B,True,ok,A,False,ok,B,False,2,0,1
hold_t04_af,hold_t04,holdout,astra,NAMED,mimo,fable,astra,fable_independent_calls_10,astra_independent_calls_18,B,ok,A,False,ok,A,False,ok,A,True,1,1,1
hold_t04_af,hold_t04,holdout,astra,SELF,astra,fable,astra,fable_independent_calls_10,astra_independent_calls_18,B,ok,A,False,ok,A,False,ok,A,True,1,1,1
hold_t04_af,hold_t04,holdout,fable,NAMED,astra,fable,astra,fable_independent_calls_10,astra_independent_calls_18,A,ok,B,False,ok,A,True,ok,A,False,2,0,1
hold_t04_af,hold_t04,holdout,fable,NAMED,fable,fable,astra,fable_independent_calls_10,astra_independent_calls_18,A,ok,A,True,ok,B,False,ok,A,False,2,0,1
hold_t04_af,hold_t04,holdout,fable,NAMED,mimo,fable,astra,fable_independent_calls_10,astra_independent_calls_18,A,ok,B,False,ok,A,True,ok,A,False,2,0,1
hold_t04_af,hold_t04,holdout,fable,SELF,fable,fable,astra,fable_independent_calls_10,astra_independent_calls_18,A,ok,A,True,ok,B,False,ok,A,False,2,0,1
hold_t04_am,hold_t04,holdout,astra,NAMED,astra,astra,mimo,astra_independent_calls_18,mimo_independent_calls_05,A,ok,B,False,ok,A,True,ok,A,True,2,0,2
hold_t04_am,hold_t04,holdout,astra,NAMED,fable,astra,mimo,astra_independent_calls_18,mimo_independent_calls_05,A,ok,A,True,ok,A,True,ok,A,True,1,1,3
hold_t04_am,hold_t04,holdout,astra,NAMED,mimo,astra,mimo,astra_independent_calls_18,mimo_independent_calls_05,A,ok,A,True,ok,A,True,ok,A,True,1,1,3
hold_t04_am,hold_t04,holdout,astra,SELF,astra,astra,mimo,astra_independent_calls_18,mimo_independent_calls_05,A,ok,A,True,ok,A,True,ok,A,True,1,1,3
hold_t04_am,hold_t04,holdout,mimo,NAMED,astra,astra,mimo,astra_independent_calls_18,mimo_independent_calls_05,B,ok,A,False,ok,B,True,ok,B,True,2,0,2
hold_t04_am,hold_t04,holdout,mimo,NAMED,fable,astra,mimo,astra_independent_calls_18,mimo_independent_calls_05,B,ok,A,False,ok,A,False,ok,A,False,1,1,0
hold_t04_am,hold_t04,holdout,mimo,NAMED,mimo,astra,mimo,astra_independent_calls_18,mimo_independent_calls_05,B,ok,A,False,ok,A,False,ok,A,False,1,1,0
hold_t04_am,hold_t04,holdout,mimo,SELF,mimo,astra,mimo,astra_independent_calls_18,mimo_independent_calls_05,B,ok,A,False,ok,A,False,ok,A,False,1,1,0
hold_t04_fm,hold_t04,holdout,fable,NAMED,astra,fable,mimo,fable_independent_calls_10,mimo_independent_calls_05,A,ok,A,True,ok,B,False,ok,A,True,2,0,2
hold_t04_fm,hold_t04,holdout,fable,NAMED,fable,fable,mimo,fable_independent_calls_10,mimo_independent_calls_05,A,ok,A,True,ok,A,True,ok,B,False,2,0,2
hold_t04_fm,hold_t04,holdout,fable,NAMED,mimo,fable,mimo,fable_independent_calls_10,mimo_independent_calls_05,A,ok,A,True,ok,A,True,ok,A,True,1,1,3
hold_t04_fm,hold_t04,holdout,fable,SELF,fable,fable,mimo,fable_independent_calls_10,mimo_independent_calls_05,A,ok,A,True,ok,A,True,ok,B,False,2,0,2
hold_t04_fm,hold_t04,holdout,mimo,NAMED,astra,fable,mimo,fable_independent_calls_10,mimo_independent_calls_05,B,ok,A,False,ok,A,False,ok,A,False,1,1,0
hold_t04_fm,hold_t04,holdout,mimo,NAMED,fable,fable,mimo,fable_independent_calls_10,mimo_independent_calls_05,B,ok,A,False,ok,A,False,ok,A,False,1,1,0
hold_t04_fm,hold_t04,holdout,mimo,NAMED,mimo,fable,mimo,fable_independent_calls_10,mimo_independent_calls_05,B,ok,A,False,ok,A,False,ok,A,False,1,1,0
hold_t04_fm,hold_t04,holdout,mimo,SELF,mimo,fable,mimo,fable_independent_calls_10,mimo_independent_calls_05,B,ok,A,False,ok,A,False,ok,B,True,2,0,1
hold_t05_af,hold_t05,holdout,astra,NAMED,astra,astra,fable,astra_independent_calls_01,fable_independent_calls_15,A,ok,B,False,ok,B,False,ok,A,True,2,0,1
hold_t05_af,hold_t05,holdout,astra,NAMED,fable,astra,fable,astra_independent_calls_01,fable_independent_calls_15,A,ok,B,False,ok,B,False,ok,A,True,2,0,1
hold_t05_af,hold_t05,holdout,astra,NAMED,mimo,astra,fable,astra_independent_calls_01,fable_independent_calls_15,A,ok,A,True,ok,A,True,ok,A,True,1,1,3
hold_t05_af,hold_t05,holdout,astra,SELF,astra,astra,fable,astra_independent_calls_01,fable_independent_calls_15,A,ok,B,False,ok,B,False,ok,A,True,2,0,1
hold_t05_af,hold_t05,holdout,fable,NAMED,astra,astra,fable,astra_independent_calls_01,fable_independent_calls_15,B,ok,A,False,ok,A,False,ok,A,False,1,1,0
hold_t05_af,hold_t05,holdout,fable,NAMED,fable,astra,fable,astra_independent_calls_01,fable_independent_calls_15,B,ok,B,True,ok,A,False,ok,A,False,2,0,1
hold_t05_af,hold_t05,holdout,fable,NAMED,mimo,astra,fable,astra_independent_calls_01,fable_independent_calls_15,B,ok,A,False,ok,A,False,ok,A,False,1,1,0
hold_t05_af,hold_t05,holdout,fable,SELF,fable,astra,fable,astra_independent_calls_01,fable_independent_calls_15,B,ok,B,True,ok,A,False,ok,A,False,2,0,1
hold_t05_am,hold_t05,holdout,astra,NAMED,astra,mimo,astra,mimo_independent_calls_08,astra_independent_calls_01,B,ok,A,False,ok,A,True,ok,B,True,2,0,2
hold_t05_am,hold_t05,holdout,astra,NAMED,fable,mimo,astra,mimo_independent_calls_08,astra_independent_calls_01,B,ok,A,False,ok,A,True,ok,B,True,2,0,2
hold_t05_am,hold_t05,holdout,astra,NAMED,mimo,mimo,astra,mimo_independent_calls_08,astra_independent_calls_01,B,ok,A,False,ok,A,True,ok,A,False,1,1,1
hold_t05_am,hold_t05,holdout,astra,SELF,astra,mimo,astra,mimo_independent_calls_08,astra_independent_calls_01,B,ok,A,False,ok,A,True,ok,B,True,2,0,2
hold_t05_am,hold_t05,holdout,mimo,NAMED,astra,mimo,astra,mimo_independent_calls_08,astra_independent_calls_01,A,ok,A,True,ok,B,True,ok,A,True,2,0,3
hold_t05_am,hold_t05,holdout,mimo,NAMED,fable,mimo,astra,mimo_independent_calls_08,astra_independent_calls_01,A,ok,A,True,ok,A,False,ok,A,True,1,1,2
hold_t05_am,hold_t05,holdout,mimo,NAMED,mimo,mimo,astra,mimo_independent_calls_08,astra_independent_calls_01,A,ok,A,True,ok,A,False,ok,A,True,1,1,2
hold_t05_am,hold_t05,holdout,mimo,SELF,mimo,mimo,astra,mimo_independent_calls_08,astra_independent_calls_01,A,ok,A,True,ok,A,False,ok,A,True,1,1,2
hold_t05_fm,hold_t05,holdout,fable,NAMED,astra,mimo,fable,mimo_independent_calls_08,fable_independent_calls_15,B,ok,A,False,ok,A,True,ok,A,False,1,1,1
hold_t05_fm,hold_t05,holdout,fable,NAMED,fable,mimo,fable,mimo_independent_calls_08,fable_independent_calls_15,B,ok,A,False,ok,B,False,ok,A,False,2,0,0
hold_t05_fm,hold_t05,holdout,fable,NAMED,mimo,mimo,fable,mimo_independent_calls_08,fable_independent_calls_15,B,ok,A,False,ok,A,True,ok,A,False,1,1,1
hold_t05_fm,hold_t05,holdout,fable,SELF,fable,mimo,fable,mimo_independent_calls_08,fable_independent_calls_15,B,ok,B,True,ok,B,False,ok,A,False,2,0,1
hold_t05_fm,hold_t05,holdout,mimo,NAMED,astra,mimo,fable,mimo_independent_calls_08,fable_independent_calls_15,A,ok,A,True,ok,A,False,ok,A,True,1,1,2
hold_t05_fm,hold_t05,holdout,mimo,NAMED,fable,mimo,fable,mimo_independent_calls_08,fable_independent_calls_15,A,ok,A,True,ok,A,False,ok,A,True,1,1,2
hold_t05_fm,hold_t05,holdout,mimo,NAMED,mimo,mimo,fable,mimo_independent_calls_08,fable_independent_calls_15,A,ok,A,True,ok,A,False,ok,A,True,1,1,2
hold_t05_fm,hold_t05,holdout,mimo,SELF,mimo,mimo,fable,mimo_independent_calls_08,fable_independent_calls_15,A,ok,A,True,ok,A,False,ok,A,True,1,1,2
hold_t06_af,hold_t06,holdout,astra,NAMED,astra,astra,fable,astra_independent_calls_04,fable_independent_calls_02,A,ok,B,False,ok,B,False,ok,A,False,2,0,0
hold_t06_af,hold_t06,holdout,astra,NAMED,fable,astra,fable,astra_independent_calls_04,fable_independent_calls_02,A,ok,B,False,ok,A,True,ok,A,False,2,0,1
hold_t06_af,hold_t06,holdout,astra,NAMED,mimo,astra,fable,astra_independent_calls_04,fable_independent_calls_02,A,ok,A,True,ok,A,True,ok,A,False,1,1,2
hold_t06_af,hold_t06,holdout,astra,SELF,astra,astra,fable,astra_independent_calls_04,fable_independent_calls_02,A,ok,B,False,ok,B,False,ok,A,False,2,0,0
hold_t06_af,hold_t06,holdout,fable,NAMED,astra,astra,fable,astra_independent_calls_04,fable_independent_calls_02,B,ok,A,False,ok,A,False,ok,B,False,2,0,0
hold_t06_af,hold_t06,holdout,fable,NAMED,fable,astra,fable,astra_independent_calls_04,fable_independent_calls_02,B,ok,B,True,ok,A,False,ok,B,False,2,0,1
hold_t06_af,hold_t06,holdout,fable,NAMED,mimo,astra,fable,astra_independent_calls_04,fable_independent_calls_02,B,ok,A,False,ok,A,False,ok,B,False,2,0,0
hold_t06_af,hold_t06,holdout,fable,SELF,fable,astra,fable,astra_independent_calls_04,fable_independent_calls_02,B,ok,B,True,ok,A,False,ok,B,False,2,0,1
hold_t06_am,hold_t06,holdout,astra,NAMED,astra,mimo,astra,mimo_independent_calls_16,astra_independent_calls_04,B,ok,A,False,ok,A,False,ok,B,True,2,0,1
hold_t06_am,hold_t06,holdout,astra,NAMED,fable,mimo,astra,mimo_independent_calls_16,astra_independent_calls_04,B,ok,A,False,ok,B,True,ok,B,True,2,0,2
hold_t06_am,hold_t06,holdout,astra,NAMED,mimo,mimo,astra,mimo_independent_calls_16,astra_independent_calls_04,B,ok,A,False,ok,A,False,ok,A,False,1,1,0
hold_t06_am,hold_t06,holdout,astra,SELF,astra,mimo,astra,mimo_independent_calls_16,astra_independent_calls_04,B,ok,A,False,ok,A,False,ok,B,True,2,0,1
hold_t06_am,hold_t06,holdout,mimo,NAMED,astra,mimo,astra,mimo_independent_calls_16,astra_independent_calls_04,A,ok,B,False,ok,A,True,ok,A,True,2,0,2
hold_t06_am,hold_t06,holdout,mimo,NAMED,fable,mimo,astra,mimo_independent_calls_16,astra_independent_calls_04,A,ok,A,True,ok,A,True,ok,A,True,1,1,3
hold_t06_am,hold_t06,holdout,mimo,NAMED,mimo,mimo,astra,mimo_independent_calls_16,astra_independent_calls_04,A,ok,A,True,ok,A,True,ok,A,True,1,1,3
hold_t06_am,hold_t06,holdout,mimo,SELF,mimo,mimo,astra,mimo_independent_calls_16,astra_independent_calls_04,A,ok,A,True,ok,A,True,ok,A,True,1,1,3
hold_t06_fm,hold_t06,holdout,fable,NAMED,astra,mimo,fable,mimo_independent_calls_16,fable_independent_calls_02,B,ok,A,False,ok,B,False,ok,B,False,2,0,0
hold_t06_fm,hold_t06,holdout,fable,NAMED,fable,mimo,fable,mimo_independent_calls_16,fable_independent_calls_02,B,ok,A,False,ok,B,False,ok,B,False,2,0,0
hold_t06_fm,hold_t06,holdout,fable,NAMED,mimo,mimo,fable,mimo_independent_calls_16,fable_independent_calls_02,B,ok,A,False,ok,A,True,ok,B,False,2,0,1
hold_t06_fm,hold_t06,holdout,fable,SELF,fable,mimo,fable,mimo_independent_calls_16,fable_independent_calls_02,B,ok,A,False,ok,B,False,ok,B,False,2,0,0
hold_t06_fm,hold_t06,holdout,mimo,NAMED,astra,mimo,fable,mimo_independent_calls_16,fable_independent_calls_02,A,ok,A,True,ok,A,False,ok,A,False,1,1,1
hold_t06_fm,hold_t06,holdout,mimo,NAMED,fable,mimo,fable,mimo_independent_calls_16,fable_independent_calls_02,A,ok,A,True,ok,A,False,ok,B,True,2,0,2
hold_t06_fm,hold_t06,holdout,mimo,NAMED,mimo,mimo,fable,mimo_independent_calls_16,fable_independent_calls_02,A,ok,A,True,ok,A,False,ok,A,False,1,1,1
hold_t06_fm,hold_t06,holdout,mimo,SELF,mimo,mimo,fable,mimo_independent_calls_16,fable_independent_calls_02,A,ok,A,True,ok,A,False,ok,B,True,2,0,2
hold_t07_af,hold_t07,holdout,astra,NAMED,astra,astra,fable,astra_independent_calls_08,fable_independent_calls_01,A,ok,B,False,ok,A,False,ok,A,True,2,0,1
hold_t07_af,hold_t07,holdout,astra,NAMED,fable,astra,fable,astra_independent_calls_08,fable_independent_calls_01,A,ok,A,True,ok,B,True,ok,B,False,2,0,2
hold_t07_af,hold_t07,holdout,astra,NAMED,mimo,astra,fable,astra_independent_calls_08,fable_independent_calls_01,A,ok,A,True,ok,A,False,ok,A,True,1,1,2
hold_t07_af,hold_t07,holdout,astra,SELF,astra,astra,fable,astra_independent_calls_08,fable_independent_calls_01,A,ok,B,False,ok,A,False,ok,A,True,2,0,1
hold_t07_af,hold_t07,holdout,fable,NAMED,astra,astra,fable,astra_independent_calls_08,fable_independent_calls_01,B,ok,A,False,ok,B,False,ok,A,False,2,0,0
hold_t07_af,hold_t07,holdout,fable,NAMED,fable,astra,fable,astra_independent_calls_08,fable_independent_calls_01,B,ok,B,True,ok,B,False,ok,A,False,2,0,1
hold_t07_af,hold_t07,holdout,fable,NAMED,mimo,astra,fable,astra_independent_calls_08,fable_independent_calls_01,B,ok,B,True,ok,A,True,ok,A,False,2,0,2
hold_t07_af,hold_t07,holdout,fable,SELF,fable,astra,fable,astra_independent_calls_08,fable_independent_calls_01,B,ok,B,True,ok,B,False,ok,A,False,2,0,1
hold_t07_am,hold_t07,holdout,astra,NAMED,astra,mimo,astra,mimo_independent_calls_19,astra_independent_calls_08,B,ok,A,False,ok,A,False,ok,B,True,2,0,1
hold_t07_am,hold_t07,holdout,astra,NAMED,fable,mimo,astra,mimo_independent_calls_19,astra_independent_calls_08,B,ok,A,False,ok,B,True,ok,B,True,2,0,2
hold_t07_am,hold_t07,holdout,astra,NAMED,mimo,mimo,astra,mimo_independent_calls_19,astra_independent_calls_08,B,ok,A,False,ok,A,False,ok,A,False,1,1,0
hold_t07_am,hold_t07,holdout,astra,SELF,astra,mimo,astra,mimo_independent_calls_19,astra_independent_calls_08,B,ok,A,False,ok,B,True,ok,B,True,2,0,2
hold_t07_am,hold_t07,holdout,mimo,NAMED,astra,mimo,astra,mimo_independent_calls_19,astra_independent_calls_08,A,ok,A,True,ok,A,True,ok,A,True,1,1,3
hold_t07_am,hold_t07,holdout,mimo,NAMED,fable,mimo,astra,mimo_independent_calls_19,astra_independent_calls_08,A,ok,A,True,ok,B,False,ok,B,False,2,0,1
hold_t07_am,hold_t07,holdout,mimo,NAMED,mimo,mimo,astra,mimo_independent_calls_19,astra_independent_calls_08,A,ok,A,True,ok,A,True,ok,A,True,1,1,3
hold_t07_am,hold_t07,holdout,mimo,SELF,mimo,mimo,astra,mimo_independent_calls_19,astra_independent_calls_08,A,ok,A,True,ok,A,True,ok,A,True,1,1,3
hold_t07_fm,hold_t07,holdout,fable,NAMED,astra,mimo,fable,mimo_independent_calls_19,fable_independent_calls_01,B,ok,A,False,ok,B,False,ok,A,False,2,0,0
hold_t07_fm,hold_t07,holdout,fable,NAMED,fable,mimo,fable,mimo_independent_calls_19,fable_independent_calls_01,B,ok,A,False,ok,B,False,ok,A,False,2,0,0
hold_t07_fm,hold_t07,holdout,fable,NAMED,mimo,mimo,fable,mimo_independent_calls_19,fable_independent_calls_01,B,ok,A,False,ok,A,True,ok,A,False,1,1,1
hold_t07_fm,hold_t07,holdout,fable,SELF,fable,mimo,fable,mimo_independent_calls_19,fable_independent_calls_01,B,ok,B,True,ok,B,False,ok,A,False,2,0,1
hold_t07_fm,hold_t07,holdout,mimo,NAMED,astra,mimo,fable,mimo_independent_calls_19,fable_independent_calls_01,A,ok,A,True,ok,A,False,ok,A,True,1,1,2
hold_t07_fm,hold_t07,holdout,mimo,NAMED,fable,mimo,fable,mimo_independent_calls_19,fable_independent_calls_01,A,ok,A,True,ok,A,False,ok,A,True,1,1,2
hold_t07_fm,hold_t07,holdout,mimo,NAMED,mimo,mimo,fable,mimo_independent_calls_19,fable_independent_calls_01,A,ok,A,True,ok,A,False,ok,A,True,1,1,2
hold_t07_fm,hold_t07,holdout,mimo,SELF,mimo,mimo,fable,mimo_independent_calls_19,fable_independent_calls_01,A,ok,A,True,ok,A,False,ok,A,True,1,1,2
hold_t08_af,hold_t08,holdout,astra,NAMED,astra,fable,astra,fable_independent_calls_04,astra_independent_calls_17,B,ok,A,False,ok,A,True,ok,A,False,1,1,1
hold_t08_af,hold_t08,holdout,astra,NAMED,fable,fable,astra,fable_independent_calls_04,astra_independent_calls_17,B,ok,A,False,ok,B,False,ok,A,False,2,0,0
hold_t08_af,hold_t08,holdout,astra,NAMED,mimo,fable,astra,fable_independent_calls_04,astra_independent_calls_17,B,ok,A,False,ok,A,True,ok,A,False,1,1,1
hold_t08_af,hold_t08,holdout,astra,SELF,astra,fable,astra,fable_independent_calls_04,astra_independent_calls_17,B,ok,A,False,ok,A,True,ok,A,False,1,1,1
hold_t08_af,hold_t08,holdout,fable,NAMED,astra,fable,astra,fable_independent_calls_04,astra_independent_calls_17,A,ok,B,False,ok,A,False,ok,B,False,2,0,0
hold_t08_af,hold_t08,holdout,fable,NAMED,fable,fable,astra,fable_independent_calls_04,astra_independent_calls_17,A,ok,A,True,ok,A,False,ok,B,False,2,0,1
hold_t08_af,hold_t08,holdout,fable,NAMED,mimo,fable,astra,fable_independent_calls_04,astra_independent_calls_17,A,ok,A,True,ok,A,False,ok,A,True,1,1,2
hold_t08_af,hold_t08,holdout,fable,SELF,fable,fable,astra,fable_independent_calls_04,astra_independent_calls_17,A,ok,A,True,ok,A,False,ok,B,False,2,0,1
hold_t08_am,hold_t08,holdout,astra,NAMED,astra,astra,mimo,astra_independent_calls_17,mimo_independent_calls_02,A,ok,B,False,ok,B,True,ok,A,True,2,0,2
hold_t08_am,hold_t08,holdout,astra,NAMED,fable,astra,mimo,astra_independent_calls_17,mimo_independent_calls_02,A,ok,A,True,ok,B,True,ok,A,True,2,0,3
hold_t08_am,hold_t08,holdout,astra,NAMED,mimo,astra,mimo,astra_independent_calls_17,mimo_independent_calls_02,A,ok,A,True,ok,A,False,ok,A,True,1,1,2
hold_t08_am,hold_t08,holdout,astra,SELF,astra,astra,mimo,astra_independent_calls_17,mimo_independent_calls_02,A,ok,B,False,ok,A,False,ok,A,True,2,0,1
hold_t08_am,hold_t08,holdout,mimo,NAMED,astra,astra,mimo,astra_independent_calls_17,mimo_independent_calls_02,B,ok,A,False,ok,A,True,ok,B,True,2,0,2
hold_t08_am,hold_t08,holdout,mimo,NAMED,fable,astra,mimo,astra_independent_calls_17,mimo_independent_calls_02,B,ok,A,False,ok,B,False,ok,A,False,2,0,0
hold_t08_am,hold_t08,holdout,mimo,NAMED,mimo,astra,mimo,astra_independent_calls_17,mimo_independent_calls_02,B,ok,A,False,ok,A,True,ok,A,False,1,1,1
hold_t08_am,hold_t08,holdout,mimo,SELF,mimo,astra,mimo,astra_independent_calls_17,mimo_independent_calls_02,B,ok,A,False,ok,A,True,ok,A,False,1,1,1
hold_t08_fm,hold_t08,holdout,fable,NAMED,astra,fable,mimo,fable_independent_calls_04,mimo_independent_calls_02,A,ok,A,True,ok,B,False,ok,B,False,2,0,1
hold_t08_fm,hold_t08,holdout,fable,NAMED,fable,fable,mimo,fable_independent_calls_04,mimo_independent_calls_02,A,ok,A,True,ok,B,False,ok,B,False,2,0,1
hold_t08_fm,hold_t08,holdout,fable,NAMED,mimo,fable,mimo,fable_independent_calls_04,mimo_independent_calls_02,A,ok,A,True,ok,A,True,ok,A,True,1,1,3
hold_t08_fm,hold_t08,holdout,fable,SELF,fable,fable,mimo,fable_independent_calls_04,mimo_independent_calls_02,A,ok,A,True,ok,B,False,ok,B,False,2,0,1
hold_t08_fm,hold_t08,holdout,mimo,NAMED,astra,fable,mimo,fable_independent_calls_04,mimo_independent_calls_02,B,ok,A,False,ok,A,False,ok,A,False,1,1,0
hold_t08_fm,hold_t08,holdout,mimo,NAMED,fable,fable,mimo,fable_independent_calls_04,mimo_independent_calls_02,B,ok,B,True,ok,A,False,ok,A,False,2,0,1
hold_t08_fm,hold_t08,holdout,mimo,NAMED,mimo,fable,mimo,fable_independent_calls_04,mimo_independent_calls_02,B,ok,A,False,ok,A,False,ok,A,False,1,1,0
hold_t08_fm,hold_t08,holdout,mimo,SELF,mimo,fable,mimo,fable_independent_calls_04,mimo_independent_calls_02,B,ok,A,False,ok,A,False,ok,A,False,1,1,0
hold_t09_af,hold_t09,holdout,astra,NAMED,astra,astra,fable,astra_independent_calls_16,fable_independent_calls_07,A,ok,B,False,ok,A,False,ok,A,False,2,0,0
hold_t09_af,hold_t09,holdout,astra,NAMED,fable,astra,fable,astra_independent_calls_16,fable_independent_calls_07,A,ok,A,True,ok,B,True,ok,B,True,2,0,3
hold_t09_af,hold_t09,holdout,astra,NAMED,mimo,astra,fable,astra_independent_calls_16,fable_independent_calls_07,A,ok,A,True,ok,A,False,ok,A,False,1,1,1
hold_t09_af,hold_t09,holdout,astra,SELF,astra,astra,fable,astra_independent_calls_16,fable_independent_calls_07,A,ok,B,False,ok,A,False,ok,A,False,2,0,0
hold_t09_af,hold_t09,holdout,fable,NAMED,astra,astra,fable,astra_independent_calls_16,fable_independent_calls_07,B,ok,A,False,ok,B,False,ok,B,False,2,0,0
hold_t09_af,hold_t09,holdout,fable,NAMED,fable,astra,fable,astra_independent_calls_16,fable_independent_calls_07,B,ok,B,True,ok,A,True,ok,B,False,2,0,2
hold_t09_af,hold_t09,holdout,fable,NAMED,mimo,astra,fable,astra_independent_calls_16,fable_independent_calls_07,B,ok,A,False,ok,A,True,ok,A,True,1,1,2
hold_t09_af,hold_t09,holdout,fable,SELF,fable,astra,fable,astra_independent_calls_16,fable_independent_calls_07,B,ok,B,True,ok,B,False,ok,B,False,1,1,1
hold_t09_am,hold_t09,holdout,astra,NAMED,astra,mimo,astra,mimo_independent_calls_18,astra_independent_calls_16,B,ok,A,False,ok,A,True,ok,A,True,1,1,2
hold_t09_am,hold_t09,holdout,astra,NAMED,fable,mimo,astra,mimo_independent_calls_18,astra_independent_calls_16,B,ok,A,False,ok,A,True,ok,A,True,1,1,2
hold_t09_am,hold_t09,holdout,astra,NAMED,mimo,mimo,astra,mimo_independent_calls_18,astra_independent_calls_16,B,ok,A,False,ok,A,True,ok,A,True,1,1,2
hold_t09_am,hold_t09,holdout,astra,SELF,astra,mimo,astra,mimo_independent_calls_18,astra_independent_calls_16,B,ok,A,False,ok,A,True,ok,A,True,1,1,2
hold_t09_am,hold_t09,holdout,mimo,NAMED,astra,mimo,astra,mimo_independent_calls_18,astra_independent_calls_16,A,ok,B,False,ok,B,True,ok,A,False,2,0,1
hold_t09_am,hold_t09,holdout,mimo,NAMED,fable,mimo,astra,mimo_independent_calls_18,astra_independent_calls_16,A,ok,A,True,ok,A,False,ok,A,False,1,1,1
hold_t09_am,hold_t09,holdout,mimo,NAMED,mimo,mimo,astra,mimo_independent_calls_18,astra_independent_calls_16,A,ok,A,True,ok,A,False,ok,A,False,1,1,1
hold_t09_am,hold_t09,holdout,mimo,SELF,mimo,mimo,astra,mimo_independent_calls_18,astra_independent_calls_16,A,ok,A,True,ok,B,True,ok,A,False,2,0,2
hold_t09_fm,hold_t09,holdout,fable,NAMED,astra,mimo,fable,mimo_independent_calls_18,fable_independent_calls_07,B,ok,A,False,ok,A,False,ok,B,False,2,0,0
hold_t09_fm,hold_t09,holdout,fable,NAMED,fable,mimo,fable,mimo_independent_calls_18,fable_independent_calls_07,B,ok,A,False,ok,A,False,ok,A,True,1,1,1
hold_t09_fm,hold_t09,holdout,fable,NAMED,mimo,mimo,fable,mimo_independent_calls_18,fable_independent_calls_07,B,ok,A,False,ok,A,False,ok,A,True,1,1,1
hold_t09_fm,hold_t09,holdout,fable,SELF,fable,mimo,fable,mimo_independent_calls_18,fable_independent_calls_07,B,ok,B,True,ok,A,False,ok,B,False,2,0,1
hold_t09_fm,hold_t09,holdout,mimo,NAMED,astra,mimo,fable,mimo_independent_calls_18,fable_independent_calls_07,A,ok,A,True,ok,A,True,ok,A,False,1,1,2
hold_t09_fm,hold_t09,holdout,mimo,NAMED,fable,mimo,fable,mimo_independent_calls_18,fable_independent_calls_07,A,ok,B,False,ok,A,True,ok,A,False,2,0,1
hold_t09_fm,hold_t09,holdout,mimo,NAMED,mimo,mimo,fable,mimo_independent_calls_18,fable_independent_calls_07,A,ok,A,True,ok,A,True,ok,A,False,1,1,2
hold_t09_fm,hold_t09,holdout,mimo,SELF,mimo,mimo,fable,mimo_independent_calls_18,fable_independent_calls_07,A,ok,A,True,ok,A,True,ok,A,False,1,1,2
hold_t10_af,hold_t10,holdout,astra,NAMED,astra,astra,fable,astra_independent_calls_07,fable_independent_calls_03,A,ok,B,False,ok,B,False,ok,A,False,2,0,0
hold_t10_af,hold_t10,holdout,astra,NAMED,fable,astra,fable,astra_independent_calls_07,fable_independent_calls_03,A,ok,B,False,ok,A,True,ok,A,False,2,0,1
hold_t10_af,hold_t10,holdout,astra,NAMED,mimo,astra,fable,astra_independent_calls_07,fable_independent_calls_03,A,ok,A,True,ok,A,True,ok,A,False,1,1,2
hold_t10_af,hold_t10,holdout,astra,SELF,astra,astra,fable,astra_independent_calls_07,fable_independent_calls_03,A,ok,B,False,ok,B,False,ok,A,False,2,0,0
hold_t10_af,hold_t10,holdout,fable,NAMED,astra,astra,fable,astra_independent_calls_07,fable_independent_calls_03,B,ok,A,False,ok,A,False,ok,B,False,2,0,0
hold_t10_af,hold_t10,holdout,fable,NAMED,fable,astra,fable,astra_independent_calls_07,fable_independent_calls_03,B,ok,B,True,ok,A,False,ok,B,False,2,0,1
hold_t10_af,hold_t10,holdout,fable,NAMED,mimo,astra,fable,astra_independent_calls_07,fable_independent_calls_03,B,ok,A,False,ok,A,False,ok,A,True,1,1,1
hold_t10_af,hold_t10,holdout,fable,SELF,fable,astra,fable,astra_independent_calls_07,fable_independent_calls_03,B,ok,A,False,ok,A,False,ok,B,False,2,0,0
hold_t10_am,hold_t10,holdout,astra,NAMED,astra,astra,mimo,astra_independent_calls_07,mimo_independent_calls_12,A,ok,B,False,ok,B,False,ok,B,True,1,1,1
hold_t10_am,hold_t10,holdout,astra,NAMED,fable,astra,mimo,astra_independent_calls_07,mimo_independent_calls_12,A,ok,B,False,ok,A,True,ok,B,True,2,0,2
hold_t10_am,hold_t10,holdout,astra,NAMED,mimo,astra,mimo,astra_independent_calls_07,mimo_independent_calls_12,A,ok,B,False,ok,A,True,ok,A,False,2,0,1
hold_t10_am,hold_t10,holdout,astra,SELF,astra,astra,mimo,astra_independent_calls_07,mimo_independent_calls_12,A,ok,B,False,ok,A,True,ok,B,True,2,0,2
hold_t10_am,hold_t10,holdout,mimo,NAMED,astra,astra,mimo,astra_independent_calls_07,mimo_independent_calls_12,B,ok,A,False,ok,B,True,ok,A,True,2,0,2
hold_t10_am,hold_t10,holdout,mimo,NAMED,fable,astra,mimo,astra_independent_calls_07,mimo_independent_calls_12,B,ok,A,False,ok,A,False,ok,A,True,1,1,1
hold_t10_am,hold_t10,holdout,mimo,NAMED,mimo,astra,mimo,astra_independent_calls_07,mimo_independent_calls_12,B,ok,A,False,ok,A,False,ok,A,True,1,1,1
hold_t10_am,hold_t10,holdout,mimo,SELF,mimo,astra,mimo,astra_independent_calls_07,mimo_independent_calls_12,B,ok,A,False,ok,A,False,ok,A,True,1,1,1
hold_t10_fm,hold_t10,holdout,fable,NAMED,astra,fable,mimo,fable_independent_calls_03,mimo_independent_calls_12,A,ok,A,True,ok,A,False,ok,A,False,1,1,1
hold_t10_fm,hold_t10,holdout,fable,NAMED,fable,fable,mimo,fable_independent_calls_03,mimo_independent_calls_12,A,ok,A,True,ok,A,False,ok,A,False,1,1,1
hold_t10_fm,hold_t10,holdout,fable,NAMED,mimo,fable,mimo,fable_independent_calls_03,mimo_independent_calls_12,A,ok,A,True,ok,A,False,ok,A,False,1,1,1
hold_t10_fm,hold_t10,holdout,fable,SELF,fable,fable,mimo,fable_independent_calls_03,mimo_independent_calls_12,A,ok,A,True,ok,A,False,ok,A,False,1,1,1
hold_t10_fm,hold_t10,holdout,mimo,NAMED,astra,fable,mimo,fable_independent_calls_03,mimo_independent_calls_12,B,ok,A,False,ok,A,True,ok,A,True,1,1,2
hold_t10_fm,hold_t10,holdout,mimo,NAMED,fable,fable,mimo,fable_independent_calls_03,mimo_independent_calls_12,B,ok,A,False,ok,A,True,ok,B,False,2,0,1
hold_t10_fm,hold_t10,holdout,mimo,NAMED,mimo,fable,mimo,fable_independent_calls_03,mimo_independent_calls_12,B,ok,A,False,ok,A,True,ok,A,True,1,1,2
hold_t10_fm,hold_t10,holdout,mimo,SELF,mimo,fable,mimo,fable_independent_calls_03,mimo_independent_calls_12,B,ok,A,False,ok,A,True,ok,A,True,1,1,2
