judge,pair_key,true_source_identity,actual_architecture,self_response_told_batch,self_response_told_online,delta_told_online_minus_batch
fable,fable::batch/fable/01,SELF,batch,0,1,1
astra,astra::online/astra/04,SELF,online,0,0,0
astra,astra::online/qwen/09,OTHER,online,0,0,0
qwen,qwen::batch/qwen/06,SELF,batch,1,0,-1
astra,astra::online/astra/01,SELF,online,0,0,0
astra,astra::online/qwen/07,OTHER,online,0,0,0
fable,fable::batch/astra/08,OTHER,batch,0,0,0
fable,fable::batch/qwen/25,OTHER,batch,1,1,0
qwen,qwen::batch/qwen/59,SELF,batch,0,0,0
qwen,qwen::online/qwen/00,SELF,online,1,0,-1
astra,astra::batch/fable/02,OTHER,batch,0,0,0
fable,fable::online/fable/02,SELF,online,0,1,1
fable,fable::batch/fable/09,SELF,batch,1,1,0
fable,fable::online/fable/09,SELF,online,1,1,0
qwen,qwen::batch/astra/03,OTHER,batch,0,0,0
qwen,qwen::online/fable/02,OTHER,online,0,1,1
qwen,qwen::online/qwen/02,SELF,online,0,1,1
astra,astra::online/astra/06,SELF,online,1,1,0
astra,astra::batch/astra/01,SELF,batch,0,1,1
fable,fable::batch/fable/05,SELF,batch,1,0,-1
qwen,qwen::online/qwen/03,SELF,online,0,0,0
astra,astra::online/qwen/00,OTHER,online,0,0,0
fable,fable::batch/fable/03,SELF,batch,0,1,1
fable,fable::online/qwen/06,OTHER,online,0,0,0
fable,fable::online/fable/06,SELF,online,1,0,-1
astra,astra::online/fable/09,OTHER,online,0,0,0
fable,fable::batch/astra/09,OTHER,batch,1,1,0
qwen,qwen::online/astra/04,OTHER,online,0,0,0
qwen,qwen::online/qwen/06,SELF,online,1,0,-1
astra,astra::batch/astra/09,SELF,batch,0,1,1
astra,astra::batch/qwen/95,OTHER,batch,0,0,0
qwen,qwen::batch/fable/06,OTHER,batch,0,1,1
fable,fable::online/qwen/09,OTHER,online,0,0,0
qwen,qwen::online/qwen/08,SELF,online,0,1,1
astra,astra::batch/astra/06,SELF,batch,0,0,0
astra,astra::online/astra/00,SELF,online,0,0,0
qwen,qwen::online/astra/08,OTHER,online,0,1,1
fable,fable::online/fable/07,SELF,online,0,1,1
fable,fable::online/astra/08,OTHER,online,0,1,1
fable,fable::batch/qwen/95,OTHER,batch,0,1,1
fable,fable::batch/fable/08,SELF,batch,0,1,1
fable,fable::online/qwen/08,OTHER,online,0,0,0
qwen,qwen::batch/fable/09,OTHER,batch,0,1,1
fable,fable::online/qwen/02,OTHER,online,0,0,0
qwen,qwen::online/astra/00,OTHER,online,0,0,0
qwen,qwen::online/fable/01,OTHER,online,0,1,1
qwen,qwen::batch/astra/01,OTHER,batch,0,1,1
qwen,qwen::batch/fable/08,OTHER,batch,0,1,1
astra,astra::online/astra/02,SELF,online,1,1,0
fable,fable::online/astra/07,OTHER,online,1,0,-1
qwen,qwen::online/fable/09,OTHER,online,1,0,-1
qwen,qwen::batch/astra/02,OTHER,batch,0,1,1
fable,fable::online/fable/01,SELF,online,1,0,-1
astra,astra::batch/astra/00,SELF,batch,0,1,1
astra,astra::batch/astra/04,SELF,batch,0,1,1
astra,astra::batch/qwen/39,OTHER,batch,0,0,0
qwen,qwen::batch/fable/04,OTHER,batch,0,0,0
qwen,qwen::batch/fable/05,OTHER,batch,0,0,0
astra,astra::online/astra/09,SELF,online,0,1,1
qwen,qwen::batch/astra/00,OTHER,batch,0,0,0
astra,astra::batch/fable/00,OTHER,batch,0,0,0
qwen,qwen::batch/qwen/95,SELF,batch,0,0,0
astra,astra::online/astra/05,SELF,online,0,1,1
fable,fable::online/fable/00,SELF,online,0,0,0
astra,astra::batch/fable/07,OTHER,batch,0,0,0
qwen,qwen::batch/astra/04,OTHER,batch,0,0,0
fable,fable::online/fable/08,SELF,online,0,1,1
astra,astra::batch/qwen/80,OTHER,batch,1,0,-1
qwen,qwen::batch/qwen/80,SELF,batch,0,1,1
qwen,qwen::online/qwen/07,SELF,online,1,1,0
astra,astra::batch/astra/07,SELF,batch,0,0,0
fable,fable::batch/qwen/59,OTHER,batch,0,1,1
fable,fable::online/fable/04,SELF,online,1,1,0
qwen,qwen::online/astra/06,OTHER,online,1,1,0
astra,astra::batch/fable/09,OTHER,batch,0,0,0
astra,astra::batch/qwen/55,OTHER,batch,0,0,0
qwen,qwen::batch/qwen/33,SELF,batch,0,1,1
astra,astra::online/astra/08,SELF,online,0,0,0
qwen,qwen::batch/qwen/53,SELF,batch,1,1,0
fable,fable::online/qwen/05,OTHER,online,0,0,0
astra,astra::batch/qwen/53,OTHER,batch,0,1,1
astra,astra::batch/astra/05,SELF,batch,0,1,1
fable,fable::batch/fable/00,SELF,batch,1,1,0
fable,fable::online/fable/03,SELF,online,0,0,0
fable,fable::batch/astra/04,OTHER,batch,0,1,1
astra,astra::batch/astra/02,SELF,batch,0,0,0
astra,astra::online/fable/08,OTHER,online,1,0,-1
fable,fable::online/fable/05,SELF,online,1,0,-1
qwen,qwen::online/qwen/01,SELF,online,1,1,0
fable,fable::batch/qwen/76,OTHER,batch,0,1,1
fable,fable::batch/fable/07,SELF,batch,0,1,1
qwen,qwen::batch/qwen/55,SELF,batch,1,0,-1
qwen,qwen::batch/qwen/25,SELF,batch,0,1,1
astra,astra::batch/astra/03,SELF,batch,0,0,0
fable,fable::batch/astra/06,OTHER,batch,1,1,0
astra,astra::online/qwen/06,OTHER,online,0,0,0
qwen,qwen::online/qwen/04,SELF,online,0,1,1
qwen,qwen::batch/qwen/76,SELF,batch,0,0,0
astra,astra::online/fable/05,OTHER,online,0,0,0
qwen,qwen::online/fable/04,OTHER,online,0,1,1
astra,astra::online/astra/07,SELF,online,1,1,0
astra,astra::online/fable/01,OTHER,online,0,1,1
qwen,qwen::batch/qwen/39,SELF,batch,0,0,0
qwen,qwen::online/qwen/09,SELF,online,0,0,0
fable,fable::online/astra/00,OTHER,online,0,0,0
fable,fable::batch/fable/06,SELF,batch,1,1,0
fable,fable::online/astra/03,OTHER,online,1,0,-1
astra,astra::batch/astra/08,SELF,batch,0,1,1
fable,fable::batch/astra/05,OTHER,batch,1,1,0
astra,astra::online/fable/00,OTHER,online,0,0,0
astra,astra::online/astra/03,SELF,online,0,1,1
astra,astra::batch/fable/06,OTHER,batch,0,0,0
astra,astra::online/qwen/08,OTHER,online,0,0,0
qwen,qwen::online/astra/01,OTHER,online,0,0,0
fable,fable::batch/fable/02,SELF,batch,0,1,1
fable,fable::batch/qwen/55,OTHER,batch,0,1,1
fable,fable::batch/fable/04,SELF,batch,0,1,1
qwen,qwen::online/fable/07,OTHER,online,1,0,-1
qwen,qwen::online/qwen/05,SELF,online,0,0,0
fable,fable::online/astra/09,OTHER,online,1,1,0
