judge,true_source_identity,actual_architecture,n_pairs,mean_delta_told_online_minus_batch,n_delta_positive,n_delta_negative,n_delta_zero
astra,SELF,batch,10,0.6,6,0,4
astra,SELF,online,10,0.3,3,0,7
astra,OTHER,batch,10,0.0,1,1,8
astra,OTHER,online,10,0.0,1,1,8
fable,SELF,batch,10,0.5,6,1,3
fable,SELF,online,10,0.0,3,3,4
fable,OTHER,batch,10,0.5,5,0,5
fable,OTHER,online,10,-0.1,1,2,7
qwen,SELF,batch,10,0.1,3,2,5
qwen,SELF,online,10,0.1,3,2,5
qwen,OTHER,batch,10,0.5,5,0,5
qwen,OTHER,online,10,0.2,4,2,4
