judge,actual_architecture,stated_architecture,n_target,n_lure,self_hits,false_alarms,hit_rate,false_alarm_rate,d_prime,criterion
astra,batch,batch,10,10,0,1,0.0,0.1,-0.5938180657891852,1.3937125959256491
astra,batch,online,10,10,6,1,0.6,0.1,1.3266876803870995,0.43345972283750683
astra,online,batch,10,10,3,1,0.3,0.1,0.6240144416958484,0.7847963421831324
astra,online,online,10,10,6,1,0.6,0.1,1.3266876803870995,0.43345972283750683
fable,batch,batch,10,10,4,4,0.4,0.4,0.0,0.2298841173560428
fable,batch,online,10,10,9,9,0.9,0.9,0.0,-1.0968035630310566
fable,online,batch,10,10,5,3,0.5,0.3,0.47278912133520823,0.23639456066760411
fable,online,online,10,10,5,2,0.5,0.2,0.7478585941205238,0.3739292970602619
qwen,batch,batch,10,10,3,0,0.3,0.0,1.2178325074850336,1.081705375077725
qwen,batch,online,10,10,4,5,0.4,0.5,-0.2298841173560428,0.1149420586780214
qwen,online,batch,10,10,4,3,0.4,0.3,0.24290500397916542,0.35133661934562554
qwen,online,online,10,10,5,5,0.5,0.5,0.0,-0.0
