trajectory_id,model,procedure,feature,value
astra_batch_01,astra,batch,p_H,0.5
astra_batch_02,astra,batch,p_H,0.5
astra_batch_03,astra,batch,p_H,0.5
astra_batch_04,astra,batch,p_H,0.5
astra_batch_08,astra,batch,p_H,0.5
astra_batch_09,astra,batch,p_H,0.49
astra_batch_10,astra,batch,p_H,0.5
astra_batch_15,astra,batch,p_H,0.49
astra_batch_16,astra,batch,p_H,0.5
astra_batch_18,astra,batch,p_H,0.5
astra_batch_00,astra,batch,p_H,0.48
astra_batch_05,astra,batch,p_H,0.5
astra_batch_06,astra,batch,p_H,0.49
astra_batch_07,astra,batch,p_H,0.5
astra_batch_11,astra,batch,p_H,0.5
astra_batch_12,astra,batch,p_H,0.5
astra_batch_13,astra,batch,p_H,0.48
astra_batch_14,astra,batch,p_H,0.49
astra_batch_17,astra,batch,p_H,0.49
astra_batch_19,astra,batch,p_H,0.49
astra_history_conditioned_01,astra,history_conditioned,p_H,0.45
astra_history_conditioned_03,astra,history_conditioned,p_H,0.45
astra_history_conditioned_06,astra,history_conditioned,p_H,0.48
astra_history_conditioned_07,astra,history_conditioned,p_H,0.47
astra_history_conditioned_08,astra,history_conditioned,p_H,0.42
astra_history_conditioned_09,astra,history_conditioned,p_H,0.47
astra_history_conditioned_15,astra,history_conditioned,p_H,0.46
astra_history_conditioned_16,astra,history_conditioned,p_H,0.45
astra_history_conditioned_18,astra,history_conditioned,p_H,0.47
astra_history_conditioned_19,astra,history_conditioned,p_H,0.47
astra_history_conditioned_00,astra,history_conditioned,p_H,0.46
astra_history_conditioned_02,astra,history_conditioned,p_H,0.45
astra_history_conditioned_04,astra,history_conditioned,p_H,0.45
astra_history_conditioned_05,astra,history_conditioned,p_H,0.46
astra_history_conditioned_10,astra,history_conditioned,p_H,0.47
astra_history_conditioned_11,astra,history_conditioned,p_H,0.46
astra_history_conditioned_12,astra,history_conditioned,p_H,0.44
astra_history_conditioned_13,astra,history_conditioned,p_H,0.49
astra_history_conditioned_14,astra,history_conditioned,p_H,0.46
astra_history_conditioned_17,astra,history_conditioned,p_H,0.47
astra_independent_calls_00,astra,independent_calls,p_H,0.35
astra_independent_calls_02,astra,independent_calls,p_H,0.37
astra_independent_calls_03,astra,independent_calls,p_H,0.42
astra_independent_calls_05,astra,independent_calls,p_H,0.44
astra_independent_calls_09,astra,independent_calls,p_H,0.32
astra_independent_calls_11,astra,independent_calls,p_H,0.42
astra_independent_calls_12,astra,independent_calls,p_H,0.35
astra_independent_calls_13,astra,independent_calls,p_H,0.37
astra_independent_calls_14,astra,independent_calls,p_H,0.47
astra_independent_calls_15,astra,independent_calls,p_H,0.41
astra_independent_calls_01,astra,independent_calls,p_H,0.36
astra_independent_calls_04,astra,independent_calls,p_H,0.39
astra_independent_calls_06,astra,independent_calls,p_H,0.42
astra_independent_calls_07,astra,independent_calls,p_H,0.38
astra_independent_calls_08,astra,independent_calls,p_H,0.47
astra_independent_calls_10,astra,independent_calls,p_H,0.39
astra_independent_calls_16,astra,independent_calls,p_H,0.37
astra_independent_calls_17,astra,independent_calls,p_H,0.38
astra_independent_calls_18,astra,independent_calls,p_H,0.35
astra_independent_calls_19,astra,independent_calls,p_H,0.35
fable_batch_00,fable,batch,p_H,0.51
fable_batch_03,fable,batch,p_H,0.51
fable_batch_07,fable,batch,p_H,0.5
fable_batch_09,fable,batch,p_H,0.49
fable_batch_10,fable,batch,p_H,0.51
fable_batch_12,fable,batch,p_H,0.5
fable_batch_14,fable,batch,p_H,0.51
fable_batch_15,fable,batch,p_H,0.51
fable_batch_18,fable,batch,p_H,0.51
fable_batch_19,fable,batch,p_H,0.51
fable_batch_01,fable,batch,p_H,0.51
fable_batch_02,fable,batch,p_H,0.51
fable_batch_04,fable,batch,p_H,0.51
fable_batch_05,fable,batch,p_H,0.52
fable_batch_06,fable,batch,p_H,0.5
fable_batch_08,fable,batch,p_H,0.52
fable_batch_11,fable,batch,p_H,0.5
fable_batch_13,fable,batch,p_H,0.5
fable_batch_16,fable,batch,p_H,0.5
fable_batch_17,fable,batch,p_H,0.5
fable_history_conditioned_01,fable,history_conditioned,p_H,0.69
fable_history_conditioned_02,fable,history_conditioned,p_H,0.81
fable_history_conditioned_05,fable,history_conditioned,p_H,0.71
fable_history_conditioned_09,fable,history_conditioned,p_H,0.69
fable_history_conditioned_11,fable,history_conditioned,p_H,0.66
fable_history_conditioned_12,fable,history_conditioned,p_H,0.57
fable_history_conditioned_13,fable,history_conditioned,p_H,0.79
fable_history_conditioned_15,fable,history_conditioned,p_H,0.86
fable_history_conditioned_16,fable,history_conditioned,p_H,0.76
fable_history_conditioned_19,fable,history_conditioned,p_H,0.72
fable_history_conditioned_00,fable,history_conditioned,p_H,0.74
fable_history_conditioned_03,fable,history_conditioned,p_H,0.76
fable_history_conditioned_04,fable,history_conditioned,p_H,0.78
fable_history_conditioned_06,fable,history_conditioned,p_H,0.68
fable_history_conditioned_07,fable,history_conditioned,p_H,0.81
fable_history_conditioned_08,fable,history_conditioned,p_H,0.79
fable_history_conditioned_10,fable,history_conditioned,p_H,0.72
fable_history_conditioned_14,fable,history_conditioned,p_H,0.84
fable_history_conditioned_17,fable,history_conditioned,p_H,0.72
fable_history_conditioned_18,fable,history_conditioned,p_H,0.78
fable_independent_calls_00,fable,independent_calls,p_H,0.99
fable_independent_calls_05,fable,independent_calls,p_H,0.96
fable_independent_calls_06,fable,independent_calls,p_H,0.98
fable_independent_calls_12,fable,independent_calls,p_H,0.98
fable_independent_calls_13,fable,independent_calls,p_H,0.98
fable_independent_calls_14,fable,independent_calls,p_H,1.0
fable_independent_calls_16,fable,independent_calls,p_H,1.0
fable_independent_calls_17,fable,independent_calls,p_H,1.0
fable_independent_calls_18,fable,independent_calls,p_H,0.99
fable_independent_calls_19,fable,independent_calls,p_H,1.0
fable_independent_calls_01,fable,independent_calls,p_H,0.97
fable_independent_calls_02,fable,independent_calls,p_H,1.0
fable_independent_calls_03,fable,independent_calls,p_H,0.98
fable_independent_calls_04,fable,independent_calls,p_H,0.98
fable_independent_calls_07,fable,independent_calls,p_H,0.99
fable_independent_calls_08,fable,independent_calls,p_H,1.0
fable_independent_calls_09,fable,independent_calls,p_H,0.98
fable_independent_calls_10,fable,independent_calls,p_H,0.99
fable_independent_calls_11,fable,independent_calls,p_H,0.99
fable_independent_calls_15,fable,independent_calls,p_H,0.98
mimo_batch_00,mimo,batch,p_H,0.49
mimo_batch_01,mimo,batch,p_H,0.5
mimo_batch_05,mimo,batch,p_H,0.48
mimo_batch_07,mimo,batch,p_H,0.47
mimo_batch_08,mimo,batch,p_H,0.49
mimo_batch_09,mimo,batch,p_H,0.46
mimo_batch_12,mimo,batch,p_H,0.48
mimo_batch_14,mimo,batch,p_H,0.5
mimo_batch_16,mimo,batch,p_H,0.48
mimo_batch_19,mimo,batch,p_H,0.45
mimo_batch_02,mimo,batch,p_H,0.49
mimo_batch_03,mimo,batch,p_H,0.49
mimo_batch_04,mimo,batch,p_H,0.5
mimo_batch_06,mimo,batch,p_H,0.48
mimo_batch_10,mimo,batch,p_H,0.51
mimo_batch_11,mimo,batch,p_H,0.55
mimo_batch_13,mimo,batch,p_H,0.49
mimo_batch_15,mimo,batch,p_H,0.48
mimo_batch_17,mimo,batch,p_H,0.48
mimo_batch_18,mimo,batch,p_H,0.48
mimo_history_conditioned_00,mimo,history_conditioned,p_H,0.65
mimo_history_conditioned_01,mimo,history_conditioned,p_H,0.71
mimo_history_conditioned_07,mimo,history_conditioned,p_H,0.67
mimo_history_conditioned_10,mimo,history_conditioned,p_H,0.67
mimo_history_conditioned_13,mimo,history_conditioned,p_H,0.65
mimo_history_conditioned_15,mimo,history_conditioned,p_H,0.58
mimo_history_conditioned_20,mimo,history_conditioned,p_H,0.66
mimo_history_conditioned_21,mimo,history_conditioned,p_H,0.64
mimo_history_conditioned_23,mimo,history_conditioned,p_H,0.63
mimo_history_conditioned_26,mimo,history_conditioned,p_H,0.68
mimo_history_conditioned_02,mimo,history_conditioned,p_H,0.6
mimo_history_conditioned_03,mimo,history_conditioned,p_H,0.68
mimo_history_conditioned_05,mimo,history_conditioned,p_H,0.6
mimo_history_conditioned_06,mimo,history_conditioned,p_H,0.51
mimo_history_conditioned_11,mimo,history_conditioned,p_H,0.52
mimo_history_conditioned_12,mimo,history_conditioned,p_H,0.73
mimo_history_conditioned_18,mimo,history_conditioned,p_H,0.59
mimo_history_conditioned_22,mimo,history_conditioned,p_H,0.58
mimo_history_conditioned_24,mimo,history_conditioned,p_H,0.67
mimo_history_conditioned_25,mimo,history_conditioned,p_H,0.64
mimo_independent_calls_00,mimo,independent_calls,p_H,0.9
mimo_independent_calls_01,mimo,independent_calls,p_H,0.87
mimo_independent_calls_03,mimo,independent_calls,p_H,0.85
mimo_independent_calls_04,mimo,independent_calls,p_H,0.89
mimo_independent_calls_06,mimo,independent_calls,p_H,0.9
mimo_independent_calls_07,mimo,independent_calls,p_H,0.85
mimo_independent_calls_09,mimo,independent_calls,p_H,0.9
mimo_independent_calls_10,mimo,independent_calls,p_H,0.75
mimo_independent_calls_14,mimo,independent_calls,p_H,0.83
mimo_independent_calls_17,mimo,independent_calls,p_H,0.88
mimo_independent_calls_02,mimo,independent_calls,p_H,0.9
mimo_independent_calls_05,mimo,independent_calls,p_H,0.88
mimo_independent_calls_08,mimo,independent_calls,p_H,0.86
mimo_independent_calls_11,mimo,independent_calls,p_H,0.81
mimo_independent_calls_12,mimo,independent_calls,p_H,0.83
mimo_independent_calls_13,mimo,independent_calls,p_H,0.86
mimo_independent_calls_15,mimo,independent_calls,p_H,0.78
mimo_independent_calls_16,mimo,independent_calls,p_H,0.87
mimo_independent_calls_18,mimo,independent_calls,p_H,0.91
mimo_independent_calls_19,mimo,independent_calls,p_H,0.88
