trial_id,feature,judge_label,wording_condition,target_label,procedure,replicate,observed_value,predicted_strict,predicted_loose,recovered_from_abandoned_only,signed_error_strict,abs_error_strict,signed_error_loose,abs_error_loose,status,raw_first_attempt_preview
astra|NAMED|astra|batch|00,p_H,astra,NAMED,astra,batch,0,0.495,0.5,0.5,0,0.005,0.005,0.005,0.005,ok,
astra|NAMED|astra|batch|01,p_H,astra,NAMED,astra,batch,1,0.495,0.5,0.5,0,0.005,0.005,0.005,0.005,ok,
astra|NAMED|astra|batch|02,p_H,astra,NAMED,astra,batch,2,0.495,0.5,0.5,0,0.005,0.005,0.005,0.005,ok,
astra|NAMED|astra|batch|03,p_H,astra,NAMED,astra,batch,3,0.495,0.5,0.5,0,0.005,0.005,0.005,0.005,ok,
astra|NAMED|astra|batch|04,p_H,astra,NAMED,astra,batch,4,0.495,0.5,0.5,0,0.005,0.005,0.005,0.005,ok,
astra|NAMED|astra|batch|05,p_H,astra,NAMED,astra,batch,5,0.495,0.5,0.5,0,0.005,0.005,0.005,0.005,ok,
astra|NAMED|astra|batch|06,p_H,astra,NAMED,astra,batch,6,0.495,0.5,0.5,0,0.005,0.005,0.005,0.005,ok,
astra|NAMED|astra|batch|07,p_H,astra,NAMED,astra,batch,7,0.495,0.5,0.5,0,0.005,0.005,0.005,0.005,ok,
astra|NAMED|astra|batch|08,p_H,astra,NAMED,astra,batch,8,0.495,0.5,0.5,0,0.005,0.005,0.005,0.005,ok,
astra|NAMED|astra|batch|09,p_H,astra,NAMED,astra,batch,9,0.495,0.5,0.5,0,0.005,0.005,0.005,0.005,ok,
astra|SELF|astra|batch|00,p_H,astra,SELF,astra,batch,0,0.495,0.5,0.5,0,0.005,0.005,0.005,0.005,ok,
astra|SELF|astra|batch|01,p_H,astra,SELF,astra,batch,1,0.495,0.5,0.5,0,0.005,0.005,0.005,0.005,ok,
astra|SELF|astra|batch|02,p_H,astra,SELF,astra,batch,2,0.495,0.5,0.5,0,0.005,0.005,0.005,0.005,ok,
astra|SELF|astra|batch|03,p_H,astra,SELF,astra,batch,3,0.495,0.5,0.5,0,0.005,0.005,0.005,0.005,ok,
astra|SELF|astra|batch|04,p_H,astra,SELF,astra,batch,4,0.495,0.5,0.5,0,0.005,0.005,0.005,0.005,ok,
astra|SELF|astra|batch|05,p_H,astra,SELF,astra,batch,5,0.495,0.5,0.5,0,0.005,0.005,0.005,0.005,ok,
astra|SELF|astra|batch|06,p_H,astra,SELF,astra,batch,6,0.495,0.5,0.5,0,0.005,0.005,0.005,0.005,ok,
astra|SELF|astra|batch|07,p_H,astra,SELF,astra,batch,7,0.495,0.5,0.5,0,0.005,0.005,0.005,0.005,ok,
astra|SELF|astra|batch|08,p_H,astra,SELF,astra,batch,8,0.495,0.5,0.5,0,0.005,0.005,0.005,0.005,ok,
astra|SELF|astra|batch|09,p_H,astra,SELF,astra,batch,9,0.495,0.5,0.5,0,0.005,0.005,0.005,0.005,ok,
astra|NAMED|astra|history_conditioned|00,p_H,astra,NAMED,astra,history_conditioned,0,0.46,0.5,0.5,0,0.04,0.04,0.04,0.04,ok,
astra|NAMED|astra|history_conditioned|01,p_H,astra,NAMED,astra,history_conditioned,1,0.46,0.5,0.5,0,0.04,0.04,0.04,0.04,ok,
astra|NAMED|astra|history_conditioned|02,p_H,astra,NAMED,astra,history_conditioned,2,0.46,0.5,0.5,0,0.04,0.04,0.04,0.04,ok,
astra|NAMED|astra|history_conditioned|03,p_H,astra,NAMED,astra,history_conditioned,3,0.46,0.5,0.5,0,0.04,0.04,0.04,0.04,ok,
astra|NAMED|astra|history_conditioned|04,p_H,astra,NAMED,astra,history_conditioned,4,0.46,0.5,0.5,0,0.04,0.04,0.04,0.04,ok,
astra|NAMED|astra|history_conditioned|05,p_H,astra,NAMED,astra,history_conditioned,5,0.46,0.5,0.5,0,0.04,0.04,0.04,0.04,ok,
astra|NAMED|astra|history_conditioned|06,p_H,astra,NAMED,astra,history_conditioned,6,0.46,0.5,0.5,0,0.04,0.04,0.04,0.04,ok,
astra|NAMED|astra|history_conditioned|07,p_H,astra,NAMED,astra,history_conditioned,7,0.46,0.5,0.5,0,0.04,0.04,0.04,0.04,ok,
astra|NAMED|astra|history_conditioned|08,p_H,astra,NAMED,astra,history_conditioned,8,0.46,0.5,0.5,0,0.04,0.04,0.04,0.04,ok,
astra|NAMED|astra|history_conditioned|09,p_H,astra,NAMED,astra,history_conditioned,9,0.46,0.5,0.5,0,0.04,0.04,0.04,0.04,ok,
astra|SELF|astra|history_conditioned|00,p_H,astra,SELF,astra,history_conditioned,0,0.46,0.5,0.5,0,0.04,0.04,0.04,0.04,ok,
astra|SELF|astra|history_conditioned|01,p_H,astra,SELF,astra,history_conditioned,1,0.46,0.5,0.5,0,0.04,0.04,0.04,0.04,ok,
astra|SELF|astra|history_conditioned|02,p_H,astra,SELF,astra,history_conditioned,2,0.46,0.5,0.5,0,0.04,0.04,0.04,0.04,ok,
astra|SELF|astra|history_conditioned|03,p_H,astra,SELF,astra,history_conditioned,3,0.46,0.5,0.5,0,0.04,0.04,0.04,0.04,ok,
astra|SELF|astra|history_conditioned|04,p_H,astra,SELF,astra,history_conditioned,4,0.46,0.5,0.5,0,0.04,0.04,0.04,0.04,ok,
astra|SELF|astra|history_conditioned|05,p_H,astra,SELF,astra,history_conditioned,5,0.46,0.5,0.5,0,0.04,0.04,0.04,0.04,ok,
astra|SELF|astra|history_conditioned|06,p_H,astra,SELF,astra,history_conditioned,6,0.46,0.5,0.5,0,0.04,0.04,0.04,0.04,ok,
astra|SELF|astra|history_conditioned|07,p_H,astra,SELF,astra,history_conditioned,7,0.46,0.5,0.5,0,0.04,0.04,0.04,0.04,ok,
astra|SELF|astra|history_conditioned|08,p_H,astra,SELF,astra,history_conditioned,8,0.46,0.5,0.5,0,0.04,0.04,0.04,0.04,ok,
astra|SELF|astra|history_conditioned|09,p_H,astra,SELF,astra,history_conditioned,9,0.46,0.5,0.5,0,0.04,0.04,0.04,0.04,ok,
astra|NAMED|astra|independent_calls|00,p_H,astra,NAMED,astra,independent_calls,0,0.389,1.0,1.0,0,0.611,0.611,0.611,0.611,ok,
astra|NAMED|astra|independent_calls|01,p_H,astra,NAMED,astra,independent_calls,1,0.389,1.0,1.0,0,0.611,0.611,0.611,0.611,ok,
astra|NAMED|astra|independent_calls|02,p_H,astra,NAMED,astra,independent_calls,2,0.389,1.0,1.0,0,0.611,0.611,0.611,0.611,ok,
astra|NAMED|astra|independent_calls|03,p_H,astra,NAMED,astra,independent_calls,3,0.389,1.0,1.0,0,0.611,0.611,0.611,0.611,ok,
astra|NAMED|astra|independent_calls|04,p_H,astra,NAMED,astra,independent_calls,4,0.389,1.0,1.0,0,0.611,0.611,0.611,0.611,ok,
astra|NAMED|astra|independent_calls|05,p_H,astra,NAMED,astra,independent_calls,5,0.389,0.5,0.5,0,0.111,0.111,0.111,0.111,ok,
astra|NAMED|astra|independent_calls|06,p_H,astra,NAMED,astra,independent_calls,6,0.389,0.5,0.5,0,0.111,0.111,0.111,0.111,ok,
astra|NAMED|astra|independent_calls|07,p_H,astra,NAMED,astra,independent_calls,7,0.389,1.0,1.0,0,0.611,0.611,0.611,0.611,ok,
astra|NAMED|astra|independent_calls|08,p_H,astra,NAMED,astra,independent_calls,8,0.389,1.0,1.0,0,0.611,0.611,0.611,0.611,ok,
astra|NAMED|astra|independent_calls|09,p_H,astra,NAMED,astra,independent_calls,9,0.389,0.5,0.5,0,0.111,0.111,0.111,0.111,ok,
astra|SELF|astra|independent_calls|00,p_H,astra,SELF,astra,independent_calls,0,0.389,1.0,1.0,0,0.611,0.611,0.611,0.611,ok,
astra|SELF|astra|independent_calls|01,p_H,astra,SELF,astra,independent_calls,1,0.389,1.0,1.0,0,0.611,0.611,0.611,0.611,ok,
astra|SELF|astra|independent_calls|02,p_H,astra,SELF,astra,independent_calls,2,0.389,1.0,1.0,0,0.611,0.611,0.611,0.611,ok,
astra|SELF|astra|independent_calls|03,p_H,astra,SELF,astra,independent_calls,3,0.389,1.0,1.0,0,0.611,0.611,0.611,0.611,ok,
astra|SELF|astra|independent_calls|04,p_H,astra,SELF,astra,independent_calls,4,0.389,1.0,1.0,0,0.611,0.611,0.611,0.611,ok,
astra|SELF|astra|independent_calls|05,p_H,astra,SELF,astra,independent_calls,5,0.389,1.0,1.0,0,0.611,0.611,0.611,0.611,ok,
astra|SELF|astra|independent_calls|06,p_H,astra,SELF,astra,independent_calls,6,0.389,1.0,1.0,0,0.611,0.611,0.611,0.611,ok,
astra|SELF|astra|independent_calls|07,p_H,astra,SELF,astra,independent_calls,7,0.389,1.0,1.0,0,0.611,0.611,0.611,0.611,ok,
astra|SELF|astra|independent_calls|08,p_H,astra,SELF,astra,independent_calls,8,0.389,1.0,1.0,0,0.611,0.611,0.611,0.611,ok,
astra|SELF|astra|independent_calls|09,p_H,astra,SELF,astra,independent_calls,9,0.389,1.0,1.0,0,0.611,0.611,0.611,0.611,ok,
astra|NAMED|fable|batch|00,p_H,astra,NAMED,fable,batch,0,0.5065,0.5,0.5,0,-0.0065,0.0065,-0.0065,0.0065,ok,
astra|NAMED|fable|batch|01,p_H,astra,NAMED,fable,batch,1,0.5065,0.5,0.5,0,-0.0065,0.0065,-0.0065,0.0065,ok,
astra|NAMED|fable|batch|02,p_H,astra,NAMED,fable,batch,2,0.5065,0.5,0.5,0,-0.0065,0.0065,-0.0065,0.0065,ok,
astra|NAMED|fable|batch|03,p_H,astra,NAMED,fable,batch,3,0.5065,0.5,0.5,0,-0.0065,0.0065,-0.0065,0.0065,ok,
astra|NAMED|fable|batch|04,p_H,astra,NAMED,fable,batch,4,0.5065,0.5,0.5,0,-0.0065,0.0065,-0.0065,0.0065,ok,
astra|NAMED|fable|batch|05,p_H,astra,NAMED,fable,batch,5,0.5065,0.5,0.5,0,-0.0065,0.0065,-0.0065,0.0065,ok,
astra|NAMED|fable|batch|06,p_H,astra,NAMED,fable,batch,6,0.5065,0.5,0.5,0,-0.0065,0.0065,-0.0065,0.0065,ok,
astra|NAMED|fable|batch|07,p_H,astra,NAMED,fable,batch,7,0.5065,0.5,0.5,0,-0.0065,0.0065,-0.0065,0.0065,ok,
astra|NAMED|fable|batch|08,p_H,astra,NAMED,fable,batch,8,0.5065,0.5,0.5,0,-0.0065,0.0065,-0.0065,0.0065,ok,
astra|NAMED|fable|batch|09,p_H,astra,NAMED,fable,batch,9,0.5065,0.5,0.5,0,-0.0065,0.0065,-0.0065,0.0065,ok,
astra|NAMED|fable|history_conditioned|00,p_H,astra,NAMED,fable,history_conditioned,0,0.744,0.5,0.5,0,-0.244,0.244,-0.244,0.244,ok,
astra|NAMED|fable|history_conditioned|01,p_H,astra,NAMED,fable,history_conditioned,1,0.744,0.5,0.5,0,-0.244,0.244,-0.244,0.244,ok,
astra|NAMED|fable|history_conditioned|02,p_H,astra,NAMED,fable,history_conditioned,2,0.744,0.5,0.5,0,-0.244,0.244,-0.244,0.244,ok,
astra|NAMED|fable|history_conditioned|03,p_H,astra,NAMED,fable,history_conditioned,3,0.744,0.5,0.5,0,-0.244,0.244,-0.244,0.244,ok,
astra|NAMED|fable|history_conditioned|04,p_H,astra,NAMED,fable,history_conditioned,4,0.744,0.5,0.5,0,-0.244,0.244,-0.244,0.244,ok,
astra|NAMED|fable|history_conditioned|05,p_H,astra,NAMED,fable,history_conditioned,5,0.744,0.5,0.5,0,-0.244,0.244,-0.244,0.244,ok,
astra|NAMED|fable|history_conditioned|06,p_H,astra,NAMED,fable,history_conditioned,6,0.744,0.5,0.5,0,-0.244,0.244,-0.244,0.244,ok,
astra|NAMED|fable|history_conditioned|07,p_H,astra,NAMED,fable,history_conditioned,7,0.744,0.5,0.5,0,-0.244,0.244,-0.244,0.244,ok,
astra|NAMED|fable|history_conditioned|08,p_H,astra,NAMED,fable,history_conditioned,8,0.744,0.5,0.5,0,-0.244,0.244,-0.244,0.244,ok,
astra|NAMED|fable|history_conditioned|09,p_H,astra,NAMED,fable,history_conditioned,9,0.744,0.5,0.5,0,-0.244,0.244,-0.244,0.244,ok,
astra|NAMED|fable|independent_calls|00,p_H,astra,NAMED,fable,independent_calls,0,0.987,1.0,1.0,0,0.013,0.013,0.013,0.013,ok,
astra|NAMED|fable|independent_calls|01,p_H,astra,NAMED,fable,independent_calls,1,0.987,1.0,1.0,0,0.013,0.013,0.013,0.013,ok,
astra|NAMED|fable|independent_calls|02,p_H,astra,NAMED,fable,independent_calls,2,0.987,1.0,1.0,0,0.013,0.013,0.013,0.013,ok,
astra|NAMED|fable|independent_calls|03,p_H,astra,NAMED,fable,independent_calls,3,0.987,1.0,1.0,0,0.013,0.013,0.013,0.013,ok,
astra|NAMED|fable|independent_calls|04,p_H,astra,NAMED,fable,independent_calls,4,0.987,1.0,1.0,0,0.013,0.013,0.013,0.013,ok,
astra|NAMED|fable|independent_calls|05,p_H,astra,NAMED,fable,independent_calls,5,0.987,1.0,1.0,0,0.013,0.013,0.013,0.013,ok,
astra|NAMED|fable|independent_calls|06,p_H,astra,NAMED,fable,independent_calls,6,0.987,1.0,1.0,0,0.013,0.013,0.013,0.013,ok,
astra|NAMED|fable|independent_calls|07,p_H,astra,NAMED,fable,independent_calls,7,0.987,1.0,1.0,0,0.013,0.013,0.013,0.013,ok,
astra|NAMED|fable|independent_calls|08,p_H,astra,NAMED,fable,independent_calls,8,0.987,1.0,1.0,0,0.013,0.013,0.013,0.013,ok,
astra|NAMED|fable|independent_calls|09,p_H,astra,NAMED,fable,independent_calls,9,0.987,1.0,1.0,0,0.013,0.013,0.013,0.013,ok,
astra|NAMED|mimo|batch|00,p_H,astra,NAMED,mimo,batch,0,0.4875,0.5,0.5,0,0.0125,0.0125,0.0125,0.0125,ok,
astra|NAMED|mimo|batch|01,p_H,astra,NAMED,mimo,batch,1,0.4875,0.5,0.5,0,0.0125,0.0125,0.0125,0.0125,ok,
astra|NAMED|mimo|batch|02,p_H,astra,NAMED,mimo,batch,2,0.4875,0.5,0.5,0,0.0125,0.0125,0.0125,0.0125,ok,
astra|NAMED|mimo|batch|03,p_H,astra,NAMED,mimo,batch,3,0.4875,0.5,0.5,0,0.0125,0.0125,0.0125,0.0125,ok,
astra|NAMED|mimo|batch|04,p_H,astra,NAMED,mimo,batch,4,0.4875,0.5,0.5,0,0.0125,0.0125,0.0125,0.0125,ok,
astra|NAMED|mimo|batch|05,p_H,astra,NAMED,mimo,batch,5,0.4875,0.5,0.5,0,0.0125,0.0125,0.0125,0.0125,ok,
astra|NAMED|mimo|batch|06,p_H,astra,NAMED,mimo,batch,6,0.4875,0.5,0.5,0,0.0125,0.0125,0.0125,0.0125,ok,
astra|NAMED|mimo|batch|07,p_H,astra,NAMED,mimo,batch,7,0.4875,0.5,0.5,0,0.0125,0.0125,0.0125,0.0125,ok,
astra|NAMED|mimo|batch|08,p_H,astra,NAMED,mimo,batch,8,0.4875,0.5,0.5,0,0.0125,0.0125,0.0125,0.0125,ok,
astra|NAMED|mimo|batch|09,p_H,astra,NAMED,mimo,batch,9,0.4875,0.5,0.5,0,0.0125,0.0125,0.0125,0.0125,ok,
astra|NAMED|mimo|history_conditioned|00,p_H,astra,NAMED,mimo,history_conditioned,0,0.633,0.5,0.5,0,-0.133,0.133,-0.133,0.133,ok,
astra|NAMED|mimo|history_conditioned|01,p_H,astra,NAMED,mimo,history_conditioned,1,0.633,0.5,0.5,0,-0.133,0.133,-0.133,0.133,ok,
astra|NAMED|mimo|history_conditioned|02,p_H,astra,NAMED,mimo,history_conditioned,2,0.633,0.5,0.5,0,-0.133,0.133,-0.133,0.133,ok,
astra|NAMED|mimo|history_conditioned|03,p_H,astra,NAMED,mimo,history_conditioned,3,0.633,0.5,0.5,0,-0.133,0.133,-0.133,0.133,ok,
astra|NAMED|mimo|history_conditioned|04,p_H,astra,NAMED,mimo,history_conditioned,4,0.633,0.5,0.5,0,-0.133,0.133,-0.133,0.133,ok,
astra|NAMED|mimo|history_conditioned|05,p_H,astra,NAMED,mimo,history_conditioned,5,0.633,0.5,0.5,0,-0.133,0.133,-0.133,0.133,ok,
astra|NAMED|mimo|history_conditioned|06,p_H,astra,NAMED,mimo,history_conditioned,6,0.633,0.5,0.5,0,-0.133,0.133,-0.133,0.133,ok,
astra|NAMED|mimo|history_conditioned|07,p_H,astra,NAMED,mimo,history_conditioned,7,0.633,0.5,0.5,0,-0.133,0.133,-0.133,0.133,ok,
astra|NAMED|mimo|history_conditioned|08,p_H,astra,NAMED,mimo,history_conditioned,8,0.633,0.5,0.5,0,-0.133,0.133,-0.133,0.133,ok,
astra|NAMED|mimo|history_conditioned|09,p_H,astra,NAMED,mimo,history_conditioned,9,0.633,0.5,0.5,0,-0.133,0.133,-0.133,0.133,ok,
astra|NAMED|mimo|independent_calls|00,p_H,astra,NAMED,mimo,independent_calls,0,0.86,1.0,1.0,0,0.14,0.14,0.14,0.14,ok,
astra|NAMED|mimo|independent_calls|01,p_H,astra,NAMED,mimo,independent_calls,1,0.86,1.0,1.0,0,0.14,0.14,0.14,0.14,ok,
astra|NAMED|mimo|independent_calls|02,p_H,astra,NAMED,mimo,independent_calls,2,0.86,1.0,1.0,0,0.14,0.14,0.14,0.14,ok,
astra|NAMED|mimo|independent_calls|03,p_H,astra,NAMED,mimo,independent_calls,3,0.86,1.0,1.0,0,0.14,0.14,0.14,0.14,ok,
astra|NAMED|mimo|independent_calls|04,p_H,astra,NAMED,mimo,independent_calls,4,0.86,1.0,1.0,0,0.14,0.14,0.14,0.14,ok,
astra|NAMED|mimo|independent_calls|05,p_H,astra,NAMED,mimo,independent_calls,5,0.86,1.0,1.0,0,0.14,0.14,0.14,0.14,ok,
astra|NAMED|mimo|independent_calls|06,p_H,astra,NAMED,mimo,independent_calls,6,0.86,1.0,1.0,0,0.14,0.14,0.14,0.14,ok,
astra|NAMED|mimo|independent_calls|07,p_H,astra,NAMED,mimo,independent_calls,7,0.86,1.0,1.0,0,0.14,0.14,0.14,0.14,ok,
astra|NAMED|mimo|independent_calls|08,p_H,astra,NAMED,mimo,independent_calls,8,0.86,1.0,1.0,0,0.14,0.14,0.14,0.14,ok,
astra|NAMED|mimo|independent_calls|09,p_H,astra,NAMED,mimo,independent_calls,9,0.86,1.0,1.0,0,0.14,0.14,0.14,0.14,ok,
fable|NAMED|astra|batch|00,p_H,fable,NAMED,astra,batch,0,0.495,0.5,0.5,0,0.005,0.005,0.005,0.005,ok,
fable|NAMED|astra|batch|01,p_H,fable,NAMED,astra,batch,1,0.495,0.5,0.5,0,0.005,0.005,0.005,0.005,ok,
fable|NAMED|astra|batch|02,p_H,fable,NAMED,astra,batch,2,0.495,0.5,0.5,0,0.005,0.005,0.005,0.005,ok,
fable|NAMED|astra|batch|03,p_H,fable,NAMED,astra,batch,3,0.495,0.52,0.52,0,0.025,0.025,0.025,0.025,ok,
fable|NAMED|astra|batch|04,p_H,fable,NAMED,astra,batch,4,0.495,0.52,0.52,0,0.025,0.025,0.025,0.025,ok,
fable|NAMED|astra|batch|05,p_H,fable,NAMED,astra,batch,5,0.495,0.5,0.5,0,0.005,0.005,0.005,0.005,ok,
fable|NAMED|astra|batch|06,p_H,fable,NAMED,astra,batch,6,0.495,0.52,0.52,0,0.025,0.025,0.025,0.025,ok,
fable|NAMED|astra|batch|07,p_H,fable,NAMED,astra,batch,7,0.495,0.5,0.5,0,0.005,0.005,0.005,0.005,ok,
fable|NAMED|astra|batch|08,p_H,fable,NAMED,astra,batch,8,0.495,0.5,0.5,0,0.005,0.005,0.005,0.005,ok,
fable|NAMED|astra|batch|09,p_H,fable,NAMED,astra,batch,9,0.495,0.5,0.5,0,0.005,0.005,0.005,0.005,ok,
fable|NAMED|astra|history_conditioned|00,p_H,fable,NAMED,astra,history_conditioned,0,0.46,0.5,0.5,0,0.04,0.04,0.04,0.04,ok,
fable|NAMED|astra|history_conditioned|01,p_H,fable,NAMED,astra,history_conditioned,1,0.46,0.52,0.52,0,0.06,0.06,0.06,0.06,ok,
fable|NAMED|astra|history_conditioned|02,p_H,fable,NAMED,astra,history_conditioned,2,0.46,0.5,0.5,0,0.04,0.04,0.04,0.04,ok,
fable|NAMED|astra|history_conditioned|03,p_H,fable,NAMED,astra,history_conditioned,3,0.46,0.52,0.52,0,0.06,0.06,0.06,0.06,ok,
fable|NAMED|astra|history_conditioned|04,p_H,fable,NAMED,astra,history_conditioned,4,0.46,0.5,0.5,0,0.04,0.04,0.04,0.04,ok,
fable|NAMED|astra|history_conditioned|05,p_H,fable,NAMED,astra,history_conditioned,5,0.46,0.5,0.5,0,0.04,0.04,0.04,0.04,ok,
fable|NAMED|astra|history_conditioned|06,p_H,fable,NAMED,astra,history_conditioned,6,0.46,0.52,0.52,0,0.06,0.06,0.06,0.06,ok,
fable|NAMED|astra|history_conditioned|07,p_H,fable,NAMED,astra,history_conditioned,7,0.46,0.52,0.52,0,0.06,0.06,0.06,0.06,ok,
fable|NAMED|astra|history_conditioned|08,p_H,fable,NAMED,astra,history_conditioned,8,0.46,0.5,0.5,0,0.04,0.04,0.04,0.04,ok,
fable|NAMED|astra|history_conditioned|09,p_H,fable,NAMED,astra,history_conditioned,9,0.46,0.5,0.5,0,0.04,0.04,0.04,0.04,ok,
fable|NAMED|astra|independent_calls|00,p_H,fable,NAMED,astra,independent_calls,0,0.389,,1.0,1,,,0.611,0.611,abandoned,"Temperature 0.0 with identical stateless prompts means essentially deterministic output; the model will pick the same character every time. Most LLMs pick ""H"" for a single coin flip (heads bias). So t"
fable|NAMED|astra|independent_calls|01,p_H,fable,NAMED,astra,independent_calls,1,0.389,,1.0,1,,,0.611,0.611,abandoned,"At temperature 0.0 with identical stateless prompts, the model would produce the same output every time, so the proportion would be either 0 or 1. Models typically favor ""H"" in this scenario.

1"
fable|NAMED|astra|independent_calls|02,p_H,fable,NAMED,astra,independent_calls,2,0.389,,1.0,1,,,0.611,0.611,abandoned,"Temperature 0.0 with identical stateless prompts means the model will produce essentially the same output every time—likely all H or all T. Most LLMs default to ""H"" for a single coin flip.

1"
fable|NAMED|astra|independent_calls|03,p_H,fable,NAMED,astra,independent_calls,3,0.389,,1.0,1,,,0.611,0.611,abandoned,"With temperature 0.0 and identical stateless prompts, the model would produce essentially the same output every time — so the proportion would be either ~1.0 or ~0.0. Language models asked for a coin "
fable|NAMED|astra|independent_calls|04,p_H,fable,NAMED,astra,independent_calls,4,0.389,,1.0,1,,,0.611,0.611,abandoned,"Temperature 0.0 with identical stateless prompts means the model will almost certainly produce the same output every time, so the proportion will be either ~0 or ~1. Models tend to favor ""H"" (heads) a"
fable|NAMED|astra|independent_calls|05,p_H,fable,NAMED,astra,independent_calls,5,0.389,,1.0,1,,,0.611,0.611,abandoned,"Temperature 0.0 with identical stateless prompts means the model deterministically gives the same answer every time (barring minor nondeterminism). Models typically favor ""H"" for a single coin flip, s"
fable|NAMED|astra|independent_calls|06,p_H,fable,NAMED,astra,independent_calls,6,0.389,,1.0,1,,,0.611,0.611,abandoned,"At temperature 0.0 with identical stateless prompts, the model will return the same character every time, so the proportion is either 0 or 1. Models typically favor ""H"" as the first-listed option.

1"
fable|NAMED|astra|independent_calls|07,p_H,fable,NAMED,astra,independent_calls,7,0.389,,1.0,1,,,0.611,0.611,abandoned,"At temperature 0.0 with identical stateless prompts, the model will almost certainly produce the same token every time, so the proportion will be either ~1.0 or ~0.0. Models typically favor ""H"" as the"
fable|NAMED|astra|independent_calls|08,p_H,fable,NAMED,astra,independent_calls,8,0.389,,1.0,1,,,0.611,0.611,abandoned,"With temperature 0.0 and identical stateless prompts, the model would produce the same output every time, so the proportion would be either 0 or 1. Models typically favor ""H"" (heads) as the first-list"
fable|NAMED|astra|independent_calls|09,p_H,fable,NAMED,astra,independent_calls,9,0.389,,1.0,1,,,0.611,0.611,abandoned,"At temperature 0.0 with an identical stateless prompt, the model would produce the same output on essentially every call, so the proportion would be near 0 or near 1. Language models typically favor """
fable|NAMED|fable|batch|00,p_H,fable,NAMED,fable,batch,0,0.5065,0.5,0.5,0,-0.0065,0.0065,-0.0065,0.0065,ok,
fable|NAMED|fable|batch|01,p_H,fable,NAMED,fable,batch,1,0.5065,0.5,0.5,0,-0.0065,0.0065,-0.0065,0.0065,ok,
fable|NAMED|fable|batch|02,p_H,fable,NAMED,fable,batch,2,0.5065,0.5,0.5,0,-0.0065,0.0065,-0.0065,0.0065,ok,
fable|NAMED|fable|batch|03,p_H,fable,NAMED,fable,batch,3,0.5065,0.5,0.5,0,-0.0065,0.0065,-0.0065,0.0065,ok,
fable|NAMED|fable|batch|04,p_H,fable,NAMED,fable,batch,4,0.5065,0.5,0.5,0,-0.0065,0.0065,-0.0065,0.0065,ok,
fable|NAMED|fable|batch|05,p_H,fable,NAMED,fable,batch,5,0.5065,0.52,0.52,0,0.0135,0.0135,0.0135,0.0135,ok,
fable|NAMED|fable|batch|06,p_H,fable,NAMED,fable,batch,6,0.5065,0.52,0.52,0,0.0135,0.0135,0.0135,0.0135,ok,
fable|NAMED|fable|batch|07,p_H,fable,NAMED,fable,batch,7,0.5065,0.5,0.5,0,-0.0065,0.0065,-0.0065,0.0065,ok,
fable|NAMED|fable|batch|08,p_H,fable,NAMED,fable,batch,8,0.5065,0.52,0.52,0,0.0135,0.0135,0.0135,0.0135,ok,
fable|NAMED|fable|batch|09,p_H,fable,NAMED,fable,batch,9,0.5065,0.5,0.5,0,-0.0065,0.0065,-0.0065,0.0065,ok,
fable|SELF|fable|batch|00,p_H,fable,SELF,fable,batch,0,0.5065,0.5,0.5,0,-0.0065,0.0065,-0.0065,0.0065,ok,
fable|SELF|fable|batch|01,p_H,fable,SELF,fable,batch,1,0.5065,0.5,0.5,0,-0.0065,0.0065,-0.0065,0.0065,ok,
fable|SELF|fable|batch|02,p_H,fable,SELF,fable,batch,2,0.5065,0.5,0.5,0,-0.0065,0.0065,-0.0065,0.0065,ok,
fable|SELF|fable|batch|03,p_H,fable,SELF,fable,batch,3,0.5065,0.52,0.52,0,0.0135,0.0135,0.0135,0.0135,ok,
fable|SELF|fable|batch|04,p_H,fable,SELF,fable,batch,4,0.5065,0.5,0.5,0,-0.0065,0.0065,-0.0065,0.0065,ok,
fable|SELF|fable|batch|05,p_H,fable,SELF,fable,batch,5,0.5065,0.52,0.52,0,0.0135,0.0135,0.0135,0.0135,ok,
fable|SELF|fable|batch|06,p_H,fable,SELF,fable,batch,6,0.5065,0.52,0.52,0,0.0135,0.0135,0.0135,0.0135,ok,
fable|SELF|fable|batch|07,p_H,fable,SELF,fable,batch,7,0.5065,0.52,0.52,0,0.0135,0.0135,0.0135,0.0135,ok,
fable|SELF|fable|batch|08,p_H,fable,SELF,fable,batch,8,0.5065,0.52,0.52,0,0.0135,0.0135,0.0135,0.0135,ok,
fable|SELF|fable|batch|09,p_H,fable,SELF,fable,batch,9,0.5065,0.5,0.5,0,-0.0065,0.0065,-0.0065,0.0065,ok,
fable|NAMED|fable|history_conditioned|00,p_H,fable,NAMED,fable,history_conditioned,0,0.744,0.5,0.5,0,-0.244,0.244,-0.244,0.244,ok,
fable|NAMED|fable|history_conditioned|01,p_H,fable,NAMED,fable,history_conditioned,1,0.744,0.51,0.51,0,-0.234,0.234,-0.234,0.234,ok,
fable|NAMED|fable|history_conditioned|02,p_H,fable,NAMED,fable,history_conditioned,2,0.744,0.5,0.5,0,-0.244,0.244,-0.244,0.244,ok,
fable|NAMED|fable|history_conditioned|03,p_H,fable,NAMED,fable,history_conditioned,3,0.744,0.5,0.5,0,-0.244,0.244,-0.244,0.244,ok,
fable|NAMED|fable|history_conditioned|04,p_H,fable,NAMED,fable,history_conditioned,4,0.744,0.5,0.5,0,-0.244,0.244,-0.244,0.244,ok,
fable|NAMED|fable|history_conditioned|05,p_H,fable,NAMED,fable,history_conditioned,5,0.744,0.52,0.52,0,-0.224,0.224,-0.224,0.224,ok,
fable|NAMED|fable|history_conditioned|06,p_H,fable,NAMED,fable,history_conditioned,6,0.744,0.52,0.52,0,-0.224,0.224,-0.224,0.224,ok,
fable|NAMED|fable|history_conditioned|07,p_H,fable,NAMED,fable,history_conditioned,7,0.744,0.5,0.5,0,-0.244,0.244,-0.244,0.244,ok,
fable|NAMED|fable|history_conditioned|08,p_H,fable,NAMED,fable,history_conditioned,8,0.744,0.52,0.52,0,-0.224,0.224,-0.224,0.224,ok,
fable|NAMED|fable|history_conditioned|09,p_H,fable,NAMED,fable,history_conditioned,9,0.744,0.5,0.5,0,-0.244,0.244,-0.244,0.244,ok,
fable|SELF|fable|history_conditioned|00,p_H,fable,SELF,fable,history_conditioned,0,0.744,0.5,0.5,0,-0.244,0.244,-0.244,0.244,ok,
fable|SELF|fable|history_conditioned|01,p_H,fable,SELF,fable,history_conditioned,1,0.744,0.5,0.5,0,-0.244,0.244,-0.244,0.244,ok,
fable|SELF|fable|history_conditioned|02,p_H,fable,SELF,fable,history_conditioned,2,0.744,0.5,0.5,0,-0.244,0.244,-0.244,0.244,ok,
fable|SELF|fable|history_conditioned|03,p_H,fable,SELF,fable,history_conditioned,3,0.744,0.5,0.5,0,-0.244,0.244,-0.244,0.244,ok,
fable|SELF|fable|history_conditioned|04,p_H,fable,SELF,fable,history_conditioned,4,0.744,0.5,0.5,0,-0.244,0.244,-0.244,0.244,ok,
fable|SELF|fable|history_conditioned|05,p_H,fable,SELF,fable,history_conditioned,5,0.744,0.5,0.5,0,-0.244,0.244,-0.244,0.244,ok,
fable|SELF|fable|history_conditioned|06,p_H,fable,SELF,fable,history_conditioned,6,0.744,0.5,0.5,0,-0.244,0.244,-0.244,0.244,ok,
fable|SELF|fable|history_conditioned|07,p_H,fable,SELF,fable,history_conditioned,7,0.744,0.5,0.5,0,-0.244,0.244,-0.244,0.244,ok,
fable|SELF|fable|history_conditioned|08,p_H,fable,SELF,fable,history_conditioned,8,0.744,0.5,0.5,0,-0.244,0.244,-0.244,0.244,ok,
fable|SELF|fable|history_conditioned|09,p_H,fable,SELF,fable,history_conditioned,9,0.744,0.5,0.5,0,-0.244,0.244,-0.244,0.244,ok,
fable|NAMED|fable|independent_calls|00,p_H,fable,NAMED,fable,independent_calls,0,0.987,1.0,1.0,0,0.013,0.013,0.013,0.013,ok,
fable|NAMED|fable|independent_calls|01,p_H,fable,NAMED,fable,independent_calls,1,0.987,1.0,1.0,0,0.013,0.013,0.013,0.013,ok,
fable|NAMED|fable|independent_calls|02,p_H,fable,NAMED,fable,independent_calls,2,0.987,1.0,1.0,0,0.013,0.013,0.013,0.013,ok,
fable|NAMED|fable|independent_calls|03,p_H,fable,NAMED,fable,independent_calls,3,0.987,1.0,1.0,0,0.013,0.013,0.013,0.013,ok,
fable|NAMED|fable|independent_calls|04,p_H,fable,NAMED,fable,independent_calls,4,0.987,1.0,1.0,0,0.013,0.013,0.013,0.013,ok,
fable|NAMED|fable|independent_calls|05,p_H,fable,NAMED,fable,independent_calls,5,0.987,1.0,1.0,0,0.013,0.013,0.013,0.013,ok,
fable|NAMED|fable|independent_calls|06,p_H,fable,NAMED,fable,independent_calls,6,0.987,1.0,1.0,0,0.013,0.013,0.013,0.013,ok,
fable|NAMED|fable|independent_calls|07,p_H,fable,NAMED,fable,independent_calls,7,0.987,1.0,1.0,0,0.013,0.013,0.013,0.013,ok,
fable|NAMED|fable|independent_calls|08,p_H,fable,NAMED,fable,independent_calls,8,0.987,1.0,1.0,0,0.013,0.013,0.013,0.013,ok,
fable|NAMED|fable|independent_calls|09,p_H,fable,NAMED,fable,independent_calls,9,0.987,1.0,1.0,0,0.013,0.013,0.013,0.013,ok,
fable|SELF|fable|independent_calls|00,p_H,fable,SELF,fable,independent_calls,0,0.987,1.0,1.0,0,0.013,0.013,0.013,0.013,ok,
fable|SELF|fable|independent_calls|01,p_H,fable,SELF,fable,independent_calls,1,0.987,1.0,1.0,0,0.013,0.013,0.013,0.013,ok,
fable|SELF|fable|independent_calls|02,p_H,fable,SELF,fable,independent_calls,2,0.987,1.0,1.0,0,0.013,0.013,0.013,0.013,ok,
fable|SELF|fable|independent_calls|03,p_H,fable,SELF,fable,independent_calls,3,0.987,1.0,1.0,0,0.013,0.013,0.013,0.013,ok,
fable|SELF|fable|independent_calls|04,p_H,fable,SELF,fable,independent_calls,4,0.987,1.0,1.0,0,0.013,0.013,0.013,0.013,ok,
fable|SELF|fable|independent_calls|05,p_H,fable,SELF,fable,independent_calls,5,0.987,1.0,1.0,0,0.013,0.013,0.013,0.013,ok,
fable|SELF|fable|independent_calls|06,p_H,fable,SELF,fable,independent_calls,6,0.987,1.0,1.0,0,0.013,0.013,0.013,0.013,ok,
fable|SELF|fable|independent_calls|07,p_H,fable,SELF,fable,independent_calls,7,0.987,1.0,1.0,0,0.013,0.013,0.013,0.013,ok,
fable|SELF|fable|independent_calls|08,p_H,fable,SELF,fable,independent_calls,8,0.987,1.0,1.0,0,0.013,0.013,0.013,0.013,ok,
fable|SELF|fable|independent_calls|09,p_H,fable,SELF,fable,independent_calls,9,0.987,1.0,1.0,0,0.013,0.013,0.013,0.013,ok,
fable|NAMED|mimo|batch|00,p_H,fable,NAMED,mimo,batch,0,0.4875,0.52,0.52,0,0.0325,0.0325,0.0325,0.0325,ok,
fable|NAMED|mimo|batch|01,p_H,fable,NAMED,mimo,batch,1,0.4875,0.52,0.52,0,0.0325,0.0325,0.0325,0.0325,ok,
fable|NAMED|mimo|batch|02,p_H,fable,NAMED,mimo,batch,2,0.4875,0.52,0.52,0,0.0325,0.0325,0.0325,0.0325,ok,
fable|NAMED|mimo|batch|03,p_H,fable,NAMED,mimo,batch,3,0.4875,0.52,0.52,0,0.0325,0.0325,0.0325,0.0325,ok,
fable|NAMED|mimo|batch|04,p_H,fable,NAMED,mimo,batch,4,0.4875,0.52,0.52,0,0.0325,0.0325,0.0325,0.0325,ok,
fable|NAMED|mimo|batch|05,p_H,fable,NAMED,mimo,batch,5,0.4875,0.52,0.52,0,0.0325,0.0325,0.0325,0.0325,ok,
fable|NAMED|mimo|batch|06,p_H,fable,NAMED,mimo,batch,6,0.4875,0.52,0.52,0,0.0325,0.0325,0.0325,0.0325,ok,
fable|NAMED|mimo|batch|07,p_H,fable,NAMED,mimo,batch,7,0.4875,0.52,0.52,0,0.0325,0.0325,0.0325,0.0325,ok,
fable|NAMED|mimo|batch|08,p_H,fable,NAMED,mimo,batch,8,0.4875,0.52,0.52,0,0.0325,0.0325,0.0325,0.0325,ok,
fable|NAMED|mimo|batch|09,p_H,fable,NAMED,mimo,batch,9,0.4875,0.52,0.52,0,0.0325,0.0325,0.0325,0.0325,ok,
fable|NAMED|mimo|history_conditioned|00,p_H,fable,NAMED,mimo,history_conditioned,0,0.633,0.52,0.52,0,-0.113,0.113,-0.113,0.113,ok,
fable|NAMED|mimo|history_conditioned|01,p_H,fable,NAMED,mimo,history_conditioned,1,0.633,0.52,0.52,0,-0.113,0.113,-0.113,0.113,ok,
fable|NAMED|mimo|history_conditioned|02,p_H,fable,NAMED,mimo,history_conditioned,2,0.633,0.52,0.52,0,-0.113,0.113,-0.113,0.113,ok,
fable|NAMED|mimo|history_conditioned|03,p_H,fable,NAMED,mimo,history_conditioned,3,0.633,0.5,0.5,0,-0.133,0.133,-0.133,0.133,ok,
fable|NAMED|mimo|history_conditioned|04,p_H,fable,NAMED,mimo,history_conditioned,4,0.633,0.5,0.5,0,-0.133,0.133,-0.133,0.133,ok,
fable|NAMED|mimo|history_conditioned|05,p_H,fable,NAMED,mimo,history_conditioned,5,0.633,0.52,0.52,0,-0.113,0.113,-0.113,0.113,ok,
fable|NAMED|mimo|history_conditioned|06,p_H,fable,NAMED,mimo,history_conditioned,6,0.633,0.5,0.5,0,-0.133,0.133,-0.133,0.133,ok,
fable|NAMED|mimo|history_conditioned|07,p_H,fable,NAMED,mimo,history_conditioned,7,0.633,0.5,0.5,0,-0.133,0.133,-0.133,0.133,ok,
fable|NAMED|mimo|history_conditioned|08,p_H,fable,NAMED,mimo,history_conditioned,8,0.633,0.5,0.5,0,-0.133,0.133,-0.133,0.133,ok,
fable|NAMED|mimo|history_conditioned|09,p_H,fable,NAMED,mimo,history_conditioned,9,0.633,0.52,0.52,0,-0.113,0.113,-0.113,0.113,ok,
fable|NAMED|mimo|independent_calls|00,p_H,fable,NAMED,mimo,independent_calls,0,0.86,,1.0,1,,,0.14,0.14,abandoned,"With temperature 0.0 and identical stateless prompts, the model will almost certainly return the same character every time. Most LLMs default to ""H"" for a single coin flip, so the proportion is likely"
fable|NAMED|mimo|independent_calls|01,p_H,fable,NAMED,mimo,independent_calls,1,0.86,,1.0,1,,,0.14,0.14,abandoned,"Temperature 0.0 with identical stateless prompts means essentially the same output every time, so the proportion will be near 0 or 1. Most LLMs default to ""H"" for a single coin flip.

1.0"
fable|NAMED|mimo|independent_calls|02,p_H,fable,NAMED,mimo,independent_calls,2,0.86,,1.0,1,,,0.14,0.14,abandoned,"At temperature 0.0 with identical stateless prompts, the model will give the same deterministic answer every time, so the proportion will be either 1.0 or 0.0. Most LLMs favor ""H"" as the first-listed "
fable|NAMED|mimo|independent_calls|03,p_H,fable,NAMED,mimo,independent_calls,3,0.86,,1.0,1,,,0.14,0.14,abandoned,"At temperature 0.0 with identical stateless prompts, the model's output is essentially deterministic, so all 100 responses would be the same character. Models typically favor ""H"" for a single coin fli"
fable|NAMED|mimo|independent_calls|04,p_H,fable,NAMED,mimo,independent_calls,4,0.86,,1.0,1,,,0.14,0.14,abandoned,"With temperature 0.0 and identical stateless prompts, the model would produce essentially the same single token every time, so the proportion would be near 0 or 1. Most LLMs favor ""H"" (heads) as the d"
fable|NAMED|mimo|independent_calls|05,p_H,fable,NAMED,mimo,independent_calls,5,0.86,,0.97,1,,,0.11,0.11,abandoned,"At temperature 0.0 with identical stateless prompts, the model will produce the same deterministic output every time, so the proportion will be either ~1.0 or ~0.0. Models most commonly favor ""H"" in s"
fable|NAMED|mimo|independent_calls|06,p_H,fable,NAMED,mimo,independent_calls,6,0.86,,0.98,1,,,0.12,0.12,abandoned,"Temperature 0.0 with identical stateless prompts means essentially deterministic output: the same single response repeated 100 times. Most LLMs favor ""H"" for a coin flip, so the proportion would be ~1"
fable|NAMED|mimo|independent_calls|07,p_H,fable,NAMED,mimo,independent_calls,7,0.86,,1.0,1,,,0.14,0.14,abandoned,"Temperature 0.0 with identical stateless prompts means the model produces the same (greedy) output nearly every time, so the proportion will be essentially all-H or all-T. Models typically favor ""H"" a"
fable|NAMED|mimo|independent_calls|08,p_H,fable,NAMED,mimo,independent_calls,8,0.86,,1.0,1,,,0.14,0.14,abandoned,"Temperature 0.0 with identical stateless prompts means the model returns the same answer nearly every time; the modal answer is likely ""H"", so the proportion would be close to 1 (or close to 0 if it p"
fable|NAMED|mimo|independent_calls|09,p_H,fable,NAMED,mimo,independent_calls,9,0.86,,1.0,1,,,0.14,0.14,abandoned,"Temperature 0.0 with identical stateless prompts means essentially the same output every time; the model will almost certainly pick one letter deterministically (most LLMs favor ""H"" for a single coin "
mimo|NAMED|astra|batch|00,p_H,mimo,NAMED,astra,batch,0,0.495,0.5,0.5,0,0.005,0.005,0.005,0.005,ok,
mimo|NAMED|astra|batch|01,p_H,mimo,NAMED,astra,batch,1,0.495,0.5,0.5,0,0.005,0.005,0.005,0.005,ok,
mimo|NAMED|astra|batch|02,p_H,mimo,NAMED,astra,batch,2,0.495,0.5,0.5,0,0.005,0.005,0.005,0.005,ok,
mimo|NAMED|astra|batch|03,p_H,mimo,NAMED,astra,batch,3,0.495,0.5,0.5,0,0.005,0.005,0.005,0.005,ok,
mimo|NAMED|astra|batch|04,p_H,mimo,NAMED,astra,batch,4,0.495,0.5,0.5,0,0.005,0.005,0.005,0.005,ok,
mimo|NAMED|astra|batch|05,p_H,mimo,NAMED,astra,batch,5,0.495,0.5,0.5,0,0.005,0.005,0.005,0.005,ok,
mimo|NAMED|astra|batch|06,p_H,mimo,NAMED,astra,batch,6,0.495,0.5,0.5,0,0.005,0.005,0.005,0.005,ok,
mimo|NAMED|astra|batch|07,p_H,mimo,NAMED,astra,batch,7,0.495,0.5,0.5,0,0.005,0.005,0.005,0.005,ok,
mimo|NAMED|astra|batch|08,p_H,mimo,NAMED,astra,batch,8,0.495,0.5,0.5,0,0.005,0.005,0.005,0.005,ok,
mimo|NAMED|astra|batch|09,p_H,mimo,NAMED,astra,batch,9,0.495,0.5,0.5,0,0.005,0.005,0.005,0.005,ok,
mimo|NAMED|astra|history_conditioned|00,p_H,mimo,NAMED,astra,history_conditioned,0,0.46,0.5,0.5,0,0.04,0.04,0.04,0.04,ok,
mimo|NAMED|astra|history_conditioned|01,p_H,mimo,NAMED,astra,history_conditioned,1,0.46,0.5,0.5,0,0.04,0.04,0.04,0.04,ok,
mimo|NAMED|astra|history_conditioned|02,p_H,mimo,NAMED,astra,history_conditioned,2,0.46,0.5,0.5,0,0.04,0.04,0.04,0.04,ok,
mimo|NAMED|astra|history_conditioned|03,p_H,mimo,NAMED,astra,history_conditioned,3,0.46,0.5,0.5,0,0.04,0.04,0.04,0.04,ok,
mimo|NAMED|astra|history_conditioned|04,p_H,mimo,NAMED,astra,history_conditioned,4,0.46,0.5,0.5,0,0.04,0.04,0.04,0.04,ok,
mimo|NAMED|astra|history_conditioned|05,p_H,mimo,NAMED,astra,history_conditioned,5,0.46,0.5,0.5,0,0.04,0.04,0.04,0.04,ok,
mimo|NAMED|astra|history_conditioned|06,p_H,mimo,NAMED,astra,history_conditioned,6,0.46,0.5,0.5,0,0.04,0.04,0.04,0.04,ok,
mimo|NAMED|astra|history_conditioned|07,p_H,mimo,NAMED,astra,history_conditioned,7,0.46,0.5,0.5,0,0.04,0.04,0.04,0.04,ok,
mimo|NAMED|astra|history_conditioned|08,p_H,mimo,NAMED,astra,history_conditioned,8,0.46,0.5,0.5,0,0.04,0.04,0.04,0.04,ok,
mimo|NAMED|astra|history_conditioned|09,p_H,mimo,NAMED,astra,history_conditioned,9,0.46,0.5,0.5,0,0.04,0.04,0.04,0.04,ok,
mimo|NAMED|astra|independent_calls|00,p_H,mimo,NAMED,astra,independent_calls,0,0.389,0.5,0.5,0,0.111,0.111,0.111,0.111,ok,
mimo|NAMED|astra|independent_calls|01,p_H,mimo,NAMED,astra,independent_calls,1,0.389,0.5,0.5,0,0.111,0.111,0.111,0.111,ok,
mimo|NAMED|astra|independent_calls|02,p_H,mimo,NAMED,astra,independent_calls,2,0.389,0.5,0.5,0,0.111,0.111,0.111,0.111,ok,
mimo|NAMED|astra|independent_calls|03,p_H,mimo,NAMED,astra,independent_calls,3,0.389,0.5,0.5,0,0.111,0.111,0.111,0.111,ok,
mimo|NAMED|astra|independent_calls|04,p_H,mimo,NAMED,astra,independent_calls,4,0.389,0.5,0.5,0,0.111,0.111,0.111,0.111,ok,
mimo|NAMED|astra|independent_calls|05,p_H,mimo,NAMED,astra,independent_calls,5,0.389,0.5,0.5,0,0.111,0.111,0.111,0.111,ok,
mimo|NAMED|astra|independent_calls|06,p_H,mimo,NAMED,astra,independent_calls,6,0.389,0.5,0.5,0,0.111,0.111,0.111,0.111,ok,
mimo|NAMED|astra|independent_calls|07,p_H,mimo,NAMED,astra,independent_calls,7,0.389,0.5,0.5,0,0.111,0.111,0.111,0.111,ok,
mimo|NAMED|astra|independent_calls|08,p_H,mimo,NAMED,astra,independent_calls,8,0.389,0.5,0.5,0,0.111,0.111,0.111,0.111,ok,
mimo|NAMED|astra|independent_calls|09,p_H,mimo,NAMED,astra,independent_calls,9,0.389,0.5,0.5,0,0.111,0.111,0.111,0.111,ok,
mimo|NAMED|fable|batch|00,p_H,mimo,NAMED,fable,batch,0,0.5065,0.5,0.5,0,-0.0065,0.0065,-0.0065,0.0065,ok,
mimo|NAMED|fable|batch|01,p_H,mimo,NAMED,fable,batch,1,0.5065,0.5,0.5,0,-0.0065,0.0065,-0.0065,0.0065,ok,
mimo|NAMED|fable|batch|02,p_H,mimo,NAMED,fable,batch,2,0.5065,0.5,0.5,0,-0.0065,0.0065,-0.0065,0.0065,ok,
mimo|NAMED|fable|batch|03,p_H,mimo,NAMED,fable,batch,3,0.5065,0.5,0.5,0,-0.0065,0.0065,-0.0065,0.0065,ok,
mimo|NAMED|fable|batch|04,p_H,mimo,NAMED,fable,batch,4,0.5065,0.5,0.5,0,-0.0065,0.0065,-0.0065,0.0065,ok,
mimo|NAMED|fable|batch|05,p_H,mimo,NAMED,fable,batch,5,0.5065,0.5,0.5,0,-0.0065,0.0065,-0.0065,0.0065,ok,
mimo|NAMED|fable|batch|06,p_H,mimo,NAMED,fable,batch,6,0.5065,0.5,0.5,0,-0.0065,0.0065,-0.0065,0.0065,ok,
mimo|NAMED|fable|batch|07,p_H,mimo,NAMED,fable,batch,7,0.5065,0.5,0.5,0,-0.0065,0.0065,-0.0065,0.0065,ok,
mimo|NAMED|fable|batch|08,p_H,mimo,NAMED,fable,batch,8,0.5065,0.5,0.5,0,-0.0065,0.0065,-0.0065,0.0065,ok,
mimo|NAMED|fable|batch|09,p_H,mimo,NAMED,fable,batch,9,0.5065,0.5,0.5,0,-0.0065,0.0065,-0.0065,0.0065,ok,
mimo|NAMED|fable|history_conditioned|00,p_H,mimo,NAMED,fable,history_conditioned,0,0.744,0.5,0.5,0,-0.244,0.244,-0.244,0.244,ok,
mimo|NAMED|fable|history_conditioned|01,p_H,mimo,NAMED,fable,history_conditioned,1,0.744,0.5,0.5,0,-0.244,0.244,-0.244,0.244,ok,
mimo|NAMED|fable|history_conditioned|02,p_H,mimo,NAMED,fable,history_conditioned,2,0.744,0.5,0.5,0,-0.244,0.244,-0.244,0.244,ok,
mimo|NAMED|fable|history_conditioned|03,p_H,mimo,NAMED,fable,history_conditioned,3,0.744,0.5,0.5,0,-0.244,0.244,-0.244,0.244,ok,
mimo|NAMED|fable|history_conditioned|04,p_H,mimo,NAMED,fable,history_conditioned,4,0.744,0.5,0.5,0,-0.244,0.244,-0.244,0.244,ok,
mimo|NAMED|fable|history_conditioned|05,p_H,mimo,NAMED,fable,history_conditioned,5,0.744,0.5,0.5,0,-0.244,0.244,-0.244,0.244,ok,
mimo|NAMED|fable|history_conditioned|06,p_H,mimo,NAMED,fable,history_conditioned,6,0.744,0.5,0.5,0,-0.244,0.244,-0.244,0.244,ok,
mimo|NAMED|fable|history_conditioned|07,p_H,mimo,NAMED,fable,history_conditioned,7,0.744,0.5,0.5,0,-0.244,0.244,-0.244,0.244,ok,
mimo|NAMED|fable|history_conditioned|08,p_H,mimo,NAMED,fable,history_conditioned,8,0.744,0.5,0.5,0,-0.244,0.244,-0.244,0.244,ok,
mimo|NAMED|fable|history_conditioned|09,p_H,mimo,NAMED,fable,history_conditioned,9,0.744,0.5,0.5,0,-0.244,0.244,-0.244,0.244,ok,
mimo|NAMED|fable|independent_calls|00,p_H,mimo,NAMED,fable,independent_calls,0,0.987,0.5,0.5,0,-0.487,0.487,-0.487,0.487,ok,
mimo|NAMED|fable|independent_calls|01,p_H,mimo,NAMED,fable,independent_calls,1,0.987,0.5,0.5,0,-0.487,0.487,-0.487,0.487,ok,
mimo|NAMED|fable|independent_calls|02,p_H,mimo,NAMED,fable,independent_calls,2,0.987,0.5,0.5,0,-0.487,0.487,-0.487,0.487,ok,
mimo|NAMED|fable|independent_calls|03,p_H,mimo,NAMED,fable,independent_calls,3,0.987,0.5,0.5,0,-0.487,0.487,-0.487,0.487,ok,
mimo|NAMED|fable|independent_calls|04,p_H,mimo,NAMED,fable,independent_calls,4,0.987,0.5,0.5,0,-0.487,0.487,-0.487,0.487,ok,
mimo|NAMED|fable|independent_calls|05,p_H,mimo,NAMED,fable,independent_calls,5,0.987,0.5,0.5,0,-0.487,0.487,-0.487,0.487,ok,
mimo|NAMED|fable|independent_calls|06,p_H,mimo,NAMED,fable,independent_calls,6,0.987,0.5,0.5,0,-0.487,0.487,-0.487,0.487,ok,
mimo|NAMED|fable|independent_calls|07,p_H,mimo,NAMED,fable,independent_calls,7,0.987,0.5,0.5,0,-0.487,0.487,-0.487,0.487,ok,
mimo|NAMED|fable|independent_calls|08,p_H,mimo,NAMED,fable,independent_calls,8,0.987,0.5,0.5,0,-0.487,0.487,-0.487,0.487,ok,
mimo|NAMED|fable|independent_calls|09,p_H,mimo,NAMED,fable,independent_calls,9,0.987,0.5,0.5,0,-0.487,0.487,-0.487,0.487,ok,
mimo|NAMED|mimo|batch|00,p_H,mimo,NAMED,mimo,batch,0,0.4875,0.5,0.5,0,0.0125,0.0125,0.0125,0.0125,ok,
mimo|NAMED|mimo|batch|01,p_H,mimo,NAMED,mimo,batch,1,0.4875,0.5,0.5,0,0.0125,0.0125,0.0125,0.0125,ok,
mimo|NAMED|mimo|batch|02,p_H,mimo,NAMED,mimo,batch,2,0.4875,0.5,0.5,0,0.0125,0.0125,0.0125,0.0125,ok,
mimo|NAMED|mimo|batch|03,p_H,mimo,NAMED,mimo,batch,3,0.4875,0.5,0.5,0,0.0125,0.0125,0.0125,0.0125,ok,
mimo|NAMED|mimo|batch|04,p_H,mimo,NAMED,mimo,batch,4,0.4875,0.5,0.5,0,0.0125,0.0125,0.0125,0.0125,ok,
mimo|NAMED|mimo|batch|05,p_H,mimo,NAMED,mimo,batch,5,0.4875,0.5,0.5,0,0.0125,0.0125,0.0125,0.0125,ok,
mimo|NAMED|mimo|batch|06,p_H,mimo,NAMED,mimo,batch,6,0.4875,0.5,0.5,0,0.0125,0.0125,0.0125,0.0125,ok,
mimo|NAMED|mimo|batch|07,p_H,mimo,NAMED,mimo,batch,7,0.4875,0.5,0.5,0,0.0125,0.0125,0.0125,0.0125,ok,
mimo|NAMED|mimo|batch|08,p_H,mimo,NAMED,mimo,batch,8,0.4875,0.5,0.5,0,0.0125,0.0125,0.0125,0.0125,ok,
mimo|NAMED|mimo|batch|09,p_H,mimo,NAMED,mimo,batch,9,0.4875,0.5,0.5,0,0.0125,0.0125,0.0125,0.0125,ok,
mimo|SELF|mimo|batch|00,p_H,mimo,SELF,mimo,batch,0,0.4875,0.5,0.5,0,0.0125,0.0125,0.0125,0.0125,ok,
mimo|SELF|mimo|batch|01,p_H,mimo,SELF,mimo,batch,1,0.4875,0.5,0.5,0,0.0125,0.0125,0.0125,0.0125,ok,
mimo|SELF|mimo|batch|02,p_H,mimo,SELF,mimo,batch,2,0.4875,0.5,0.5,0,0.0125,0.0125,0.0125,0.0125,ok,
mimo|SELF|mimo|batch|03,p_H,mimo,SELF,mimo,batch,3,0.4875,0.5,0.5,0,0.0125,0.0125,0.0125,0.0125,ok,
mimo|SELF|mimo|batch|04,p_H,mimo,SELF,mimo,batch,4,0.4875,0.5,0.5,0,0.0125,0.0125,0.0125,0.0125,ok,
mimo|SELF|mimo|batch|05,p_H,mimo,SELF,mimo,batch,5,0.4875,0.5,0.5,0,0.0125,0.0125,0.0125,0.0125,ok,
mimo|SELF|mimo|batch|06,p_H,mimo,SELF,mimo,batch,6,0.4875,0.5,0.5,0,0.0125,0.0125,0.0125,0.0125,ok,
mimo|SELF|mimo|batch|07,p_H,mimo,SELF,mimo,batch,7,0.4875,0.5,0.5,0,0.0125,0.0125,0.0125,0.0125,ok,
mimo|SELF|mimo|batch|08,p_H,mimo,SELF,mimo,batch,8,0.4875,0.5,0.5,0,0.0125,0.0125,0.0125,0.0125,ok,
mimo|SELF|mimo|batch|09,p_H,mimo,SELF,mimo,batch,9,0.4875,0.5,0.5,0,0.0125,0.0125,0.0125,0.0125,ok,
mimo|NAMED|mimo|history_conditioned|00,p_H,mimo,NAMED,mimo,history_conditioned,0,0.633,0.5,0.5,0,-0.133,0.133,-0.133,0.133,ok,
mimo|NAMED|mimo|history_conditioned|01,p_H,mimo,NAMED,mimo,history_conditioned,1,0.633,0.5,0.5,0,-0.133,0.133,-0.133,0.133,ok,
mimo|NAMED|mimo|history_conditioned|02,p_H,mimo,NAMED,mimo,history_conditioned,2,0.633,0.5,0.5,0,-0.133,0.133,-0.133,0.133,ok,
mimo|NAMED|mimo|history_conditioned|03,p_H,mimo,NAMED,mimo,history_conditioned,3,0.633,0.5,0.5,0,-0.133,0.133,-0.133,0.133,ok,
mimo|NAMED|mimo|history_conditioned|04,p_H,mimo,NAMED,mimo,history_conditioned,4,0.633,0.5,0.5,0,-0.133,0.133,-0.133,0.133,ok,
mimo|NAMED|mimo|history_conditioned|05,p_H,mimo,NAMED,mimo,history_conditioned,5,0.633,0.5,0.5,0,-0.133,0.133,-0.133,0.133,ok,
mimo|NAMED|mimo|history_conditioned|06,p_H,mimo,NAMED,mimo,history_conditioned,6,0.633,0.5,0.5,0,-0.133,0.133,-0.133,0.133,ok,
mimo|NAMED|mimo|history_conditioned|07,p_H,mimo,NAMED,mimo,history_conditioned,7,0.633,0.5,0.5,0,-0.133,0.133,-0.133,0.133,ok,
mimo|NAMED|mimo|history_conditioned|08,p_H,mimo,NAMED,mimo,history_conditioned,8,0.633,0.5,0.5,0,-0.133,0.133,-0.133,0.133,ok,
mimo|NAMED|mimo|history_conditioned|09,p_H,mimo,NAMED,mimo,history_conditioned,9,0.633,0.5,0.5,0,-0.133,0.133,-0.133,0.133,ok,
mimo|SELF|mimo|history_conditioned|00,p_H,mimo,SELF,mimo,history_conditioned,0,0.633,0.5,0.5,0,-0.133,0.133,-0.133,0.133,ok,
mimo|SELF|mimo|history_conditioned|01,p_H,mimo,SELF,mimo,history_conditioned,1,0.633,0.5,0.5,0,-0.133,0.133,-0.133,0.133,ok,
mimo|SELF|mimo|history_conditioned|02,p_H,mimo,SELF,mimo,history_conditioned,2,0.633,0.5,0.5,0,-0.133,0.133,-0.133,0.133,ok,
mimo|SELF|mimo|history_conditioned|03,p_H,mimo,SELF,mimo,history_conditioned,3,0.633,0.5,0.5,0,-0.133,0.133,-0.133,0.133,ok,
mimo|SELF|mimo|history_conditioned|04,p_H,mimo,SELF,mimo,history_conditioned,4,0.633,0.5,0.5,0,-0.133,0.133,-0.133,0.133,ok,
mimo|SELF|mimo|history_conditioned|05,p_H,mimo,SELF,mimo,history_conditioned,5,0.633,0.5,0.5,0,-0.133,0.133,-0.133,0.133,ok,
mimo|SELF|mimo|history_conditioned|06,p_H,mimo,SELF,mimo,history_conditioned,6,0.633,0.5,0.5,0,-0.133,0.133,-0.133,0.133,ok,
mimo|SELF|mimo|history_conditioned|07,p_H,mimo,SELF,mimo,history_conditioned,7,0.633,0.5,0.5,0,-0.133,0.133,-0.133,0.133,ok,
mimo|SELF|mimo|history_conditioned|08,p_H,mimo,SELF,mimo,history_conditioned,8,0.633,0.5,0.5,0,-0.133,0.133,-0.133,0.133,ok,
mimo|SELF|mimo|history_conditioned|09,p_H,mimo,SELF,mimo,history_conditioned,9,0.633,0.5,0.5,0,-0.133,0.133,-0.133,0.133,ok,
mimo|NAMED|mimo|independent_calls|00,p_H,mimo,NAMED,mimo,independent_calls,0,0.86,0.5,0.5,0,-0.36,0.36,-0.36,0.36,ok,
mimo|NAMED|mimo|independent_calls|01,p_H,mimo,NAMED,mimo,independent_calls,1,0.86,0.5,0.5,0,-0.36,0.36,-0.36,0.36,ok,
mimo|NAMED|mimo|independent_calls|02,p_H,mimo,NAMED,mimo,independent_calls,2,0.86,0.5,0.5,0,-0.36,0.36,-0.36,0.36,ok,
mimo|NAMED|mimo|independent_calls|03,p_H,mimo,NAMED,mimo,independent_calls,3,0.86,0.5,0.5,0,-0.36,0.36,-0.36,0.36,ok,
mimo|NAMED|mimo|independent_calls|04,p_H,mimo,NAMED,mimo,independent_calls,4,0.86,0.5,0.5,0,-0.36,0.36,-0.36,0.36,ok,
mimo|NAMED|mimo|independent_calls|05,p_H,mimo,NAMED,mimo,independent_calls,5,0.86,0.5,0.5,0,-0.36,0.36,-0.36,0.36,ok,
mimo|NAMED|mimo|independent_calls|06,p_H,mimo,NAMED,mimo,independent_calls,6,0.86,0.5,0.5,0,-0.36,0.36,-0.36,0.36,ok,
mimo|NAMED|mimo|independent_calls|07,p_H,mimo,NAMED,mimo,independent_calls,7,0.86,0.5,0.5,0,-0.36,0.36,-0.36,0.36,ok,
mimo|NAMED|mimo|independent_calls|08,p_H,mimo,NAMED,mimo,independent_calls,8,0.86,0.5,0.5,0,-0.36,0.36,-0.36,0.36,ok,
mimo|NAMED|mimo|independent_calls|09,p_H,mimo,NAMED,mimo,independent_calls,9,0.86,0.5,0.5,0,-0.36,0.36,-0.36,0.36,ok,
mimo|SELF|mimo|independent_calls|00,p_H,mimo,SELF,mimo,independent_calls,0,0.86,0.5,0.5,0,-0.36,0.36,-0.36,0.36,ok,
mimo|SELF|mimo|independent_calls|01,p_H,mimo,SELF,mimo,independent_calls,1,0.86,0.5,0.5,0,-0.36,0.36,-0.36,0.36,ok,
mimo|SELF|mimo|independent_calls|02,p_H,mimo,SELF,mimo,independent_calls,2,0.86,0.5,0.5,0,-0.36,0.36,-0.36,0.36,ok,
mimo|SELF|mimo|independent_calls|03,p_H,mimo,SELF,mimo,independent_calls,3,0.86,0.5,0.5,0,-0.36,0.36,-0.36,0.36,ok,
mimo|SELF|mimo|independent_calls|04,p_H,mimo,SELF,mimo,independent_calls,4,0.86,0.5,0.5,0,-0.36,0.36,-0.36,0.36,ok,
mimo|SELF|mimo|independent_calls|05,p_H,mimo,SELF,mimo,independent_calls,5,0.86,0.5,0.5,0,-0.36,0.36,-0.36,0.36,ok,
mimo|SELF|mimo|independent_calls|06,p_H,mimo,SELF,mimo,independent_calls,6,0.86,0.5,0.5,0,-0.36,0.36,-0.36,0.36,ok,
mimo|SELF|mimo|independent_calls|07,p_H,mimo,SELF,mimo,independent_calls,7,0.86,0.5,0.5,0,-0.36,0.36,-0.36,0.36,ok,
mimo|SELF|mimo|independent_calls|08,p_H,mimo,SELF,mimo,independent_calls,8,0.86,0.5,0.5,0,-0.36,0.36,-0.36,0.36,ok,
mimo|SELF|mimo|independent_calls|09,p_H,mimo,SELF,mimo,independent_calls,9,0.86,0.5,0.5,0,-0.36,0.36,-0.36,0.36,ok,
